t;a1;a2;a3;a4
0.000;10.000000;0.000000;10.000000;0.000000
0.001;10.211084;0.092150;10.118934;0.067374
0.002;10.586789;0.314403;10.272386;0.224879
0.003;10.667399;0.532720;10.134680;0.364797
0.004;10.356252;0.602325;9.753927;0.379465
0.005;10.061998;0.443670;9.618328;0.228846
0.006;10.215877;0.087806;10.128071;-0.023411
0.007;10.699324;-0.332545;11.031869;-0.227324
0.008;10.883279;-0.644191;11.527470;-0.213634
0.009;10.333673;-0.719152;11.052826;0.118491
0.010;9.443051;-0.543495;9.986546;0.735029
0.011;9.204655;-0.233546;9.438200;1.457521
0.012;10.202298;0.013231;10.189068;2.022068
0.013;11.806307;0.014663;11.791643;2.187292
0.014;12.528847;-0.294931;12.823778;1.846703
0.015;11.399665;-0.807945;12.207610;1.094311
0.016;9.101746;-1.264384;10.366130;0.208451
0.017;7.644625;-1.351087;8.995712;-0.447889
0.018;8.666810;-0.843740;9.510550;-0.574988
0.019;11.851815;0.267490;11.584325;-0.072705
0.020;15.004616;1.727444;13.277171;0.895030
0.021;15.865078;3.072946;12.792132;1.942068
0.022;14.056915;3.786639;10.270276;2.600062
0.023;11.334174;3.494625;7.839550;2.505970
0.024;9.837132;2.131145;7.705987;1.562172
0.025;9.999653;0.000000;9.999653;0.000000
0.026;10.174892;-2.301319;12.476211;-1.687291
0.027;8.442577;-4.075895;12.518472;-2.924218
0.028;4.885761;-4.772165;9.657926;-3.279562
0.029;2.005780;-4.186848;6.192628;-2.649958
0.030;2.616742;-2.545019;5.161761;-1.322585
0.031;7.040937;-0.421010;7.461947;0.116510
0.032;12.320158;1.474603;10.845555;1.000987
0.033;14.455250;2.562348;11.892903;0.848842
0.034;11.848904;2.611299;9.237606;-0.431176
0.035;6.826160;1.818654;5.007506;-2.478031
0.036;3.703798;0.716101;2.987697;-4.594728
0.037;5.024236;-0.063323;5.087559;-6.005543
0.038;9.348518;-0.065918;9.414436;-6.158629
0.039;12.658830;0.769710;11.889120;-4.955319
0.040;12.097422;2.059885;10.037537;-2.810919
0.041;8.550132;3.114231;5.435901;-0.514528
0.042;5.621986;3.218767;2.403218;1.065888
0.043;5.967192;1.955077;4.012115;1.323111
0.044;8.529479;-0.574576;9.104055;0.162183
0.045;9.487084;-3.716085;13.203169;-1.939830
0.046;6.175134;-6.454090;12.629224;-4.097767
0.047;0.263087;-7.764872;8.027959;-5.350619
0.048;-3.071405;-7.003952;3.932546;-5.037736
0.049;0.431183;-4.179607;4.610789;-3.072279
0.050;9.998611;0.000000;9.998611;0.000000
0.051;19.924311;4.336246;15.588065;3.188127
0.052;24.066355;7.538708;16.527647;5.424991
0.053;20.870832;8.670547;12.200285;5.979767
0.054;14.428551;7.475418;6.953133;4.753201
0.055;10.610463;4.461127;6.149336;2.335702
0.056;11.824968;0.705102;11.119866;-0.202742
0.057;15.212519;-2.547667;17.760186;-1.717543
0.058;15.880699;-4.342793;20.223492;-1.437130
0.059;12.027556;-4.355714;16.383270;0.720748
0.060;6.973484;-2.980930;9.954414;4.092106
0.061;6.024620;-1.136332;7.160952;7.499718
0.062;11.071417;0.140594;10.930823;9.693955
0.063;18.172354;0.144197;18.028156;9.835596
0.064;20.737499;-1.182831;21.920330;7.833350
0.065;15.640893;-3.200528;18.841421;4.400105
0.066;6.601744;-4.818913;11.420657;0.797868
0.067;1.431007;-4.951517;6.382524;-1.637948
0.068;5.323970;-2.998709;8.322680;-2.015583
0.069;16.156945;0.834920;15.322025;-0.245000
0.070;26.110966;5.527170;20.583795;2.906800
0.071;28.262807;9.552376;18.710431;6.092769
0.072;22.244951;11.418459;10.826491;7.895988
0.073;13.922033;10.230254;3.691779;7.380499
0.074;9.551750;6.063742;3.488008;4.469572
0.075;9.996875;0.000000;9.996875;0.000000
0.076;10.451855;-6.207683;16.659538;-4.576678
0.077;5.881724;-10.721391;16.603115;-7.738534
0.078;-3.144157;-12.249316;9.105159;-8.477664
0.079;-10.062178;-10.487108;0.424930;-6.698748
0.080;-8.114841;-6.204640;-1.910201;-3.272803
0.081;2.916221;-0.944556;3.860778;0.282499
0.082;15.515434;3.554641;11.960793;2.380255
0.083;20.339873;5.993128;14.346745;1.981179
0.084;14.184978;5.961380;8.223599;-0.988529
0.085;2.826240;4.038041;-1.211801;-5.584626
0.086;-3.975966;1.499610;-5.475576;-10.185773
0.087;-0.927815;-0.241392;-0.686423;-13.104182
0.088;8.457687;-0.245865;8.703552;-13.235034
0.089;15.463432;1.539617;13.923816;-10.493992
0.090;14.269103;4.237488;10.031615;-5.869165
0.091;7.011788;6.387268;0.624519;-1.059775
0.092;1.186702;6.556799;-5.370097;2.166701
0.093;2.009386;3.977500;-1.968114;2.655593
0.094;7.148776;-1.052818;8.201594;0.321538
0.095;9.025096;-7.172865;16.197961;-3.800400
0.096;2.642120;-12.386102;15.028222;-7.936282
0.097;-8.537766;-14.767896;6.230130;-10.247929
0.098;-14.617292;-13.191181;-1.426112;-9.545095
0.099;-7.832826;-7.793737;-0.039088;-5.760519
0.100;9.994446;0.000000;9.994446;0.000000
0.101;28.123183;7.925770;20.197414;5.859387
0.102;35.445874;13.641427;21.804447;9.875590
0.103;29.483415;15.528672;13.954743;10.784864
0.104;17.856123;13.239858;4.616265;8.495650
0.105;11.043016;7.787411;3.255604;4.138250
0.106;13.128949;1.143509;11.985439;-0.356153
0.107;18.958558;-4.498339;23.456896;-2.992216
0.108;20.057881;-7.520572;27.578453;-2.483532
0.109;13.472124;-7.436771;20.908895;1.235770
0.110;4.973961;-4.997217;9.971178;6.962577
0.111;3.480210;-1.810911;5.291121;12.665478
0.112;11.962846;0.362387;11.600459;16.252219
0.113;23.684716;0.367603;23.317112;16.372904
0.114;27.766746;-1.844997;29.611743;12.949749
0.115;19.282339;-5.177904;24.460243;7.225008
0.116;4.520233;-7.827636;12.347869;1.301481
0.117;-3.816737;-8.041700;4.224963;-2.654640
0.118;2.464931;-4.894226;7.359157;-3.246161
0.119;19.723842;1.232238;18.491604;-0.392158
0.120;35.409930;8.664570;26.745359;4.624855
0.121;38.672572;14.972472;23.700100;9.637033
0.122;29.140579;17.832484;11.308095;12.417588
0.123;16.122243;15.903367;0.218876;11.541791
0.124;9.329938;9.379196;-0.049259;6.951251
0.125;9.991323;0.000000;9.991323;0.000000
0.126;10.660127;-9.500064;20.160191;-7.042356
0.127;3.699200;-16.315294;20.014494;-11.846339
0.128;-9.907044;-18.527642;8.620598;-12.912367
0.129;-20.188900;-15.750538;-4.438361;-10.152484
0.130;-17.091938;-9.220553;-7.871385;-4.936181
0.131;-0.500067;-1.305780;0.805713;0.424056
0.132;18.237032;5.381490;12.855542;3.556355
0.133;25.291715;8.931983;16.359732;2.946596
0.134;16.117424;8.789888;7.327536;-1.463659
0.135;-0.605700;5.865237;-6.470938;-8.232578
0.136;-10.540159;2.074844;-12.615003;-14.950757
0.137;-6.073543;-0.500550;-5.572993;-19.153219
0.138;7.551279;-0.506394;8.057673;-19.264326
0.139;17.681141;2.103539;15.577602;-15.212468
0.140;16.006872;6.028469;9.978403;-8.474182
0.141;5.699344;9.147888;-3.448544;-1.524154
0.142;-2.505308;9.412950;-11.918258;3.104125
0.143;-1.259809;5.751579;-7.011388;3.790147
0.144;6.034250;-1.376847;7.411097;0.457204
0.145;8.658920;-10.012974;18.671894;-5.384169
0.146;-0.319190;-17.327663;17.008473;-11.203289
0.147;-15.924131;-20.630398;4.706268;-14.415521
0.148;-24.303432;-18.382489;-5.920943;-13.380315
0.149;-14.764134;-10.829174;-3.934960;-8.047574
0.150;9.987508;0.000000;9.987508;0.000000
0.151;34.990724;10.939578;24.051145;8.131368
0.152;44.979335;18.758520;26.220815;13.660423
0.153;36.697905;21.264140;15.433766;14.870595
0.154;20.718529;18.035010;2.683519;11.677376
0.155;11.377577;10.514476;0.863101;5.670512
0.156;14.171040;1.434897;12.736144;-0.486541
0.157;22.037080;-6.206737;28.243817;-4.075449
0.158;23.517853;-10.233871;33.751724;-3.372653
0.159;14.694776;-10.028281;24.723057;1.673319
0.160;3.376854;-6.648454;10.025307;9.400900
0.161;1.477373;-2.295675;3.773049;17.052907
0.162;12.854173;0.653126;12.201047;21.821540
0.163;28.428493;0.659492;27.769000;21.923628
0.164;33.745308;-2.319469;36.064778;17.293373
0.165;22.387718;-6.795451;29.183169;9.622892
0.166;2.802715;-10.355452;13.158167;1.728903
0.167;-8.214754;-10.676940;2.462186;-3.517394
0.168;0.035777;-6.552164;6.587941;-4.290263
0.169;22.648865;1.490025;21.158840;-0.516999
0.170;43.127168;11.228089;31.899079;6.082134
0.171;47.339248;19.466888;27.872360;12.642882
0.172;34.900710;23.178754;11.721956;16.251733
0.173;17.979510;20.643320;-2.663810;15.069881
0.174;9.161665;12.152205;-2.990540;9.054989
0.175;9.983001;0.000000;9.983001;0.000000
0.176;10.809692;-12.252808;23.062500;-9.131900
0.177;1.850719;-20.985737;22.836456;-15.326979
0.178;-15.557581;-23.755035;8.197454;-16.669423
0.179;-28.614597;-20.108187;-8.506409;-13.078024
0.180;-24.534779;-11.678936;-12.855843;-6.344954
0.181;-3.301376;-1.534112;-1.767264;0.543926
0.182;20.537312;6.976638;13.560675;4.552128
0.183;29.422700;11.432418;17.990281;3.763863
0.184;17.698340;11.159072;6.539268;-1.865815
0.185;-3.530864;7.352816;-10.883680;-10.473483
0.186;-16.111739;2.477352;-18.589091;-18.982629
0.187;-10.494393;-0.817614;-9.676780;-24.270780
0.188;6.649209;-0.824408;7.473617;-24.364378
0.189;19.398940;2.496698;16.902242;-19.203095
0.190;17.373038;7.484723;9.888315;-10.677012
0.191;4.587204;11.457336;-6.870132;-1.916776
0.192;-5.548844;11.839737;-17.388581;3.896566
0.193;-3.931343;7.298501;-11.229843;4.749076
0.194;5.147007;-1.574893;6.721899;0.571851
0.195;8.372724;-12.319296;20.692020;-6.722343
0.196;-2.780571;-21.404444;18.623873;-13.963231
0.197;-22.069632;-25.493663;3.424031;-17.935696
0.198;-32.357644;-22.699776;-9.657868;-16.619219
0.199;-20.526150;-13.356336;-7.169814;-9.978709
0.200;9.977802;0.000000;9.977802;0.000000
0.201;40.689580;13.447760;27.241820;10.049141
0.202;52.892419;23.010730;29.881689;16.854659
0.203;42.685478;26.016208;16.669270;18.318200
0.204;23.086162;21.984088;1.102074;14.361717
0.205;11.629506;12.723071;-1.093566;6.963023
0.206;14.988873;1.606426;13.382447;-0.596510
0.207;24.535869;-7.693666;32.229536;-4.988882
0.208;26.351779;-12.533494;38.885273;-4.122273
0.209;15.720164;-12.188982;27.909146;2.042154
0.210;2.123196;-7.983900;10.107096;11.455954
0.211;-0.065652;-2.623523;2.557871;20.750057
0.212;13.727623;0.991748;12.735874;26.513822
0.213;32.481347;0.998885;31.482463;26.599429
0.214;38.789183;-2.638840;41.428023;20.951704
0.215;25.014661;-8.101789;33.116450;11.642108
0.216;1.401136;-12.460152;13.861288;2.088766
0.217;-11.866452;-12.907101;1.040649;-4.243648
0.218;-2.012015;-7.993028;5.981012;-5.169018
0.219;25.016829;1.634325;23.382504;-0.622051
0.220;49.462463;13.295380;36.167083;7.308198
0.221;54.479977;23.153772;31.326204;15.171363
0.222;39.664666;27.590292;12.074374;19.476385
0.223;19.533692;24.564969;-5.031278;18.036595
0.224;9.038172;14.449147;-5.410975;10.823669
0.225;9.971915;0.000000;9.971915;0.000000
0.226;10.909277;-14.531980;25.441257;-10.888005
0.227;0.296803;-24.846487;25.143289;-18.251658
0.228;-20.233099;-28.062608;7.829508;-19.825785
0.229;-35.552249;-23.675888;-11.876360;-15.535362
0.230;-30.638312;-13.655441;-16.982871;-7.528049
0.231;-5.569940;-1.654603;-3.915337;0.644576
0.232;22.463398;8.360213;14.103185;5.388070
0.233;32.832464;13.542667;19.289797;4.449822
0.234;18.973660;13.124352;5.849308;-2.203293
0.235;-6.004584;8.546927;-14.551510;-12.353639
0.236;-20.801473;2.737561;-23.539034;-22.364792
0.237;-14.264653;-1.173482;-13.091171;-28.562863
0.238;5.767151;-1.180883;6.948033;-28.640954
0.239;20.692393;2.749237;17.943156;-22.548736
0.240;18.421896;8.651801;9.770095;-12.523451
0.241;3.652349;13.370137;-9.717788;-2.245813
0.242;-8.027745;13.884498;-21.912243;4.560542
0.243;-6.085293;8.638100;-14.723392;5.552392
0.244;4.453215;-1.670970;6.124185;0.667874
0.245;8.152965;-14.164571;22.317537;-7.842921
0.246;-4.805505;-24.727503;19.921999;-16.273931
0.247;-27.128384;-29.482918;2.354534;-20.882297
0.248;-38.982257;-26.251250;-12.731007;-19.329838
0.249;-25.264010;-15.437782;-9.826228;-11.594541
0.250;9.965338;0.000000;9.965338;0.000000
0.251;45.364217;15.512577;29.851640;11.653144
0.252;59.385556;26.505239;32.880317;19.525738
0.253;47.598072;29.908302;17.689770;21.200564
0.254;25.021281;25.195970;-0.174689;16.605496
0.255;11.811944;14.484060;-2.672116;8.043182
0.256;15.615175;1.681188;13.933988;-0.688392
0.257;26.532207;-8.978589;35.510796;-5.751927
0.258;28.640270;-14.465225;43.105495;-4.748345
0.259;16.570454;-13.971161;30.541614;2.350136
0.260;1.161636;-9.046783;10.208419;13.171586
0.261;-1.219848;-2.822582;1.602733;23.835920
0.262;14.569329;1.360967;13.208361;30.429453
0.263;35.914086;1.368562;34.545524;30.500478
0.264;43.002833;-2.830973;45.833806;24.003219
0.265;27.215249;-9.139583;36.354832;13.326031
0.266;0.273151;-14.193173;14.466324;2.388808
0.267;-14.863840;-14.777116;-0.086723;-4.849046
0.268;-3.722088;-9.235990;5.513903;-5.901380
0.269;26.902340;1.687263;25.215077;-0.709583
0.270;54.592587;14.934574;39.658013;8.329563
0.271;60.287202;26.137506;34.149696;17.277235
0.272;43.556098;31.184975;12.371123;22.161477
0.273;20.820313;27.770250;-6.949937;20.506359
0.274;8.951822;16.328973;-7.377151;12.295751
0.275;9.958074;0.000000;9.958074;0.000000
0.276;10.966495;-16.396251;27.362747;-12.348966
0.277;-0.997730;-27.998507;27.000778;-20.684245
0.278;-24.055468;-31.566533;7.511065;-22.450478
0.279;-41.190587;-26.555967;-14.634620;-17.578311
0.280;-35.575002;-15.216433;-20.358569;-8.511409
0.281;-7.378077;-1.688520;-5.689557;0.728214
0.282;24.057666;9.551022;14.506644;6.082566
0.283;35.609649;15.306183;20.303466;5.019581
0.284;19.983855;14.735049;5.248806;-2.483538
0.285;-8.076848;9.488048;-17.564895;-13.914570
0.286;-24.709079;2.881458;-27.590537;-25.172048
0.287;-17.452011;-1.552541;-15.899470;-32.124528
0.288;4.917209;-1.560267;6.477476;-32.188912
0.289;21.627059;2.886895;18.740165;-25.323703
0.290;19.200701;9.569651;9.631049;-14.054573
0.291;2.874099;14.934810;-12.060711;-2.518594
0.292;-10.016104;15.589877;-25.605981;5.110865
0.293;-7.792113;9.788895;-17.581008;6.218044
0.294;3.923480;-1.685445;5.608925;0.747423
0.295;7.988072;-15.612598;23.600670;-8.771012
0.296;-6.450107;-27.394929;20.944822;-18.187239
0.297;-31.237115;-32.709104;1.471988;-23.321542
0.298;-44.356859;-29.132922;-15.223937;-21.573177
0.299;-29.106547;-17.129060;-11.977487;-12.931488
0.300;9.950125;0.000000;9.950125;0.000000
0.301;49.142874;17.189313;31.953561;12.979639
0.302;64.636647;29.337139;35.299507;21.734136
0.303;51.570479;33.049755;18.520723;23.583043
0.304;26.578926;27.766809;-1.187883;18.459666
0.305;11.936124;15.859581;-3.923458;8.935554
0.306;16.078384;1.678750;14.399634;-0.764281
0.307;28.094077;-10.079663;38.173741;-6.381990
0.308;30.454559;-16.070301;46.524860;-5.265173
0.309;17.265562;-15.421334;32.686896;2.604311
0.310;0.447508;-9.875003;10.322511;14.587113
0.311;-2.046750;-2.916843;0.870093;26.381322
0.312;15.368711;1.746710;13.622001;33.658440
0.313;38.791199;1.754511;37.036688;33.716585
0.314;46.480273;-2.919628;49.399901;26.518280
0.315;29.036520;-9.946234;38.982754;14.713549
0.316;-0.618526;-15.600278;14.981752;2.635970
0.317;-17.288736;-16.327450;-0.961286;-5.347611
0.318;-5.133660;-10.298930;5.165269;-6.504340
0.319;28.370973;1.667573;26.703399;-0.781629
0.320;58.673850;16.205395;42.468454;9.170001
0.321;64.931375;28.510249;36.421127;19.009589
0.322;46.684687;34.067196;12.617491;24.369703
0.323;21.871031;30.349578;-8.478547;22.536932
0.324;8.895974;17.844016;-8.948043;13.505718
0.325;9.941491;0.000000;9.941491;0.000000
0.326;10.987974;-17.897706;28.885680;-13.549113
0.327;-2.064222;-30.531349;28.467127;-22.681994
0.328;-27.132775;-34.369690;7.236915;-24.605376
0.329;-45.696755;-28.838762;-16.857993;-19.255110
0.330;-39.497325;-16.420079;-23.077246;-9.318293
0.331;-8.789332;-1.653853;-7.135478;0.796822
0.332;25.358201;10.566587;14.791614;6.652094
0.333;37.833070;16.762093;21.070977;5.486680
0.334;20.764558;16.035031;4.729526;-2.713221
0.335;-9.792778;10.211657;-20.004435;-15.193495
0.336;-27.924266;2.931178;-30.855445;-27.471450
0.337;-20.118085;-1.942138;-18.175947;-35.040987
0.338;4.108497;-1.949964;6.058461;-35.093274
0.339;22.259731;2.931593;19.328139;-27.594609
0.340;19.750529;10.273286;9.477243;-15.307193
0.341;2.233886;16.194509;-13.960623;-2.741690
0.342;-11.579356;16.994264;-28.573619;5.560812
0.343;-9.113739;10.768135;-19.881874;6.762117
0.344;3.532292;-1.635537;5.167829;0.812422
0.345;7.868179;-16.719279;24.587458;-9.529119
0.346;-7.763964;-29.493300;21.729336;-19.749629
0.347;-34.517053;-35.270440;0.753387;-25.312782
0.348;-48.640760;-31.429926;-17.210834;-23.403912
0.349;-32.168053;-18.479465;-13.688588;-14.022193
0.350;9.932175;0.000000;9.932175;0.000000
0.351;52.139319;18.527027;33.612292;14.061123
0.352;68.803501;31.590751;37.212750;23.534051
0.353;54.722210;35.537360;19.184850;25.524210
0.354;27.807732;29.781466;-1.973734;19.969891
0.355;12.011623;16.904074;-4.892450;9.662155
0.356;16.403176;1.615642;14.787534;-0.826052
0.357;29.281236;-11.013792;40.295028;-6.894671
0.358;31.857542;-17.385840;49.243382;-5.685574
0.359;17.823372;-16.580867;34.404238;2.810995
0.360;-0.057984;-10.501760;10.443776;15.737768
0.361;-2.599622;-2.926715;0.327093;28.449729
0.362;16.117936;2.137631;13.980305;36.281442
0.363;41.171365;2.145437;39.025928;36.328230
0.364;49.306052;-2.925016;52.231068;28.559938
0.365;30.520918;-10.554508;41.075426;15.839510
0.366;-1.306696;-16.722153;15.415457;2.836470
0.367;-19.213846;-17.594520;-1.619326;-5.751912
0.368;-6.281955;-11.198478;4.916522;-6.993125
0.369;29.480320;1.591067;27.889253;-0.840012
0.370;61.844375;17.160158;44.684217;9.850814
0.371;68.563375;30.353320;38.210055;20.412415
0.372;49.147670;36.329356;12.818314;26.157237
0.373;22.714051;32.383105;-9.669055;24.180066
0.374;8.864865;19.040704;-10.175839;14.484464
0.375;9.922179;0.000000;9.922179;0.000000
0.376;10.979469;-19.082548;30.062017;-14.519206
0.377;-2.930591;-32.524395;29.593803;-24.296202
0.378;-29.560829;-36.563131;7.002302;-26.345917
0.379;-49.218676;-30.603974;-18.614702;-20.608979
0.380;-42.539991;-17.317318;-25.222673;-9.969536
0.381;-9.859495;-1.565776;-8.293720;0.852176
0.382;26.399204;11.423202;14.976001;7.111418
0.383;39.572755;17.945602;21.627153;5.863251
0.384;21.347113;17.063295;4.283818;-2.898318
0.385;-11.193075;10.748820;-21.941895;-16.223762
0.386;-30.527684;2.905522;-33.433206;-29.323064
0.387;-22.318902;-2.332131;-19.986771;-37.388577
0.388;3.347636;-2.339876;5.687512;-37.430209
0.389;22.639527;2.901947;19.737580;-29.421126
0.390;20.107040;10.793359;9.313680;-16.314290
0.391;1.715054;17.187591;-15.472537;-2.920986
0.392;-12.775235;18.132201;-30.907436;5.922277
0.393;-10.104566;11.591849;-21.696415;7.199021
0.394;3.257541;-1.535749;4.793290;0.864597
0.395;7.784889;-17.533556;25.318446;-10.137402
0.396;-8.790861;-31.098980;22.308120;-21.002730
0.397;-37.075619;-37.253836;0.178217;-26.909178
0.398;-51.975186;-33.217714;-18.757472;-24.871021
0.399;-34.549849;-19.532717;-15.017132;-14.895892
0.400;9.911505;0.000000;9.911505;0.000000
0.401;54.454417;19.569230;34.885187;14.926706
0.402;72.026017;33.340795;38.685222;24.974027
0.403;57.159165;37.456753;19.702412;27.076526
0.404;28.750652;31.314782;-2.564130;21.177071
0.405;12.046602;17.665190;-5.618588;10.242702
0.406;16.610941;1.505774;15.105168;-0.875385
0.407;30.146159;-11.796671;41.942830;-7.303941
0.408;32.904709;-18.445229;51.349938;-6.021029
0.409;18.259930;-17.486516;35.746446;2.975842
0.410;-0.388492;-10.956116;10.567624;16.655104
0.411;-2.924485;-2.869505;-0.054980;30.097985
0.412;16.811459;2.524696;14.286762;38.370694
0.413;43.107921;2.532347;40.575574;38.407490
0.414;51.556156;-2.864271;54.420427;30.184659
0.415;31.706714;-10.993077;42.699790;16.735120
0.416;-1.820191;-17.594952;15.774762;2.995878
0.417;-20.703732;-18.611082;-2.092650;-6.073201
0.418;-7.198577;-11.950072;4.751495;-7.381370
0.419;30.280918;1.471033;28.809885;-0.886364
0.420;64.226128;17.844639;46.381489;10.391075
0.421;71.316662;31.738420;39.578242;21.525101
0.422;51.031196;38.053181;12.978014;27.574383
0.423;23.374490;33.941843;-10.567352;25.482101
0.424;8.853511;19.960198;-11.106687;15.259654
0.425;9.900155;0.000000;9.900155;0.000000
0.426;10.945968;-19.991743;30.937711;-15.286787
0.427;-3.621691;-34.047966;30.426275;-25.572802
0.428;-31.424503;-38.227387;6.802884;-27.721740
0.429;-51.887175;-31.921868;-19.965308;-21.678615
0.430;-44.821922;-17.952717;-26.869206;-10.483797
0.431;-10.637503;-1.437025;-9.200478;0.895864
0.432;27.211361;12.135980;15.075381;7.473757
0.433;40.890881;18.888369;22.002511;6.160157
0.434;21.759070;17.854485;3.904585;-3.044182
0.435;-12.314415;11.126713;-23.441128;-17.035224
0.436;-32.591776;2.820410;-35.412186;-30.780671
0.437;-24.105361;-2.714501;-21.390860;-39.235641
0.438;2.639174;-2.722025;5.361199;-39.267909
0.439;22.808852;2.813718;19.995134;-30.856676
0.440;20.301137;11.156684;9.144453;-17.105390
0.441;1.302671;17.948128;-16.645457;-3.061751
0.442;-13.654643;19.034744;-32.689386;6.205907
0.443;-10.812323;12.274899;-23.087222;7.541656
0.444;3.080094;-1.398245;4.478339;0.905491
0.445;7.731073;-18.098235;25.829309;-10.613907
0.446;-9.569443;-32.279277;22.709834;-21.983808
0.447;-39.007936;-38.736134;-0.271801;-28.158319
0.448;-54.485244;-34.563104;-19.922140;-26.018342
0.449;-36.341693;-20.327564;-16.014129;-15.578758
0.450;9.888130;0.000000;9.888130;0.000000
0.451;56.177523;20.354482;35.823041;15.602443
0.452;74.428123;34.653444;39.774680;26.097518
0.453;58.975118;38.883647;20.091470;28.286951
0.454;29.445598;32.432713;-2.987116;22.117815
0.455;12.047992;18.184598;-6.136606;10.694847
0.456;16.720192;1.360799;15.359393;-0.913784
0.457;30.734886;-12.442845;43.177731;-7.622304
0.458;33.644974;-19.278482;52.923455;-6.281814
0.459;18.589622;-18.170928;36.760550;3.103917
0.460;-0.573153;-11.263477;10.690324;17.367365
0.461;-3.061031;-2.759843;-0.301189;31.376964
0.462;17.445623;2.900818;14.544805;39.990846
0.463;44.649300;2.908189;41.741111;40.018872
0.464;53.298818;-2.751875;56.050693;31.442979
0.465;32.628387;-11.287008;43.915395;17.428308
0.466;-2.184328;-18.250783;16.066455;3.119177
0.467;-21.815682;-19.406577;-2.409105;-6.321550
0.468;-7.911862;-12.568013;4.656152;-7.681278
0.469;30.817070;1.318594;29.498476;-0.922146
0.470;65.926716;18.298855;47.627861;10.807857
0.471;73.309198;32.728717;40.580481;22.382898
0.472;52.411541;39.310910;13.100631;28.666155
0.473;23.874713;35.088655;-11.213942;26.484507
0.474;8.857613;20.638970;-11.781358;15.856045
0.475;9.875435;0.000000;9.875435;0.000000
0.476;10.891783;-20.661584;31.553367;-15.876503
0.477;-4.159640;-35.164317;31.004677;-26.552895
0.478;-32.798926;-39.433627;6.634702;-28.777261
0.479;-53.817862;-32.854341;-20.963522;-22.498647
0.480;-46.448017;-18.365223;-28.082794;-10.877768
0.481;-11.166238;-1.278251;-9.887987;0.929309
0.482;27.822189;12.718912;15.103277;7.750938
0.483;41.842610;19.618842;22.223767;6.387116
0.484;22.024621;18.439357;3.585264;-3.155599
0.485;-13.189822;11.369083;-24.558906;-17.654593
0.486;-34.181569;2.689273;-36.870841;-31.892388
0.487;-25.523650;-3.083017;-22.440633;-40.643326
0.488;1.985958;-3.090211;5.076169;-40.667384
0.489;22.804246;2.680197;20.124049;-31.949055
0.490;20.359564;11.386689;8.972875;-17.706907
0.491;0.983368;18.506368;-17.523000;-3.168698
0.492;-14.262409;19.729796;-33.992205;6.421226
0.493;-11.278843;12.831035;-24.109878;7.801563
0.494;2.983416;-1.233182;4.216598;0.936487
0.495;7.700690;-18.450713;26.151404;-10.974778
0.496;-10.133794;-33.093463;22.959669;-22.726199
0.497;-40.398169;-39.785229;-0.612940;-29.102778
0.498;-56.281672;-35.525229;-20.756443;-26.885097
0.499;-37.623037;-20.898326;-16.724710;-16.094203
0.500;9.862071;0.000000;9.862071;0.000000
0.501;57.387740;20.916938;36.470802;16.111642
0.502;76.119519;35.587252;40.532267;26.943394
0.503;60.253042;39.884932;20.368110;29.197490
0.504;29.926011;33.193335;-3.267324;22.824869
0.505;12.021675;18.498694;-6.477019;11.034374
0.506;16.746926;1.190435;15.556491;-0.942593
0.507;31.087764;-12.965765;44.053529;-7.860945
0.508;34.121412;-19.912556;54.033969;-6.477119
0.509;18.825334;-18.663076;37.488410;3.199746
0.510;-0.637155;-11.446033;10.808878;17.899809
0.511;-3.043422;-2.610046;-0.433376;32.332166
0.512;18.018329;3.260548;14.757781;41.199720
0.513;45.839437;3.267546;42.571891;41.220068
0.514;54.595263;-2.600017;57.195280;32.380093
0.515;33.316972;-11.458193;44.775165;17.944054
0.516;-2.421313;-18.718134;16.296820;3.210825
0.517;-22.600480;-20.007445;-2.593034;-6.505968
0.518;-8.447190;-13.065519;4.618329;-7.903762
0.519;31.127575;1.143010;29.984565;-0.948664
0.520;67.040996;18.557745;48.483250;11.116423
0.521;74.645161;33.379818;41.265343;23.017329
0.522;53.356191;40.166341;13.189850;29.472809
0.523;24.234620;35.879155;-11.644535;27.224368
0.524;8.873474;21.109310;-12.235836;16.295773
0.525;9.848041;0.000000;9.848041;0.000000
0.526;10.820627;-21.124204;31.944830;-16.310391
0.527;-4.564114;-35.928516;31.364401;-27.273233
0.528;-33.750552;-40.244704;6.494152;-29.552197
0.529;-55.112817;-33.455871;-21.656946;-23.100035
0.530;-47.510719;-18.588838;-28.921881;-11.166378
0.531;-11.483234;-1.098308;-10.384926;0.953782
0.532;28.256335;13.184924;15.071411;7.953537
0.533;42.476841;20.162564;22.314276;6.552818
0.534;22.164983;18.845198;3.319785;-3.236851
0.535;-13.849005;11.496660;-25.345666;-18.105752
0.536;-35.355376;2.523395;-37.878772;-32.701234
0.537;-26.615637;-3.432945;-23.182692;-41.666301
0.538;1.389440;-3.439728;4.829169;-41.683181
0.539;22.657128;2.512552;20.144575;-32.740995
0.540;20.305420;11.503821;8.801599;-18.142458
0.541;0.745181;18.889141;-18.143960;-3.246042
0.542;-14.637979;20.242409;-34.880387;6.576752
0.543;-11.540748;13.272958;-24.813706;7.989059
0.544;2.953247;-1.048990;4.002237;0.958819
0.545;7.688637;-18.623625;26.312262;-11.234447
0.546;-10.513951;-33.593691;23.079740;-23.259706
0.547;-41.320732;-40.461057;-0.859675;-29.780612
0.548;-57.462411;-36.156381;-21.306030;-27.506342
0.549;-38.464146;-21.275377;-17.188769;-16.463155
0.550;9.833349;0.000000;9.833349;0.000000
0.551;58.155032;21.286821;36.868211;16.475138
0.552;77.197227;36.193997;41.003229;27.546398
0.553;61.066300;40.519651;20.546649;29.845689
0.554;30.221370;33.647737;-3.426368;23.327503
0.555;11.972627;18.639231;-6.666604;11.275397
0.556;16.704948;1.002738;15.702210;-0.963014
0.557;31.240112;-13.377847;44.617959;-8.029862
0.558;34.371920;-20.371651;54.743570;-6.615158
0.559;18.978599;-18.988651;37.967251;3.267377
0.560;-0.602227;-11.523143;10.920916;18.275012
0.561;-2.900988;-2.430443;-0.470545;33.004258
0.562;18.528741;3.599808;14.928933;42.048995
0.563;46.718144;3.606363;43.111781;42.062638
0.564;55.500378;-2.418916;57.919294;33.036395
0.565;33.800383;-11.525723;45.326106;18.304680
0.566;-2.550604;-19.022269;16.471665;3.274805
0.567;-23.103110;-20.437416;-2.665693;-6.634502
0.568;-8.827276;-13.454785;4.627508;-8.058572
0.569;31.246371;0.951945;30.294426;-0.967085
0.570;67.652507;18.651782;49.000725;11.330416
0.571;75.416475;33.740623;41.675853;23.456562
0.572;53.924801;40.675770;13.249031;30.030315
0.573;24.471914;36.362498;-11.890584;27.734820
0.574;8.897929;21.399780;-12.501851;16.598619
0.575;9.817996;0.000000;9.817996;0.000000
0.576;10.735690;-21.408025;32.143715;-16.608142
0.577;-4.852605;-36.389233;31.536627;-27.766655
0.578;-34.338115;-40.716072;6.377957;-30.082036
0.579;-55.862085;-33.774360;-22.087725;-23.510445
0.580;-48.091415;-18.653205;-29.438209;-11.362961
0.581;-11.621306;-0.904512;-10.716794;0.970420
0.582;28.535861;13.545934;14.989926;8.091002
0.583;42.836880;20.542452;22.294428;6.665027
0.584;22.198748;19.096194;3.102555;-3.291763
0.585;-14.318663;11.527513;-25.846176;-18.410036
0.586;-36.165450;2.332217;-38.497667;-33.245644
0.587;-27.419234;-3.760805;-23.658429;-42.353404
0.588;0.849943;-3.767118;4.617061;-42.364028
0.589;22.394445;2.320120;20.074325;-33.270669
0.590;20.158616;11.525903;8.632713;-18.433139
0.591;0.577420;19.120228;-18.542808;-3.297547
0.592;-14.816014;20.595054;-35.411067;6.680091
0.593;-11.630059;13.612373;-25.242432;8.113360
0.594;2.977310;-0.852624;3.829934;0.973590
0.595;7.690614;-18.645413;26.336027;-11.405806
0.596;-10.736364;-33.825803;23.089438;-23.610948
0.597;-41.841357;-40.816483;-1.024874;-30.225814
0.598;-58.114001;-36.502758;-21.611243;-27.913392
0.599;-38.927107;-21.485573;-17.441534;-16.704308
0.600;9.801987;0.000000;9.801987;0.000000
0.601;58.541224;21.490856;37.050368;16.711538
0.602;77.746977;36.519422;41.227555;27.937562
0.603;61.479695;40.839876;20.639819;30.265081
0.604;30.357637;33.840821;-3.483184;23.651858
0.605;11.905048;18.633873;-6.728825;11.430516
0.606;16.606145;0.804341;15.801804;-0.976122
0.607;31.222810;-13.690528;44.913338;-8.137982
0.608;34.429795;-20.677465;55.107260;-6.703267
0.609;19.059732;-19.170419;38.230151;3.310423
0.610;-0.487072;-11.511667;11.024595;18.513136
0.611;-2.658851;-2.229649;-0.429202;33.429556
0.612;18.977043;3.915660;15.061383;42.584818
0.613;47.321459;3.921723;43.399735;42.592628
0.614;56.063327;-2.217091;58.280418;33.447952
0.615;34.103697;-11.506229;45.609926;18.530119
0.616;-2.589223;-19.185568;16.596345;3.314675
0.617;-23.363374;-20.717767;-2.645607;-6.714341
0.618;-9.072427;-13.747040;4.674613;-8.154418
0.619;31.203110;0.751699;30.451411;-0.978452
0.620;67.834744;18.607501;49.227243;11.462015
0.621;75.704170;33.854093;41.850077;23.725748
0.622;54.170064;40.888828;13.281236;30.370790
0.623;24.602334;36.582094;-11.979760;28.045449
0.624;8.928281;21.535627;-12.607346;16.782245
0.625;9.785324;0.000000;9.785324;0.000000
0.626;10.639704;-21.538169;32.177873;-16.787339
0.627;-5.040655;-36.589447;31.548792;-28.062478
0.628;-34.613474;-40.896612;6.283138;-30.398457
0.629;-56.145020;-33.851883;-22.293137;-23.754572
0.630;-48.261680;-18.584133;-29.677547;-11.479425
0.631;-11.609105;-0.702867;-10.906239;0.980236
0.632;28.680492;13.812914;14.867577;8.171768
0.633;42.961045;20.779050;22.181995;6.730673
0.634;22.142186;19.213767;2.928419;-3.323748
0.635;-14.622765;11.477372;-26.100136;-18.586493
0.636;-36.658563;2.123590;-38.782153;-33.559925
0.637;-27.968733;-4.064154;-23.904579;-42.748232
0.638;0.366885;-4.069958;4.436843;-42.753422
0.639;22.039254;2.110665;19.928588;-33.572150
0.640;19.936279;11.468446;8.467833;-18.597779
0.641;0.470538;19.220687;-18.750149;-3.326574
0.642;-14.826940;20.807872;-35.634812;6.738032
0.643;-11.574733;13.860048;-25.434781;8.182691
0.644;3.045058;-0.649778;3.694836;0.981785
0.645;7.703013;-18.540826;26.243839;-11.500360
0.646;-10.824306;-33.830048;23.005742;-23.803683
0.647;-42.018051;-40.898089;-1.119961;-30.468720
0.648;-58.312829;-36.605138;-21.707691;-28.134194
0.649;-39.066719;-21.552638;-17.514081;-16.834343
0.650;9.768011;0.000000;9.768011;0.000000
0.651;58.600892;21.552649;37.048243;16.837449
0.652;77.844448;36.603896;41.240552;28.144578
0.653;61.550417;40.891483;20.658934;30.485591
0.654;30.357662;33.812004;-3.454342;23.821261
0.655;11.822473;18.506689;-6.684216;11.510978
0.656;16.460735;0.600665;15.860070;-0.982873
0.657;31.062818;-13.914325;44.977143;-8.193273
0.658;34.324263;-20.849443;55.173706;-6.747993
0.659;19.077945;-19.228532;38.306477;3.332108
0.660;-0.307751;-11.426275;11.118523;18.632169
0.661;-2.338464;-2.014809;-0.323654;33.640462
0.662;19.364236;4.206112;15.158124;42.848363
0.663;47.681967;4.211653;43.470314;42.851116
0.664;56.328103;-2.001607;58.329709;33.646947
0.665;34.249423;-11.414176;45.663599;18.638156
0.666;-2.552043;-19.227841;16.675798;3.333607
0.667;-23.416455;-20.867559;-2.548896;-6.751897
0.668;-9.200777;-13.952607;4.751831;-8.199068
0.669;31.023663;0.547407;30.476257;-0.983695
0.670;67.652289;18.447979;49.204310;11.522087
0.671;75.579598;33.757929;41.821669;23.847324
0.672;54.138475;40.849223;13.289252;30.522885
0.673;24.639865;36.576239;-11.936374;28.182648
0.674;8.962239;21.539140;-12.576901;16.862405
0.675;9.750052;0.000000;9.750052;0.000000
0.676;10.534996;-21.536815;32.071810;-16.863663
0.677;-5.142062;-36.567071;31.425009;-28.186854
0.678;-34.622373;-40.829368;6.206995;-30.529720
0.679;-56.031476;-33.725357;-22.306119;-23.854447
0.680;-48.084387;-18.404059;-29.680328;-11.526389
0.681;-11.471609;-0.498253;-10.973356;0.984136
0.682;28.707847;13.995942;14.711905;8.203358
0.683;42.883199;20.890757;21.992443;6.755936
0.684;22.009513;19.216871;2.792642;-3.335852
0.685;-14.782807;11.359909;-26.142717;-18.652108
0.686;-36.876540;1.904006;-38.780546;-33.674673
0.687;-28.295115;-4.341407;-23.953708;-42.889663
0.688;-0.061030;-4.346679;4.285649;-42.890151
0.689;21.611219;1.890604;19.720615;-33.675824
0.690;19.653103;11.344931;8.308172;-18.653171
0.691;0.416023;19.209150;-18.793127;-3.336118
0.692;-14.697426;20.898900;-35.596326;6.756630
0.693;-11.399142;14.025875;-25.425016;8.204388
0.694;3.147453;-0.445072;3.592525;0.984282
0.695;7.722816;-18.331373;26.054189;-11.528369
0.696;-10.798226;-33.641726;22.843500;-23.859096
0.697;-41.901946;-40.746876;-1.155070;-30.536382
0.698;-58.126252;-36.499478;-21.626774;-28.193665
0.699;-38.931296;-21.497511;-17.433785;-16.868134
0.700;9.731450;0.000000;9.731450;0.000000
0.701;58.382163;21.493033;36.889130;16.867677
0.702;77.556372;36.483014;41.073358;28.192135
0.703;61.328884;40.714845;20.614039;30.533898
0.704;30.241532;33.595847;-3.354314;23.856510
0.705;11.727869;18.278586;-6.550717;11.526808
0.706;16.277481;0.396095;15.881386;-0.984122
0.707;30.783637;-14.058893;44.842530;-8.202836
0.708;34.080941;-20.904991;54.985932;-6.755170
0.709;19.041462;-19.180812;38.222274;3.335309
0.710;-0.078020;-11.279704;11.201684;18.648147
0.711;-1.958087;-1.791811;-0.166276;33.665861
0.712;19.691954;4.469949;15.222005;42.876333
0.713;47.829099;4.474950;43.354149;42.874720
0.714;56.334031;-1.778281;58.112312;33.662063
0.715;34.257745;-11.262121;45.519866;18.644641
0.716;-2.452041;-19.166606;16.714565;3.334431
0.717;-23.293410;-20.903853;-2.389557;-6.752885
0.718;-9.228502;-14.080959;4.852458;-8.199445
0.719;30.730569;0.343211;30.387358;-0.983642
0.720;67.161826;18.193252;48.968574;11.520315
0.721;75.105512;33.485171;41.620341;23.841288
0.722;53.871018;40.595404;13.275614;30.512133
0.723;24.596926;36.378683;-11.781758;28.169936
0.724;8.997873;21.429982;-12.432109;16.853138
0.725;9.712209;0.000000;9.712209;0.000000
0.726;10.423542;-21.423524;31.847067;-16.851089
0.727;-5.169070;-36.355513;31.186443;-28.163087
0.728;-34.405120;-40.552200;6.147080;-30.501007
0.729;-55.582864;-33.427128;-22.155737;-23.829698
0.730;-47.614690;-18.132452;-29.482237;-11.513316
0.731;-11.230559;-0.294601;-10.935958;0.982925
0.732;28.633650;14.104261;14.529389;8.192474
0.733;42.633239;20.894035;21.739204;6.746326
0.734;21.813136;19.122259;2.690876;-3.330788
0.735;-14.818049;11.186988;-26.005037;-18.622017
0.736;-36.856744;1.678793;-38.535536;-33.617148
0.737;-28.426337;-4.591684;-23.834652;-42.812337
0.738;-0.435650;-4.596412;4.160762;-42.808777
0.739;21.127060;1.665200;19.461860;-33.608763
0.740;19.321663;11.167054;8.154608;-18.614276
0.741;0.406293;19.102080;-18.695787;-3.328850
0.742;-14.450811;20.884271;-35.335082;6.741279
0.743;-11.124493;14.118920;-25.243413;8.184986
0.744;3.276770;-0.242210;3.518981;0.981863
0.745;7.747512;-18.035706;25.783217;-11.498972
0.746;-10.676082;-33.291754;22.615672;-23.796057
0.747;-41.538067;-40.398888;-1.139179;-30.452895
0.748;-57.613585;-36.217446;-21.396139;-28.114001
0.749;-38.563383;-21.338647;-17.224736;-16.818932
0.750;9.692332;0.000000;9.692332;0.000000
0.751;57.927425;21.330372;36.597053;16.815409
0.752;76.941522;36.188123;40.753399;28.102225
0.753;60.859493;40.345451;20.514042;30.433764
0.754;30.026892;33.222615;-3.195723;23.776128
0.755;11.623715;17.967688;-6.343974;11.486936
0.756;16.063877;0.194139;15.869738;-0.980630
0.757;30.405720;-14.133078;44.538798;-8.172996
0.758;33.722246;-20.859674;54.581921;-6.729997
0.759;18.957613;-19.043003;38.000616;3.322583
0.760;0.190379;-11.082999;11.273377;18.575351
0.761;-1.533208;-1.565464;0.032256;33.531475
0.762;19.962324;4.706590;15.255734;42.701412
0.763;47.789405;4.711044;43.078361;42.696050
0.764;56.116228;-1.551866;57.668093;33.518843
0.765;34.146742;-11.060950;45.207692;18.563691
0.766;-2.300514;-19.017332;16.716819;3.319664
0.767;-23.021623;-20.841903;-2.179720;-6.722395
0.768;-9.170014;-14.140771;4.970757;-8.161715
0.769;30.343430;0.142414;30.201015;-0.979031
0.770;66.413032;17.860678;48.552354;11.465324
0.771;74.337037;33.064738;41.272298;23.725441
0.772;53.403776;40.161151;13.242625;30.361268
0.773;24.484536;36.019132;-11.534596;28.028255
0.774;9.033562;21.225472;-12.191909;16.766945
0.775;9.671825;0.000000;9.671825;0.000000
0.776;10.307012;-21.215530;31.522543;-16.762059
0.777;-5.132530;-35.984175;30.851645;-28.011921
0.778;-33.997186;-40.098362;6.101177;-30.334733
0.779;-54.853108;-32.985501;-21.867608;-23.697799
0.780;-46.900904;-17.786181;-29.114723;-11.448629
0.781;-10.904844;-0.095030;-10.809813;0.977320
0.782;28.471912;14.146334;14.325578;8.145084
0.783;42.237520;20.803597;21.433923;6.706743
0.784;21.563862;18.944723;2.619139;-3.310971
0.785;-14.745718;10.968884;-25.714602;-18.509690
0.786;-36.632507;1.452283;-38.084791;-33.411615
0.787;-28.387592;-4.814673;-23.572919;-42.547084
0.788;-0.759241;-4.818855;4.059614;-42.540056
0.789;20.600935;1.438731;19.162204;-33.395060
0.790;18.952683;10.944941;8.007742;-18.494408
0.791;0.434606;18.914012;-18.479407;-3.307144
0.792;-14.107490;20.778403;-34.885893;6.696780
0.793;-10.769211;14.147481;-24.916692;8.130298
0.794;3.426429;-0.044125;3.470555;0.975224
0.795;7.775019;-17.669975;25.444994;-11.420301
0.796;-10.473616;-32.807172;22.333556;-23.631358
0.797;-40.966003;-39.885771;-1.080232;-30.239702
0.798;-56.826995;-35.786897;-21.040098;-27.914953
0.799;-38.000392;-21.092297;-16.908095;-16.698524
0.800;9.650691;0.000000;9.650691;0.000000
0.801;57.273959;21.080832;36.193128;16.692379
0.802;76.051594;35.746792;40.304802;27.894412
0.803;60.181289;39.814456;20.366833;30.206331
0.804;29.729218;32.718769;-2.989551;23.596594
0.805;11.512077;17.589684;-6.077606;11.399305
0.806;15.826318;-0.002439;15.828757;-0.973073
0.807;29.946836;-14.144973;44.091808;-8.109381
0.808;33.267767;-20.727398;53.995166;-6.677094
0.809;18.832925;-18.828996;37.661921;3.296210
0.810;0.487453;-10.845712;11.333166;18.426485
0.811;-1.076906;-1.339662;0.262756;33.260183
0.812;20.177838;4.915966;15.261872;42.352674
0.813;47.586807;4.919877;42.666930;42.344109
0.814;55.706014;-1.326202;57.032216;33.240008
0.815;33.932585;-10.820080;44.752664;18.407860
0.816;-2.107283;-18.793670;16.686387;3.291547
0.817;-22.625206;-20.695333;-1.929873;-6.664952
0.818;-9.038136;-14.139977;5.101841;-8.091361
0.819;29.879265;-0.052391;29.931656;-0.970518
0.820;65.449384;17.465273;47.984111;11.364779
0.821;73.322521;32.521903;40.800618;23.515618
0.822;52.768477;39.576100;13.192377;30.090507
0.823;24.312466;35.523698;-11.211231;27.776225
0.824;9.067963;20.940849;-11.872887;16.614940
0.825;9.628935;0.000000;9.628935;0.000000
0.826;10.186807;-20.927993;31.114801;-16.607634
0.827;-5.042054;-35.478900;30.436845;-27.751805
0.828;-33.429743;-39.497029;6.067285;-30.050833
0.829;-53.889481;-32.425205;-21.464276;-23.474288
0.830;-45.985285;-17.379825;-28.605460;-11.339818
0.831;-10.510844;0.098021;-10.608865;0.967961
0.832;28.235107;14.129896;14.105211;8.066493
0.833;41.719251;20.632582;21.086669;6.641547
0.834;21.271089;18.697303;2.573786;-3.278547
0.835;-14.581212;10.714475;-25.295687;-18.327103
0.836;-36.233536;1.227965;-37.461501;-33.079643
0.837;-28.201559;-5.010522;-23.191037;-42.121312
0.838;-1.034379;-5.014165;3.979786;-42.111331
0.839;20.044787;1.214639;18.830147;-33.056133
0.840;18.555284;10.687342;7.867942;-18.305401
0.841;0.494971;18.657759;-18.162788;-3.273113
0.842;-13.685247;20.594167;-34.279414;6.627398
0.843;-10.349261;14.119141;-24.468402;8.045494
0.844;3.590842;0.146905;3.443937;0.964984
0.845;7.803627;-17.248129;25.051756;-11.299585
0.846;-10.204613;-32.211589;22.006976;-23.379925
0.847;-40.220518;-39.235271;-0.985248;-29.915858
0.848;-55.812297;-35.232301;-20.579996;-27.614074
0.849;-37.275172;-20.772746;-16.502425;-16.517388
0.850;9.606560;0.000000;9.606560;0.000000
0.851;56.454513;20.758625;35.695889;16.509015
0.852;74.931993;35.183237;39.748756;27.586084
0.853;59.328563;39.149165;20.179397;29.870386
0.854;29.362072;32.107409;-2.745338;23.332553
0.855;11.394670;17.158115;-5.763446;11.270974
0.856;15.570243;-0.191500;15.761743;-0.962053
0.857;29.422387;-14.101966;43.524352;-8.016991
0.858;32.734590;-20.520570;53.255159;-6.600572
0.859;18.673203;-18.551031;37.224234;3.258213
0.860;0.804737;-10.576092;11.380829;18.212834
0.861;-0.600173;-1.117518;0.517345;32.872315
0.862;20.341249;5.098416;15.242833;41.855948
0.863;47.242830;5.101795;42.141035;41.844666
0.864;55.131289;-1.104362;56.235651;32.845740
0.865;33.629724;-10.547634;44.177359;18.188302
0.866;-1.880864;-18.507642;16.626778;3.252070
0.867;-22.125353;-20.476296;-1.649056;-6.584577
0.868;-8.844261;-14.085818;5.241557;-7.993254
0.869;29.352818;-0.239215;29.592034;-0.958687
0.870;64.308864;17.019989;47.288875;11.225495
0.871;72.104309;31.878712;40.225597;23.225883
0.872;51.992981;38.866215;13.126766;29.717806
0.873;24.089373;34.915300;-10.825927;27.430388
0.874;9.099966;20.589503;-11.489537;16.406996
0.875;9.583572;0.000000;9.583572;0.000000
0.876;10.064097;-20.574233;30.638329;-16.397642
0.877;-4.906144;-34.862368;29.956223;-27.399120
0.878;-32.730149;-38.773750;6.043601;-29.667008
0.879;-52.733361;-31.767808;-20.965553;-23.172964
0.880;-44.904727;-16.925957;-27.978770;-11.193533
0.881;-10.062731;0.282691;-10.345421;0.955413
0.882;27.934323;14.062004;13.872320;7.961411
0.883;41.098832;20.392702;20.706129;6.554609
0.884;20.942975;18.391483;2.551491;-3.235424
0.885;-14.338269;10.431417;-24.769686;-18.084891
0.886;-35.686264;1.008607;-36.694870;-32.640385
0.887;-27.888619;-5.179741;-22.708878;-41.559356
0.888;-1.263846;-5.182859;3.919013;-41.546881
0.889;19.468634;0.995653;18.472981;-32.610999
0.890;18.137186;10.401798;7.735388;-18.057763
0.891;0.582077;18.344599;-17.762521;-3.228631
0.892;-13.199564;20.343034;-33.542598;6.536922
0.893;-9.878453;14.040812;-23.919265;7.935163
0.894;3.765283;0.329152;3.436131;0.951691
0.895;7.831937;-16.782191;24.614129;-11.143241
0.896;-9.881124;-31.525585;21.644461;-23.055004
0.897;-39.332091;-38.471672;-0.860419;-29.498280
0.898;-54.609658;-34.575118;-20.034540;-27.226945
0.899;-36.416519;-20.392537;-16.023982;-16.284823
0.900;9.559975;0.000000;9.559975;0.000000
0.901;55.497802;20.376228;35.121574;16.274571
0.902;73.622535;34.518691;39.103843;27.192673
0.903;58.331383;38.373477;19.957906;29.442603
0.904;28.937318;31.408664;-2.471346;22.997002
0.905;11.272906;16.684649;-5.411743;11.108209
0.906;15.300259;-0.371435;15.671694;-0.948102
0.907;28.845695;-14.010794;42.856489;-7.900261
0.908;32.137586;-20.250245;52.387830;-6.504074
0.909;18.483604;-18.219879;36.703483;3.210386
0.910;1.135087;-10.281241;11.416328;17.944415
0.911;-0.112197;-0.901484;0.789287;32.385909
0.912;20.455489;5.254604;15.200885;41.234152
0.913;46.776818;5.257466;41.519352;41.220584
0.914;54.416873;-0.888760;55.305633;32.353950
0.915;33.251055;-10.250610;43.501665;17.914912
0.916;-1.628627;-18.169826;16.541199;3.202999
0.917;-21.540661;-20.195620;-1.345041;-6.484838
0.918;-8.598494;-13.984893;5.386398;-7.871714
0.919;28.776837;-0.416570;29.193407;-0.944055
0.920;63.024595;16.535976;46.488619;11.053513
0.921;70.719421;31.154365;39.565055;22.868711
0.922;51.101714;38.054201;13.047512;29.259096
0.923;23.822916;34.214024;-10.391108;27.005416
0.924;9.128669;20.183177;-11.054508;16.151869
0.925;9.535774;0.000000;9.535774;0.000000
0.926;9.939849;-20.165930;30.105779;-16.140796
0.927;-4.732312;-34.154452;29.422140;-26.968399
0.928;-31.922368;-37.950866;6.028497;-29.198958
0.929;-51.420899;-31.032086;-20.388813;-22.806062
0.930;-43.691375;-16.435394;-27.255982;-11.015675
0.931;-9.572735;0.457599;-10.030334;0.940178
0.932;27.579405;13.949085;13.630321;7.834016
0.933;40.394167;20.094390;20.299777;6.449359
0.934;20.586582;18.037361;2.549222;-3.183291
0.935;-14.029128;10.126294;-24.155422;-17.792482
0.936;-35.014179;0.796369;-35.810547;-32.110823
0.937;-27.467067;-5.323127;-22.143940;-40.882794
0.938;-1.450563;-5.325738;3.875175;-40.868229
0.939;18.880837;0.783899;18.096938;-32.076516
0.940;17.704898;10.094793;7.610105;-17.760811
0.941;0.691225;17.984447;-17.293222;-3.175361
0.942;-12.663881;20.035221;-32.699102;6.428710
0.943;-9.368692;13.918791;-23.287483;7.803371
0.944;3.945773;0.501347;3.444426;0.935833
0.945;7.858817;-16.282492;24.141309;-10.956957
0.946;-9.513665;-30.767062;21.253397;-22.668341
0.947;-38.327394;-37.616193;-0.711201;-29.001962
0.948;-53.254233;-33.834138;-19.420096;-26.767375
0.949;-35.449630;-19.962663;-15.486967;-16.009073
0.950;9.510973;0.000000;9.510973;0.000000
0.951;54.428962;19.944575;34.484387;15.997251
0.952;72.158074;33.771746;38.386328;26.727857
0.953;57.216071;37.508266;19.707804;28.937759
0.954;28.465321;30.640037;-2.174716;22.601457
0.955;11.147945;16.179304;-5.031359;10.916562
0.956;15.020256;-0.541073;15.561330;-0.931695
0.957;28.228256;-13.877588;42.105844;-7.763125
0.958;31.489673;-19.926262;51.415936;-6.390831
0.959;18.268700;-17.844999;36.113699;3.154321
0.960;1.472508;-9.967255;11.439764;17.630103
0.961;0.379395;-0.693453;1.072848;31.816948
0.962;20.523593;5.385441;15.138152;40.507594
0.963;46.206132;5.387806;40.818326;40.492122
0.964;53.584810;-0.681259;54.266069;31.780503
0.965;32.808066;-9.935012;42.743079;17.596458
0.966;-1.356927;-17.789512;16.432585;3.145897
0.967;-20.887422;-19.862938;-1.024484;-6.368895
0.968;-8.309785;-13.843205;5.533420;-7.730570
0.969;28.162314;-0.583386;28.745700;-0.927079
0.970;61.625402;16.022801;45.602601;10.854185
0.971;69.200156;30.365546;38.834611;22.455153
0.972;50.116052;37.159878;12.956174;28.728484
0.973;23.519869;33.437440;-9.917572;26.514303
0.974;9.153349;19.732155;-10.578806;15.857317
0.975;9.485579;0.000000;9.485579;0.000000
0.976;9.814857;-19.713315;29.528172;-15.844815
0.977;-4.527185;-33.372534;28.845348;-26.472510
0.978;-31.027359;-37.047873;6.020514;-28.660588
0.979;-49.983616;-30.234347;-19.749270;-22.384421
0.980;-42.373180;-15.917409;-26.455770;-10.811465
0.981;-9.051381;0.621768;-9.673148;0.922702
0.982;27.179077;13.796982;13.382094;7.688008
0.983;39.620941;19.746921;19.874020;6.328837
0.984;20.208013;17.643796;2.564217;-3.123646
0.985;-13.664680;9.804750;-23.469430;-17.458227
0.986;-34.238118;0.592900;-34.831018;-31.505995
0.987;-26.953295;-5.441690;-21.511605;-40.110729
0.988;-1.597518;-5.443816;3.846297;-40.094433
0.989;18.288325;0.580999;17.707326;-31.467610
0.990;17.263879;9.771885;7.491994;-17.422791
0.991;0.818260;17.586004;-16.767743;-3.114774
0.992;-12.089843;19.679808;-31.769651;6.305734
0.993;-8.830219;13.758798;-22.589017;7.653721
0.994;4.128983;0.662606;3.466377;0.917841
0.995;7.883360;-15.757884;23.641245;-10.745769
0.996;-9.111398;-29.951558;20.840160;-22.230330
0.997;-37.229724;-36.687337;-0.542388;-28.440174
0.998;-51.776728;-33.025781;-18.750947;-26.247589
0.999;-34.396505;-19.492738;-14.903767;-15.697432
1.000;9.459595;0.000000;9.459595;0.000000
1.001;53.269953;19.473230;33.796723;15.684314
1.002;70.569062;32.958644;37.610418;26.203738
1.003;56.005624;36.571731;19.433893;28.368932
1.004;27.955118;29.816716;-1.861597;22.156113
1.005;11.020733;15.650660;-4.629927;10.700944
1.006;14.733503;-0.699612;15.433116;-0.913248
1.007;27.579957;-13.707915;41.287872;-7.609061
1.008;30.802046;-19.557365;50.359411;-6.263702
1.009;18.032542;-17.434688;35.467230;3.091426
1.010;1.812002;-9.639356;11.451358;17.277747
1.011;0.868320;-0.494849;1.363169;31.179572
1.012;20.548647;5.492024;15.056623;39.694239
1.013;45.546326;5.493917;40.052409;39.677199
1.014;52.654654;-0.483257;53.137911;31.139435
1.015;32.310979;-9.605978;41.916958;17.240694
1.016;-1.071233;-17.374842;16.303609;3.082149
1.017;-20.179873;-19.486807;-0.693066;-6.239543
1.018;-7.986044;-13.666204;5.680160;-7.573208
1.019;27.518697;-0.738946;28.257644;-0.908165
1.020;60.136314;15.488648;44.647666;10.632247
1.021;67.574642;29.526717;38.047925;21.994983
1.022;49.054667;36.200509;12.854158;28.138450
1.023;23.186210;32.600887;-9.414677;25.968541
1.024;9.173438;19.245423;-10.071986;15.530198
1.025;9.433027;0.000000;9.433027;0.000000
1.026;9.689765;-19.225326;28.915091;-15.516524
1.027;-4.296604;-32.531785;28.235180;-25.922832
1.028;-30.063409;-36.081748;6.018339;-28.064190
1.029;-48.448936;-29.388725;-19.060211;-21.917622
1.030;-40.974382;-15.379933;-25.594450;-10.585523
1.031;-8.507698;0.774553;-9.282251;0.903378
1.032;26.741059;13.611001;13.130057;7.526656
1.033;38.792867;19.358533;19.434334;6.195730
1.034;19.812523;17.218552;2.593972;-3.057812
1.035;-13.254592;9.471607;-22.726199;-17.089504
1.036;-33.376537;0.399417;-33.775955;-30.839191
1.037;-26.361970;-5.536602;-20.825367;-39.260047
1.038;-1.707721;-5.538268;3.830547;-39.242337
1.039;17.696792;0.388146;17.308646;-30.797475
1.040;16.818677;9.437818;7.380859;-17.050994
1.041;0.959521;17.156887;-16.197366;-3.048169
1.042;-11.487506;19.284855;-30.772361;6.170622
1.043;-8.271805;13.566025;-21.837830;7.489394
1.044;4.312142;0.812361;3.499781;0.898095
1.045;7.904850;-15.215926;23.120776;-10.514125
1.046;-8.682283;-29.092527;20.410244;-21.750157
1.047;-36.059386;-35.701202;-0.358184;-27.824645
1.048;-50.203902;-32.164367;-18.039535;-25.678387
1.049;-33.276313;-18.991157;-14.285156;-15.356347
1.050;9.405881;0.000000;9.405881;0.000000
1.051;52.039919;18.970542;33.069377;15.342173
1.052;68.882046;32.093547;36.788498;25.631009
1.053;54.720095;35.579701;19.140394;27.747675
1.054;27.414576;28.951843;-1.537267;21.669972
1.055;10.892034;15.106036;-4.214002;10.465695
1.056;14.442731;-0.846552;15.289283;-0.893133
1.057;26.909278;-13.506826;40.416103;-7.441143
1.058;30.084376;-19.151310;49.235685;-6.125209
1.059;17.778710;-16.996206;34.774916;3.022944
1.060;2.149429;-9.301994;11.451424;16.894284
1.061;1.349452;-0.306702;1.656153;30.486269
1.062;20.533736;5.575588;14.958148;38.809952
1.063;44.811313;5.577033;39.234280;38.791642
1.064;51.643714;-0.295762;51.939476;30.443140
1.065;31.768874;-9.267888;41.036762;16.854469
1.066;-0.776231;-16.932941;16.156710;3.012975
1.067;-19.430428;-19.074817;-0.355612;-6.099250
1.068;-7.634249;-13.458833;5.824584;-7.402617
1.069;26.854089;-0.882820;27.736909;-0.887671
1.070;58.579002;14.940488;43.638514;10.391877
1.071;65.867308;28.650385;37.216923;21.496830
1.072;47.933837;35.191097;12.742739;27.500009
1.073;22.827213;31.717724;-8.890511;25.378277
1.074;9.188498;18.730819;-9.542322;15.176566
1.075;9.378161;0.000000;9.378161;0.000000
1.076;9.565090;-18.709755;28.274845;-15.161947
1.077;-4.045704;-31.645417;27.599713;-25.329409
1.078;-29.046442;-35.067242;6.020800;-27.420617
1.079;-46.840651;-28.507434;-18.333218;-21.414122
1.080;-39.515950;-14.829714;-24.686236;-10.341923
1.081;-7.949403;0.915585;-8.864988;0.882553
1.082;26.272170;13.395946;12.876224;7.352848
1.083;37.921903;18.936526;18.985378;6.052409
1.084;19.404627;16.768414;2.636213;-2.986956
1.085;-12.807434;9.130970;-21.938403;-16.692827
1.086;-32.445748;0.216780;-32.662528;-30.122138
1.087;-25.706188;-5.609149;-20.097040;-38.345647
1.088;-1.784157;-5.610381;3.826224;-38.326802
1.089;17.110876;0.206180;16.904696;-30.077750
1.090;16.373060;9.096633;7.276427;-16.651849
1.091;1.111787;16.703755;-15.591968;-2.976696
1.092;-10.865525;18.857505;-29.723030;6.025691
1.093;-7.700939;13.345172;-21.046110;7.313197
1.094;4.492962;0.950306;3.542656;0.876931
1.095;7.922732;-14.663043;22.585776;-10.265949
1.096;-8.233223;-28.201585;19.968362;-21.235922
1.097;-34.834031;-34.671760;-0.162271;-27.165716
1.098;-48.559018;-31.262355;-17.296663;-25.069293
1.099;-32.105709;-18.465232;-13.640477;-14.991501
1.100;9.349874;0.000000;9.349874;0.000000
1.101;50.755509;18.443782;32.311728;14.976485
1.102;67.120112;31.188774;35.931337;25.019100
1.103;53.376924;34.545910;18.831015;27.084172
1.104;26.850524;28.056761;-1.206237;21.150973
1.105;10.762461;14.551651;-3.789189;10.214642
1.106;14.150208;-0.981641;15.131849;-0.871674
1.107;26.223462;-13.278890;39.502352;-7.262078
1.108;29.344993;-18.714964;48.059957;-5.977580
1.109;17.510365;-16.535891;34.046256;2.949972
1.110;2.481394;-8.958950;11.440344;16.485826
1.111;1.818657;-0.129713;1.948370;29.748047
1.112;20.481907;5.637457;14.844449;37.868717
1.113;44.013522;5.638483;38.375039;37.849398
1.114;50.567287;-0.119460;50.686746;29.702543
1.115;31.189799;-8.924460;40.114260;16.443818
1.116;-0.475921;-16.470028;15.994107;2.939453
1.117;-18.649883;-18.633685;-0.016198;-5.950192
1.118;-7.260541;-13.225559;5.965018;-7.221431
1.119;26.175405;-1.014813;27.190218;-0.865911
1.120;56.972183;14.384241;42.587942;10.136759
1.121;64.099316;27.747328;36.351988;20.968296
1.122;46.767713;34.144646;12.623068;26.822866
1.123;22.447522;30.799561;-8.352039;24.752447
1.124;9.198208;18.195160;-8.996952;14.801756
1.125;9.321025;0.000000;9.321025;0.000000
1.126;9.441237;-18.173382;27.614619;-14.786391
1.127;-3.778993;-30.724907;26.945914;-24.701087
1.128;-27.990285;-34.017133;6.026848;-26.739425
1.129;-45.179352;-27.600998;-17.578354;-20.881370
1.130;-38.015962;-14.272475;-23.743487;-10.084257
1.131;-7.383064;1.044720;-8.427784;0.860532
1.132;25.778422;13.156161;12.622261;7.169123
1.133;37.018457;18.487358;18.531098;5.900961
1.134;18.988187;16.299301;2.688886;-2.912107
1.135;-12.330784;8.786316;-21.117100;-16.273930
1.136;-31.460139;0.045547;-31.505686;-29.365165
1.137;-24.997625;-5.660688;-19.336937;-37.380648
1.138;-1.829753;-5.661514;3.831761;-37.360914
1.139;16.534305;0.035644;16.498661;-29.318681
1.140;15.930116;8.751747;7.178369;-16.231018
1.141;1.272232;16.232413;-14.960181;-2.901362
1.142;-10.231325;18.404075;-28.635400;5.872982
1.143;-7.123983;13.100487;-20.224470;7.127601
1.144;4.669571;1.076347;3.593224;0.854645
1.145;7.936587;-14.104677;22.041264;-10.004697
1.146;-7.770183;-27.288727;19.518544;-20.694758
1.147;-33.568965;-33.611104;0.042139;-26.472491
1.148;-46.862240;-30.330553;-16.531687;-24.428691
1.149;-30.899127;-17.921314;-12.977812;-14.607897
1.150;9.291620;0.000000;9.291620;0.000000
1.151;49.431161;17.899264;31.531897;14.592227
1.152;65.303282;30.255011;35.048271;24.376308
1.153;51.991244;33.482239;18.509005;26.387390
1.154;26.268880;27.141228;-0.872347;20.606102
1.155;10.632499;13.992763;-3.360264;9.951151
1.156;13.857805;-1.104832;14.962636;-0.849159
1.157;25.528673;-13.028236;38.556909;-7.074252
1.158;28.591050;-18.254399;46.845449;-5.822772
1.159;17.230289;-16.059266;33.289554;2.873472
1.160;2.805140;-8.613418;11.418558;16.057749
1.161;2.272652;0.035686;2.236966;28.974589
1.162;20.396143;5.679017;14.717126;36.882834
1.163;43.164029;5.679651;37.484378;36.862737
1.164;49.438860;0.045236;49.393625;28.927252
1.165;30.580879;-8.578836;39.159714;16.014050
1.166;-0.173701;-15.991518;15.817816;2.862530
1.167;-17.847598;-18.169349;0.321751;-5.794280
1.168;-6.870312;-12.970420;6.100108;-7.031968
1.169;25.488528;-1.134923;26.623451;-0.843164
1.170;55.331963;13.824900;41.507063;9.870130
1.171;62.288944;26.826810;35.462134;20.416066
1.172;45.568570;33.072390;12.496181;26.115555
1.173;22.051219;29.856455;-7.805237;24.098912
1.174;9.202343;17.644357;-8.442014;14.410456
1.175;9.261664;0.000000;9.261664;0.000000
1.176;9.318518;-17.622085;26.940603;-14.394521
1.177;-3.500420;-29.780198;26.279778;-24.045644
1.178;-26.906910;-32.942459;6.035550;-26.029017
1.179;-43.482795;-26.678454;-16.804342;-20.325912
1.180;-36.489949;-13.713042;-22.776907;-9.815680
1.181;-6.814243;1.161995;-7.976238;0.837586
1.182;25.265102;12.895568;12.369535;6.977718
1.183;36.091553;18.016733;18.074820;5.743221
1.184;18.566495;15.816361;2.750134;-2.834168
1.185;-11.831331;8.440577;-20.271908;-15.837853
1.186;-30.432371;-0.113967;-30.318403;-28.577344
1.187;-24.246664;-5.692622;-18.554041;-36.376578
1.188;-1.847357;-5.693071;3.845714;-36.356169
1.189;15.970035;-0.123162;16.093197;-28.529273
1.190;15.492354;8.406042;7.086313;-15.793475
1.191;1.438385;15.747908;-14.309522;-2.823057
1.192;-9.591245;17.930139;-27.521385;5.714287
1.193;-6.546317;12.835802;-19.382119;6.934777
1.194;4.840456;1.190564;3.649893;0.831497
1.195;7.946106;-13.545408;21.491514;-9.733402
1.196;-7.298305;-26.362527;19.064223;-20.132926
1.197;-32.277413;-32.529664;0.252252;-25.752964
1.198;-45.130993;-29.378312;-15.752680;-23.763942
1.199;-29.669029;-17.364904;-12.304124;-14.209930
1.200;9.231163;0.000000;9.231163;0.000000
1.201;48.079357;17.342458;30.736900;14.193768
1.202;63.448869;29.301500;34.147369;23.709919
1.203;50.576139;32.398935;18.177205;25.665196
1.204;25.674755;26.213602;-0.538848;20.041492
1.205;10.502528;13.433795;-2.931267;9.678178
1.206;13.567049;-1.216238;14.783286;-0.825839
1.207;24.830130;-12.758585;37.588716;-6.879756
1.208;27.828661;-17.774968;45.603629;-5.662503
1.209;16.940929;-15.571125;32.512054;2.794292
1.210;3.118458;-8.268085;11.386543;15.614774
1.211;2.708880;0.189289;2.519591;28.174392
1.212;20.279337;5.701680;14.577657;35.863099
1.213;42.272691;5.701950;36.570741;35.842426
1.214;48.270302;0.198129;48.072174;28.125697
1.215;29.948401;-8.233652;38.182053;15.569821
1.216;0.127556;-15.502110;15.629667;2.783036
1.217;-17.031659;-17.687040;0.655381;-5.633194
1.218;-6.468281;-12.697052;6.228771;-6.836258
1.219;24.798436;-1.243301;26.041736;-0.819672
1.220;53.672152;13.266659;40.405494;9.594832
1.221;60.451922;25.896756;34.555166;19.846003
1.222;44.347019;31.984005;12.363014;25.385562
1.223;21.641884;28.897092;-7.255208;23.424562
1.224;9.200762;17.083526;-7.882763;14.006781
1.225;9.200125;0.000000;9.200125;0.000000
1.226;9.197165;-17.060948;26.258113;-13.990429
1.227;-3.213434;-28.819873;25.606438;-23.369901
1.228;-25.806647;-31.852722;6.046076;-25.296758
1.229;-41.766238;-25.747528;-16.018709;-19.753490
1.230;-34.951204;-13.155461;-21.795743;-9.538957
1.231;-6.247624;1.267594;-7.515218;0.813948
1.232;24.736849;12.617696;12.119153;6.780589
1.233;35.149000;17.529674;17.619327;5.580798
1.234;18.142344;15.324057;2.818286;-2.753932
1.235;-11.314959;8.096208;-19.411167;-15.389012
1.236;-29.373558;-0.261653;-29.111905;-27.766629
1.237;-23.462521;-5.706369;-17.756152;-35.343537
1.238;-1.839712;-5.706468;3.866756;-35.322644
1.239;15.420359;-0.270138;15.690497;-27.717415
1.240;15.061786;8.061929;6.999857;-15.343579
1.241;1.608092;15.254614;-13.646522;-2.742557
1.242;-8.950674;17.440607;-26.391281;5.551176
1.243;-5.972457;12.554568;-18.527024;6.736627
1.244;5.004412;1.293171;3.711241;0.807714
1.245;7.951078;-12.989068;20.940146;-9.454722
1.246;-6.822002;-25.430304;18.608303;-19.555914
1.247;-30.970765;-31.436407;0.465642;-25.014139
1.248;-43.380276;-28.413693;-14.966583;-23.081497
1.249;-28.426140;-16.800751;-11.625388;-13.801445
1.250;9.168554;0.000000;9.168554;0.000000
1.251;46.710852;16.778084;29.932768;13.784936
1.252;61.571787;28.336204;33.235583;23.026311
1.253;49.142892;31.304799;17.838092;24.924482
1.254;25.072549;25.281020;-0.208471;19.462512
1.255;10.372838;12.878441;-2.505603;9.398309
1.256;13.279176;-1.316104;14.595280;-0.801935
1.257;24.132226;-12.473286;36.605512;-6.680422
1.258;27.063030;-17.281382;44.344412;-5.498278
1.259;16.644430;-15.075621;31.720052;2.713173
1.260;3.419614;-7.925190;11.344805;15.161032
1.261;3.125400;0.331071;2.794330;27.354895
1.262;20.134274;5.706864;14.427410;34.818959
1.263;41.348257;5.706799;35.641458;34.797886
1.264;47.072027;0.339204;46.732824;27.305258
1.265;29.297907;-7.891110;37.189017;15.115209
1.266;0.425442;-15.005874;15.431316;2.701699
1.267;-16.209029;-17.191361;0.982332;-5.468401
1.268;-6.058568;-12.408725;6.350157;-6.636082
1.269;24.109317;-1.340219;25.449536;-0.795648
1.270;52.004540;12.713012;39.291528;9.313350
1.271;58.601735;24.963918;33.637817;19.263237
1.272;43.112201;30.887792;12.224409;24.639432
1.273;21.222655;27.928946;-6.706291;22.735427
1.274;9.193394;16.517071;-7.323677;13.594327
1.275;9.136456;0.000000;9.136456;0.000000
1.276;9.077345;-16.494351;25.571696;-13.577693
1.277;-2.921041;-27.851313;24.930272;-22.679820
1.278;-24.698377;-30.756069;6.057691;-24.549092
1.279;-40.042733;-24.814801;-15.227932;-19.169124
1.280;-33.411043;-12.603099;-20.807945;-9.256508
1.281;-5.687125;1.361814;-7.048939;0.789824
1.282;24.197723;12.325721;11.872002;6.579448
1.283;34.197523;17.030593;17.166930;5.415099
1.284;17.718090;14.826248;2.891842;-2.672091
1.285;-10.786834;7.755252;-18.542086;-14.931269
1.286;-28.293427;-0.397562;-27.895865;-26.939972
1.287;-22.653355;-5.703340;-16.950014;-34.290358
1.288;-1.809444;-5.703118;3.893674;-34.269143
1.289;14.887012;-0.405345;15.292358;-26.890002
1.290;14.639996;7.721411;6.918585;-14.885138
1.291;1.779480;14.756311;-12.976831;-2.660541
1.292;-8.314161;16.939789;-25.253949;5.385022
1.293;-5.406170;12.259882;-17.666052;6.534811
1.294;5.160493;1.384493;3.776000;0.783496
1.295;7.951370;-12.438837;20.390206;-9.170979
1.296;-6.345046;-24.498279;18.153233;-18.968513
1.297;-29.658791;-30.339008;0.680217;-24.262132
1.298;-41.622951;-27.443618;-14.179333;-22.386986
1.299;-27.179647;-16.232939;-10.946708;-13.385805
1.300;9.103839;0.000000;9.103839;0.000000
1.301;45.334874;16.210202;29.124673;13.369074
1.302;59.684835;27.365960;32.318875;22.331056
1.303;47.701187;30.207363;17.493824;24.171266
1.304;24.466040;24.349537;0.116503;18.873852
1.305;10.243649;12.329763;-2.086114;9.113806
1.306;12.995172;-1.404774;14.399946;-0.777638
1.307;23.438634;-12.175345;35.613979;-6.477848
1.308;26.298562;-16.777774;43.076335;-5.331409
1.309;16.342669;-14.576336;30.919006;2.630760
1.310;3.707274;-7.586592;11.293865;14.700128
1.311;3.520796;0.461153;3.059643;26.522590
1.312;19.963619;5.695972;14.267647;33.758660
1.313;40.398475;5.695600;34.702876;33.737340
1.314;45.853149;0.468591;45.384559;26.472371
1.315;28.634265;-7.553029;36.187295;14.653768
1.316;0.717948;-14.506315;15.224263;2.619152
1.317;-15.385670;-16.686347;1.300677;-5.301183
1.318;-5.644754;-12.108374;6.463620;-6.432990
1.319;23.424673;-1.426046;24.850719;-0.771278
1.320;50.339140;12.166850;38.172290;9.027852
1.321;56.749888;24.034018;32.715871;18.672243
1.322;41.871961;29.790838;12.081123;23.882878
1.323;20.796270;26.958419;-6.162149;22.036765
1.324;9.180226;15.948774;-6.768549;13.176232
1.325;9.070708;0.000000;9.070708;0.000000
1.326;8.959167;-15.926051;24.885218;-13.159431
1.327;-2.625852;-26.880844;24.254992;-21.980602
1.328;-23.589700;-29.659450;6.069749;-23.791634
1.329;-38.323393;-23.885840;-14.437553;-18.577188
1.330;-31.879053;-12.058732;-19.820321;-8.970441
1.331;-5.135996;1.445041;-6.581037;0.765396
1.332;23.651266;12.022485;11.628781;6.375789
1.333;33.242893;16.523360;16.719533;5.247347
1.334;17.295710;14.326255;2.969455;-2.589248
1.335;-10.251473;7.419391;-17.670864;-14.467987
1.336;-27.200463;-0.521878;-26.678585;-26.103429
1.337;-21.826369;-5.684930;-16.141439;-33.224731
1.338;-1.759053;-5.684414;3.925361;-33.203339
1.339;14.371257;-0.528974;14.900230;-26.053041
1.340;14.228207;7.386140;6.842067;-14.421471
1.341;1.950931;14.256249;-12.305318;-2.577601
1.342;-7.685524;16.431460;-24.116984;5.217019
1.343;-4.850571;11.954521;-16.805092;6.330779
1.344;5.307982;1.464935;3.843047;0.759014
1.345;7.946911;-11.897332;19.844244;-8.884196
1.346;-5.870647;-23.571707;17.701060;-18.374897
1.347;-28.349827;-29.244002;0.894175;-23.502270
1.348;-39.869989;-26.474003;-13.395986;-21.685314
1.349;-25.937381;-15.664963;-10.272418;-12.965936
1.350;9.037071;0.000000;9.037071;0.000000
1.351;43.959305;15.642285;28.317021;12.949090
1.352;57.798946;26.396610;31.402336;21.629003
1.353;46.259303;29.113035;17.146268;23.410785
1.354;23.858453;23.424268;0.434185;18.279590
1.355;10.115119;11.790274;-1.675155;8.826633
1.356;12.715808;-1.482673;14.198481;-0.753117
1.357;22.752402;-11.867451;34.619854;-6.273427
1.358;25.538961;-16.267759;41.806720;-5.163041
1.359;16.037283;-14.076346;30.113629;2.547618
1.360;3.980445;-7.253811;11.234256;14.235199
1.361;3.894091;0.579775;3.314316;25.683123
1.362;19.769910;5.670381;14.099529;32.689374
1.363;39.430192;5.669729;33.760463;32.667941
1.364;44.621617;0.586534;44.035083;25.632638
1.365;27.961740;-7.220903;35.182642;14.188593
1.366;1.003418;-14.006446;15.009864;2.535948
1.367;-14.566667;-16.175526;1.608859;-5.132654
1.368;-5.229941;-11.798623;6.568682;-6.228330
1.369;22.747407;-1.501220;24.248628;-0.746723
1.370;48.684408;11.630535;37.053873;8.740222
1.371;54.906149;23.111875;31.794274;18.076909
1.372;40.633002;28.699163;11.933839;23.120862
1.373;20.365117;25.990972;-5.625854;21.333146
1.374;9.161295;15.381863;-6.220568;12.755221
1.375;9.002933;0.000000;9.002933;0.000000
1.376;8.842695;-15.359256;24.201951;-12.738355
1.377;-2.330123;-25.913853;23.583730;-21.276764
1.378;-22.487087;-28.568767;6.081680;-23.029264
1.379;-36.617624;-22.965331;-13.652293;-17.981485
1.380;-30.363297;-11.524629;-18.838668;-8.682588
1.381;-4.596905;1.517731;-6.114636;0.740818
1.382;23.100559;11.710534;11.390025;6.170908
1.383;32.290037;16.011351;16.278686;5.078609
1.384;16.876848;13.826925;3.049923;-2.505928
1.385;-9.712816;7.089998;-16.802814;-14.002090
1.386;-26.102040;-0.634888;-25.467152;-25.262260
1.387;-20.987903;-5.652493;-15.335410;-32.153337
1.388;-1.690903;-5.651710;3.960807;-32.131892
1.389;13.873955;-0.641317;14.515271;-25.211746
1.390;13.827334;7.057459;6.769875;-13.955456
1.391;2.121052;13.757214;-11.636162;-2.494251
1.392;-7.067942;15.918916;-22.986858;5.048204
1.393;-4.308204;11.640966;-15.949170;6.125784
1.394;5.446348;1.534965;3.911383;0.734420
1.395;7.937687;-11.366683;19.304371;-8.596127
1.396;-5.401517;-22.655000;17.253483;-17.778686
1.397;-27.050950;-28.156927;1.105977;-22.739173
1.398;-38.130696;-25.509879;-12.620817;-20.980735
1.399;-24.705979;-15.099802;-9.606176;-12.544374
1.400;8.968301;0.000000;8.968301;0.000000
1.401;42.590841;15.077292;27.513550;12.527508
1.402;55.923405;25.433118;30.490287;20.924357
1.403;44.824280;28.027240;16.797040;22.647580
1.404;23.252531;22.509497;0.743034;17.683267
1.405;9.987359;11.262013;-1.274654;8.538496
1.406;12.441677;-1.550279;13.991956;-0.728515
1.407;22.076035;-11.552010;33.628045;-6.068365
1.408;24.787322;-15.754490;40.541812;-4.994162
1.409;15.729692;-13.578282;29.307974;2.464232
1.410;4.238427;-6.928081;11.166508;13.768963
1.411;4.244681;0.687266;3.557415;24.841388
1.412;19.555549;5.631426;13.924122;31.617315
1.413;38.449437;5.630520;32.818917;31.595884
1.414;43.384342;0.693370;42.690972;24.790908
1.415;27.284055;-6.895935;34.179991;13.722361
1.416;1.280501;-13.508838;14.789339;2.452564
1.417;-13.756327;-15.661974;1.905647;-4.963778
1.418;-4.816804;-11.481818;6.665014;-6.023271
1.419;22.079904;-1.566234;23.646138;-0.722122
1.420;47.047434;11.105977;35.941457;8.452092
1.421;53.078754;22.201519;30.877236;17.480603
1.422;39.401015;27.617849;11.783165;22.357682
1.423;19.931271;25.031232;-5.099961;20.628525
1.424;9.136681;14.819082;-5.682400;12.333655
1.425;8.933181;0.000000;8.933181;0.000000
1.426;8.727953;-14.796690;23.524644;-12.316811
1.427;-2.035800;-24.954907;22.919107;-20.572217
1.428;-21.396012;-27.488998;6.092986;-22.266204
1.429;-34.933331;-22.057187;-12.876144;-17.385304
1.430;-28.870509;-11.002616;-17.867893;-8.394533
1.431;-4.072017;1.580384;-5.652400;0.716225
1.432;22.548270;11.392138;11.156132;5.965924
1.433;31.343139;15.497507;15.845633;4.909804
1.434;16.462860;13.330684;3.132176;-2.422582
1.435;-9.174280;6.768176;-15.942456;-13.536102
1.436;-25.004541;-0.736961;-24.267580;-24.421014
1.437;-20.143520;-5.607342;-14.536178;-31.081952
1.438;-1.607219;-5.606318;3.999099;-31.060560
1.439;13.395636;-0.742746;14.138383;-24.370626
1.440;13.438030;6.736446;6.701584;-13.489585
1.441;2.288651;13.261578;-10.972928;-2.410935
1.442;-6.464029;15.405022;-21.869051;4.879475
1.443;-3.781121;11.321431;-15.102552;5.920913
1.444;5.575227;1.595095;3.980132;0.709843
1.445;7.923726;-10.848595;18.772321;-8.308287
1.446;-4.939932;-21.751828;16.811896;-17.183010
1.447;-25.768124;-27.082438;1.314314;-21.976834
1.448;-36.412915;-24.555496;-11.857419;-20.276924
1.449;-23.491025;-14.539977;-8.951048;-12.123312
1.450;8.897582;0.000000;8.897582;0.000000
1.451;41.235134;14.517726;26.717407;12.106507
1.452;54.066053;24.479677;29.586376;20.220750
1.453;43.402066;26.954537;16.447528;21.885573
1.454;22.650593;21.608787;1.041806;17.087937
1.455;9.860440;10.746609;-0.886170;8.250865
1.456;12.173217;-1.608113;13.781330;-0.703960
1.457;21.411565;-11.231162;32.642727;-5.863702
1.458;24.046204;-15.240706;39.286910;-4.825628
1.459;15.421131;-13.084378;28.505509;2.381025
1.460;4.480766;-6.610385;11.091151;13.303767
1.461;4.572271;0.784028;3.788243;24.001609
1.462;19.322801;5.580395;13.742406;30.547845
1.463;37.461506;5.579259;31.882247;30.526515
1.464;42.147306;0.789502;41.357804;23.951366
1.465;26.604452;-6.579089;33.183541;13.257385
1.466;1.548112;-13.015675;14.563788;2.369411
1.467;-12.958271;-15.148359;2.190088;-4.795387
1.468;-4.407635;-11.160044;6.752409;-5.818821
1.469;21.424096;-1.621616;23.045713;-0.697597
1.470;45.434114;10.594694;34.839419;8.164869
1.471;51.274601;21.306287;29.968314;16.886228
1.472;38.180807;26.551155;11.629652;21.597042
1.473;19.496526;24.083096;-4.586570;19.926312
1.474;9.106496;14.262742;-5.156246;11.913568
1.475;8.861509;0.000000;8.861509;0.000000
1.476;8.614937;-14.240651;22.855589;-11.896821
1.477;-1.744551;-24.007848;22.263297;-19.870330
1.478;-20.321076;-26.424309;6.103234;-21.506091
1.479;-33.277104;-21.164644;-12.112460;-16.791479
1.480;-27.406256;-10.494140;-16.912116;-8.107642
1.481;-3.563059;1.633536;-5.196595;0.691733
1.482;21.996701;11.069314;10.927387;5.761805
1.483;30.405729;14.984374;15.421355;4.741725
1.484;16.054853;12.839589;3.215263;-2.339603
1.485;-8.638819;6.454798;-15.093617;-13.072200
1.486;-23.913464;-0.828525;-23.084939;-23.583606
1.487;-19.298079;-5.550737;-13.747342;-30.015547
1.488;-1.510085;-5.549496;4.039411;-29.994300
1.489;12.936556;-0.833695;13.770250;-23.533560
1.490;13.060731;6.423952;6.636779;-13.025999
1.491;2.452714;12.771349;-10.318635;-2.328035
1.492;-5.875915;14.892261;-20.768176;4.711602
1.493;-3.270946;10.997881;-14.268827;5.717099
1.494;5.694387;1.645867;4.048519;0.685395
1.495;7.905090;-10.344412;18.249502;-8.021982
1.496;-4.487787;-20.865219;16.377432;-16.590558
1.497;-24.506340;-26.024421;1.518082;-21.218686
1.498;-34.723200;-23.614419;-11.108780;-19.577040
1.499;-22.297180;-13.987607;-8.309573;-11.704634
1.500;8.824969;0.000000;8.824969;0.000000
1.501;39.896918;13.965693;25.931225;11.687961
1.502;52.233456;23.539800;28.693656;19.521303
1.503;41.997650;25.898725;16.098925;21.128134
1.504;22.054588;20.725071;1.329517;16.496223
1.505;9.734402;10.245339;-0.510937;7.965006
1.506;11.910738;-1.656722;13.567460;-0.679558
1.507;20.760617;-10.906810;31.667426;-5.660332
1.508;23.317701;-14.728774;38.046476;-4.658174
1.509;15.112661;-12.596524;27.709185;2.298357
1.510;4.707214;-6.301492;11.008706;12.841624
1.511;4.876823;0.870513;4.006310;23.167409
1.512;19.073793;5.518516;13.555276;29.485568
1.513;36.471032;5.517176;30.953855;29.464423
1.514;40.915662;0.875386;40.040276;23.117604
1.515;25.925739;-6.271111;32.196850;12.795647
1.516;1.805399;-12.528800;14.334199;2.286845
1.517;-12.175519;-14.636986;2.461466;-4.628196
1.518;-4.004387;-10.835153;6.830766;-5.615843
1.519;20.781531;-1.667918;22.449449;-0.673250
1.520;43.849298;10.097866;33.751432;7.879759
1.521;49.499410;20.428916;29.070494;16.296274
1.522;36.976406;25.502617;11.473789;20.842118
1.523;19.062433;23.149818;-4.087385;19.229432
1.524;9.070880;13.714782;-4.643902;11.496703
1.525;8.787970;0.000000;8.787970;0.000000
1.526;8.503616;-13.693062;22.196677;-11.480117
1.527;-1.457794;-23.075882;21.618087;-19.173989
1.528;-19.266107;-25.378157;6.112049;-20.752044
1.529;-31.654379;-20.290348;-11.364031;-16.202438
1.530;-25.975086;-10.000318;-15.974768;-7.823084
1.531;-3.071382;1.677742;-4.749124;0.667443
1.532;21.447827;10.743853;10.703974;5.559376
1.533;29.480759;14.474152;15.006607;4.575051
1.534;15.653715;12.355370;3.298345;-2.257324
1.535;-8.108971;6.150536;-14.259508;-12.612246
1.536;-22.833517;-0.910054;-21.923463;-22.753387
1.537;-18.455810;-5.483879;-12.971932;-28.958378
1.538;-1.401447;-5.482445;4.080997;-28.937354
1.539;12.496737;-0.914637;13.411375;-22.703868
1.540;12.695689;6.120632;6.575056;-12.566531
1.541;2.612388;12.288213;-9.675825;-2.245877
1.542;-5.305301;14.382771;-19.688072;4.545245
1.543;-2.778935;10.672059;-13.450993;5.515141
1.544;5.803713;1.687840;4.115872;0.661171
1.545;7.881871;-9.855161;17.737032;-7.738325
1.546;-4.046642;-19.997637;15.950995;-16.003631
1.547;-23.269730;-24.986087;1.716357;-20.467662
1.548;-33.066974;-22.689611;-10.377362;-18.883785
1.549;-21.128295;-13.444458;-7.683837;-11.289953
1.550;8.750518;0.000000;8.750518;0.000000
1.551;38.580126;13.422945;25.157180;11.273469
1.552;50.431066;22.616406;27.814660;18.828682
1.553;40.615184;24.862939;15.752244;20.378141
1.554;21.466136;19.860728;1.605408;15.910370
1.555;9.609261;9.759175;-0.149914;7.681998
1.556;11.654442;-1.696668;13.351110;-0.655400
1.557;20.124464;-10.580635;30.705099;-5.459020
1.558;22.603505;-14.220732;36.824237;-4.492425
1.559;14.805196;-12.116300;26.921496;2.216537
1.560;4.917693;-6.001987;10.919680;12.384255
1.561;5.158511;0.947212;4.211300;22.341883
1.562;18.810515;5.446963;13.363552;28.434410
1.563;35.482053;5.445441;30.036612;28.413524
1.564;39.693828;0.951514;38.742314;22.292687
1.565;25.250337;-5.972570;31.222907;12.338839
1.566;2.051704;-12.049755;14.101459;2.205166
1.567;-11.410562;-14.129837;2.719275;-4.462814
1.568;-3.608712;-10.508784;6.900071;-5.415074
1.569;20.153418;-1.705705;21.859122;-0.649170
1.570;42.296929;9.616384;32.680545;7.597792
1.571;47.757875;19.571615;28.186260;15.712862
1.572;35.791156;24.475140;11.316016;20.095618
1.573;18.630320;22.234088;-3.603768;18.540374
1.574;9.029996;13.176807;-4.146812;11.084547
1.575;8.712620;0.000000;8.712620;0.000000
1.576;8.393938;-13.155515;21.549453;-11.068177
1.577;-1.176732;-22.161656;20.984924;-18.485653
1.578;-18.234263;-24.353374;6.119112;-20.006716
1.579;-30.069586;-19.436433;-10.633153;-15.620248
1.580;-24.580663;-9.521989;-15.058674;-7.541855
1.581;-2.598010;1.713569;-4.311579;0.643439
1.582;20.903335;10.417336;10.485999;5.359342
1.583;28.570677;13.968725;14.601952;4.410360
1.584;15.260151;11.879469;3.380682;-2.176029
1.585;-7.586903;5.855893;-13.442795;-12.157825
1.586;-21.768707;-0.982051;-20.786656;-21.933210
1.587;-17.620375;-5.407907;-12.212468;-27.914064
1.588;-1.283111;-5.406302;4.123191;-27.893330
1.589;12.076019;-0.986079;13.062099;-21.884373
1.590;12.343002;5.826972;6.516030;-12.112741
1.591;2.766961;11.813577;-9.046615;-2.164740
1.592;-4.753520;13.878386;-18.631906;4.380965
1.593;-2.306026;10.345502;-12.651528;5.315717
1.594;5.903185;1.721582;4.181603;0.637253
1.595;7.854182;-9.381607;17.235788;-7.458265
1.596;-3.617765;-19.151056;15.533291;-15.424183
1.597;-22.061678;-23.970053;1.908375;-19.726257
1.598;-31.448671;-21.783507;-9.665164;-18.199452
1.599;-19.987507;-12.911986;-7.075521;-10.880635
1.600;8.674285;0.000000;8.674285;0.000000
1.601;37.287982;12.890926;24.397055;10.864391
1.602;48.663355;21.711889;26.951467;18.145151
1.603;39.258078;23.849732;15.408345;19.638039
1.604;20.886576;19.017661;1.868915;15.332279
1.605;9.485013;9.288830;0.196183;7.402757
1.606;11.404442;-1.728518;13.132960;-0.631566
1.607;19.504078;-10.254124;29.758201;-5.260413
1.608;21.904954;-13.718322;35.623276;-4.328914
1.609;14.499514;-11.645017;26.144532;2.135827
1.610;5.112273;-5.712294;10.824567;11.933116
1.611;5.417681;1.014639;4.403043;21.527655
1.612;18.534821;5.366843;13.167979;27.397703
1.613;34.498074;5.365160;29.132914;27.377136
1.614;38.485565;1.018401;37.467164;21.479211
1.615;24.580324;-5.683877;30.264200;11.888394
1.616;2.286547;-11.579815;13.866362;2.124629
1.617;-10.665424;-13.628605;2.963181;-4.299755
1.618;-3.221994;-10.182379;6.960384;-5.217139
1.619;19.540678;-1.735543;21.276221;-0.625431
1.620;40.780157;9.150889;31.629268;7.319839
1.621;46.053793;18.736140;27.317652;15.137789
1.622;34.627801;23.471075;11.156726;19.359833
1.623;18.201324;21.338102;-3.136778;17.861249
1.624;8.984021;12.650133;-3.666111;10.678355
1.625;8.635518;0.000000;8.635518;0.000000
1.626;8.285838;-12.629317;20.915155;-10.662247
1.627;-0.902372;-21.267331;20.364959;-17.807403
1.628;-17.228105;-23.352254;6.124148;-19.272353
1.629;-28.526275;-18.604586;-9.921689;-15.046656
1.630;-23.225875;-9.059751;-14.166125;-7.264796
1.631;-2.143686;1.741585;-3.885271;0.619791
1.632;20.364654;10.091155;10.273499;5.162298
1.633;27.677486;13.469701;14.207785;4.248140
1.634;14.874701;11.413074;3.461627;-2.095958
1.635;-7.074449;5.571223;-12.645672;-11.710275
1.636;-20.722415;-1.045040;-19.677375;-21.125482
1.637;-16.794926;-5.323898;-11.471028;-26.885661
1.638;-1.156748;-5.322143;4.165395;-26.865274
1.639;11.674090;-1.048545;12.722634;-21.077460
1.640;12.002647;5.543315;6.459332;-11.665943
1.641;2.915845;11.348595;-8.432750;-2.084858
1.642;-4.221587;13.380666;-17.602253;4.219235
1.643;-1.852884;10.019565;-11.872449;5.119401
1.644;5.992863;1.747659;4.245205;0.613709
1.645;7.822153;-8.924280;16.746433;-7.182600
1.646;-3.202168;-18.327026;15.124859;-14.853862
1.647;-20.884910;-22.978424;2.093514;-18.996572
1.648;-29.871858;-20.898080;-8.973779;-17.525976
1.649;-18.877335;-12.391374;-6.485960;-10.477833
1.650;8.596328;0.000000;8.596328;0.000000
1.651;36.023097;12.370811;23.652286;10.461871
1.652;46.933943;20.828188;26.105755;17.472617
1.653;37.929101;22.861151;15.067950;18.909884
1.654;20.316997;18.197358;2.119639;14.763553
1.655;9.361639;8.834795;0.526844;7.128056
1.656;11.160778;-1.752839;12.913617;-0.608121
1.657;18.900169;-9.928579;28.828748;-5.065056
1.658;21.223084;-13.223025;34.446109;-4.168087
1.659;14.196278;-11.183752;25.380030;2.056446
1.660;5.291138;-5.432705;10.723844;11.489434
1.661;5.654818;1.073323;4.581495;20.726930
1.662;18.248435;5.279198;12.969238;26.378244
1.663;33.522117;5.277375;28.244743;26.358047
1.664;37.294052;1.076577;36.217475;20.679358
1.665;23.917470;-5.405310;29.322780;11.445517
1.666;2.509591;-11.120025;13.629616;2.045450
1.667;-9.941725;-13.134726;3.193001;-4.139453
1.668;-2.845380;-9.857205;7.011825;-5.022561
1.669;18.943987;-1.757998;20.701985;-0.602096
1.670;39.301445;8.701815;30.599630;7.046629
1.671;44.390179;17.923850;26.466329;14.572563
1.672;33.488563;22.492294;10.996269;18.636685
1.673;17.776410;20.463625;-2.687215;17.193824
1.674;8.933151;12.135821;-3.202671;10.279183
1.675;8.556721;0.000000;8.556721;0.000000
1.676;8.179239;-12.115518;20.294758;-10.263375
1.677;-0.635550;-20.394640;19.759090;-17.140981
1.678;-16.249683;-22.376612;6.126929;-18.550835
1.679;-27.027230;-17.796108;-9.231122;-14.483128
1.680;-21.912944;-8.613996;-13.298948;-6.992612
1.681;-1.708917;1.762350;-3.471267;0.596561
1.682;19.832986;9.766531;10.066455;4.968742
1.683;26.802805;12.978441;13.824364;4.088800
1.684;14.497769;10.957153;3.540616;-2.017313
1.685;-6.573151;5.296759;-11.869910;-11.270716
1.686;-19.697469;-1.099553;-18.597915;-20.332218
1.687;-15.982158;-5.232862;-10.749296;-25.875727
1.688;-1.023898;-5.230976;4.207078;-25.855732
1.689;11.290515;-1.102566;12.393082;-20.285120
1.690;11.674492;5.269880;6.404612;-11.227237
1.691;3.058563;10.894206;-7.835644;-2.006427
1.692;-3.710237;12.890930;-16.601167;4.060451
1.693;-1.419941;9.695431;-11.115372;4.926670
1.694;6.072874;1.766631;4.306243;0.590596
1.695;7.785929;-8.483521;16.269450;-6.911998
1.696;-2.800639;-17.526730;14.726091;-14.294043
1.697;-19.741578;-22.012853;2.271275;-18.280361
1.698;-28.339348;-20.034900;-8.304449;-16.864969
1.699;-17.799755;-11.883572;-5.916184;-10.082509
1.700;8.516705;0.000000;8.516705;0.000000
1.701;34.787545;11.863537;22.924008;10.066864
1.702;45.245703;19.966845;25.278858;16.812669
1.703;36.630460;21.898800;14.731661;18.195392
1.704;19.758273;17.400947;2.357326;14.205525
1.705;9.239112;8.397375;0.841738;6.858535
1.706;10.923426;-1.770188;12.693614;-0.585119
1.707;18.313230;-9.605140;27.918370;-4.873404
1.708;20.558670;-12.736086;33.294756;-4.010318
1.709;13.896045;-10.733369;24.629415;1.978579
1.710;5.454570;-5.163398;10.617968;11.054230
1.711;5.870516;1.123799;4.746718;19.941543
1.712;17.952953;5.185006;12.767947;25.378363
1.713;32.556779;5.183062;27.373717;25.358578
1.714;36.121953;1.126578;34.995375;19.894942
1.715;23.263273;-5.137036;28.400310;11.011209
1.716;2.720628;-10.671225;13.391853;1.967807
1.717;-9.240730;-12.649408;3.408678;-3.982269
1.718;-2.479806;-9.534368;7.054562;-4.831776
1.719;18.363808;-1.773624;20.137432;-0.579217
1.720;37.862662;8.269413;29.593249;6.778772
1.721;42.769371;17.135763;25.633608;14.018435
1.722;32.375207;21.540249;10.834958;17.927771
1.723;17.356392;19.612046;-2.255654;16.539567
1.724;8.877586;11.634712;-2.757126;9.887906
1.725;8.476288;0.000000;8.476288;0.000000
1.726;8.074057;-11.614952;19.689009;-9.872429
1.727;-0.376948;-19.544943;19.167994;-16.487833
1.728;-15.300591;-21.427856;6.127265;-17.843722
1.729;-25.574570;-17.011967;-8.562603;-13.930876
1.730;-20.643510;-8.184945;-12.458565;-6.725888
1.731;-1.294000;1.776419;-3.070419;0.573799
1.732;19.309330;9.444527;9.864804;4.779086
1.733;25.947912;12.496084;13.451828;3.932678
1.734;14.129642;10.512480;3.617162;-1.940260
1.735;-6.084287;5.032628;-11.116915;-10.840075
1.736;-18.696205;-1.146125;-17.550080;-19.555084
1.737;-15.184357;-5.135743;-10.048614;-24.886376
1.738;-0.885973;-5.133745;4.247772;-24.866812
1.739;10.924770;-1.148679;12.073448;-19.509000
1.740;11.358328;5.006785;6.351543;-10.797532
1.741;3.194736;10.451160;-7.256423;-1.929608
1.742;-3.219970;12.410281;-15.630251;3.904940
1.743;-1.007430;9.374132;-10.381562;4.737920
1.744;6.143395;1.779046;4.364349;0.567962
1.745;7.745664;-8.059501;15.805165;-6.647009
1.746;-2.413776;-16.751032;14.337256;-13.745862
1.747;-18.633336;-21.074606;2.441270;-17.579070
1.748;-26.853295;-19.195186;-7.658109;-16.217762
1.749;-16.756274;-11.389317;-5.366956;-9.695457
1.750;8.435476;0.000000;8.435476;0.000000
1.751;33.582932;11.369837;22.213095;9.680156
1.752;43.600859;19.129052;24.471807;16.166616
1.753;35.363873;20.963900;14.399973;17.495976
1.754;19.211091;16.629246;2.581845;13.659297
1.755;9.117395;7.976711;1.140684;6.594726
1.756;10.692316;-1.781109;12.473426;-0.562605
1.757;17.743561;-9.284801;27.028361;-4.685828
1.758;19.912261;-12.258546;32.170807;-3.855912
1.759;13.599281;-10.294556;23.893837;1.902374
1.760;5.602927;-4.904451;10.507378;10.628342
1.761;6.065456;1.166600;4.898856;19.173002
1.762;17.649849;5.085181;12.564668;24.399972
1.763;31.604270;5.083133;26.521137;24.380635
1.764;34.971472;1.168935;33.802537;19.127454
1.765;22.618990;-4.879127;27.498116;10.586293
1.766;2.919558;-10.234077;13.153635;1.891846
1.767;-8.563394;-12.173656;3.610262;-3.828496
1.768;-2.126024;-9.214830;7.088806;-4.645140
1.769;17.800427;-1.782962;19.583388;-0.556836
1.770;36.465161;7.853785;28.611377;6.516763
1.771;41.193118;16.372601;24.820517;13.476432
1.772;31.289102;20.616030;10.673071;17.234397
1.773;16.941948;18.784425;-1.842477;15.899681
1.774;8.817537;11.147452;-2.329915;9.505239
1.775;8.394279;0.000000;8.394279;0.000000
1.776;7.970201;-11.128257;19.098458;-9.490120
1.777;-0.127118;-18.719276;18.592158;-15.849141
1.778;-14.382033;-20.507034;6.125000;-17.152289
1.779;-24.169838;-16.252843;-7.916996;-13.390894
1.780;-19.418716;-7.772672;-11.646044;-6.465100
1.781;-0.899063;1.784326;-2.683389;0.551543
1.782;18.794512;9.126066;9.668446;4.593667
1.783;25.113792;12.023575;13.090217;3.780050
1.784;13.770503;10.079658;3.690846;-1.864935
1.785;-5.608906;4.778865;-10.387771;-10.419109
1.786;-17.720525;-1.185287;-16.535238;-18.795442
1.787;-14.403444;-5.033423;-9.370021;-23.919333
1.788;-0.744265;-5.031329;4.287064;-23.900230
1.789;10.576254;-1.187412;11.763666;-18.750444
1.790;11.053877;4.754058;6.299818;-10.377569
1.791;3.324073;10.020036;-6.695963;-1.854534
1.792;-2.751082;11.939631;-14.690713;3.752966
1.793;-0.615415;9.056561;-9.671977;4.553472
1.794;6.204649;1.785437;4.419212;0.545844
1.795;7.701517;-7.652257;15.353774;-6.388081
1.796;-2.042005;-16.000523;13.958517;-13.210242
1.797;-17.561404;-20.164609;2.603205;-16.893877
1.798;-25.415282;-18.379852;-7.035429;-15.585437
1.799;-15.747985;-10.909171;-4.838813;-9.317320
1.800;8.352702;0.000000;8.352702;0.000000
1.801;32.410459;10.890265;21.520194;9.302387
1.802;42.001071;18.315700;23.685371;15.535522
1.803;34.130631;20.057340;14.073291;16.812782
1.804;18.675974;15.882806;2.793168;13.125760
1.805;8.996448;7.572815;1.423632;6.337056
1.806;10.467338;-1.786132;12.253470;-0.540616
1.807;17.191304;-8.968417;26.159722;-4.502633
1.808;19.284214;-11.791261;31.075475;-3.705118
1.809;13.306370;-9.867838;23.174208;1.827955
1.810;5.736631;-4.655863;10.392494;10.212449
1.811;6.240382;1.202252;5.038130;18.422529
1.812;17.340478;4.980570;12.359908;23.444621
1.813;30.666455;4.978435;25.688021;23.425757
1.814;33.844413;1.204175;32.640238;18.378098
1.815;21.985660;-4.631572;26.617232;10.171431
1.816;3.106374;-9.809087;12.915460;1.817685
1.817;-7.910402;-11.708294;3.797892;-3.678374
1.818;-1.784622;-8.899419;7.114798;-4.462943
1.819;17.253975;-1.786534;19.040509;-0.534989
1.820;35.109857;7.454904;27.654953;6.261005
1.821;39.662661;15.634834;24.027828;12.947379
1.822;30.231269;19.720412;10.510856;16.557618
1.823;16.533642;17.981541;-1.447898;15.275133
1.824;8.753217;10.674520;-1.921304;9.131759
1.825;8.310754;0.000000;8.310754;0.000000
1.826;7.867579;-10.655906;18.523486;-9.117018
1.827;0.113508;-17.918396;18.031904;-15.225856
1.828;-13.494874;-19.614886;6.120012;-16.477561
1.829;-22.814080;-15.519167;-7.294913;-12.863978
1.830;-18.239271;-7.377127;-10.862144;-6.210633
1.831;-0.524084;1.786590;-2.310674;0.529828
1.832;18.289198;8.811944;9.477254;4.412756
1.833;24.301173;11.561686;12.739488;3.631139
1.834;13.420454;9.659141;3.761313;-1.791447
1.835;-5.147846;4.535435;-9.683281;-10.008424
1.836;-16.771948;-1.217559;-15.554389;-18.054379
1.837;-13.641014;-4.926718;-8.714296;-22.975978
1.838;-0.599952;-4.924545;4.324593;-22.957361
1.839;10.244316;-1.219288;11.463603;-18.010526
1.840;10.760810;4.511657;6.249153;-9.967940
1.841;3.446356;9.601271;-6.154915;-1.781310
1.842;-2.303692;11.479724;-13.783416;3.604743
1.843;-0.243819;8.743488;-8.987307;4.373582
1.844;6.256891;1.786316;4.470574;0.524274
1.845;7.653654;-7.261706;14.915359;-6.135572
1.846;-1.685611;-15.275560;13.589949;-12.687919
1.847;-16.526626;-19.283495;2.756869;-16.225719
1.848;-24.026396;-17.589549;-6.436847;-14.968856
1.849;-14.775630;-10.443537;-4.332093;-8.948611
1.850;8.268443;0.000000;8.268443;0.000000
1.851;31.270976;10.425218;20.845759;8.934065
1.852;40.447515;17.527420;22.920095;14.920231
1.853;32.931660;19.179723;13.751937;16.146721
1.854;18.153306;15.161949;2.991357;12.605621
1.855;8.876226;7.185584;1.690641;6.085866
1.856;10.248351;-1.785763;12.034113;-0.519181
1.857;16.656470;-8.656726;25.313196;-4.324059
1.858;18.674723;-11.334923;30.009646;-3.558132
1.859;13.017626;-9.453605;22.471231;1.755419
1.860;5.856148;-4.417565;10.273713;9.807089
1.861;6.396087;1.231271;5.164816;17.691089
1.862;17.026087;4.871960;12.154126;22.513532
1.863;29.744898;4.869753;24.875146;22.495165
1.864;32.742221;1.232812;31.509409;17.647826
1.865;21.364136;-4.394297;25.758433;9.767149
1.866;3.281144;-9.396625;12.677769;1.745418
1.867;-7.282208;-11.253989;3.971781;-3.532092
1.868;-1.456043;-8.588848;7.132804;-4.285412
1.869;16.724458;-1.784844;18.509302;-0.513702
1.870;33.797284;7.072638;26.724646;6.011814
1.871;38.178804;14.922714;23.256090;12.431928
1.872;29.202433;18.853899;10.348534;15.898263
1.873;16.131932;17.203922;-1.071990;14.666686
1.874;8.684842;10.216250;-1.531408;8.767921
1.875;8.225776;0.000000;8.225776;0.000000
1.876;7.766097;-10.198228;17.964325;-8.753573
1.877;0.344603;-17.142815;17.487418;-14.618724
1.878;-12.639681;-18.751888;6.112207;-15.820343
1.879;-21.507912;-14.811162;-6.696750;-12.350754
1.880;-17.105520;-6.998160;-10.107360;-5.962786
1.881;-0.168917;1.783710;-1.952627;0.508679
1.882;17.793918;8.502840;9.291078;4.236564
1.883;23.510566;11.111037;12.399529;3.486117
1.884;13.079523;9.251258;3.828265;-1.719880
1.885;-4.701768;4.302238;-9.004006;-9.608493
1.886;-15.851654;-1.243450;-14.608204;-17.332747
1.887;-12.898371;-4.816385;-8.081986;-22.057391
1.888;-0.454100;-4.814146;4.360046;-22.039278
1.889;9.928267;-1.244812;11.173079;-17.290083
1.890;10.478759;4.279476;6.199283;-9.569106
1.891;3.561436;9.195176;-5.633740;-1.710018
1.892;-1.877774;11.031153;-12.908927;3.460437
1.893;0.107557;8.435570;-8.328013;4.198452
1.894;6.300405;1.782177;4.518228;0.503275
1.895;7.602241;-6.887670;14.489910;-5.889759
1.896;-1.344749;-14.576300;13.231550;-12.179465
1.897;-15.529524;-18.431650;2.902126;-15.575324
1.898;-22.687300;-16.824695;-5.862604;-14.368688
1.899;-13.839646;-9.992683;-3.846963;-8.589729
1.900;8.182760;0.000000;8.182760;0.000000
1.901;30.165031;9.974959;20.190073;8.575583
1.902;38.940942;16.764615;22.176328;14.321399
1.903;31.767568;18.331405;13.436163;15.498498
1.904;17.643350;14.466805;3.176545;12.099430
1.905;8.756685;6.814823;1.941862;5.841420
1.906;10.035189;-1.780489;11.815678;-0.498323
1.907;16.138953;-8.350354;24.489307;-4.150289
1.908;18.083840;-10.890083;28.973923;-3.415107
1.909;12.733300;-9.052125;21.785425;1.684839
1.910;5.961982;-4.189432;10.151413;9.412677
1.911;6.533395;1.254157;5.279237;16.979427
1.912;16.707814;4.760077;11.947738;21.607648
1.913;28.840887;4.757811;24.083076;21.589793
1.914;31.666029;1.255346;30.410683;16.937369
1.915;20.755100;-4.167171;24.922271;9.373850
1.916;3.444004;-8.996946;12.440950;1.675117
1.917;-6.679065;-10.811267;4.132203;-3.389792
1.918;-1.140608;-8.283720;7.143112;-4.112720
1.919;16.211774;-1.778373;17.990147;-0.492996
1.920;32.527654;6.706767;25.820887;5.769432
1.921;36.741975;14.236310;22.505665;11.930578
1.922;28.203060;18.016762;10.186298;15.256964
1.923;15.737186;16.451890;-0.714704;14.074920
1.924;8.612630;9.772850;-1.160220;8.414069
1.925;8.139405;0.000000;8.139405;0.000000
1.926;7.665662;-9.755425;17.421087;-8.400127
1.927;0.565928;-16.392838;16.958765;-14.028313
1.928;-11.816770;-17.918285;6.101515;-15.181246
1.929;-20.251585;-14.128868;-6.122716;-11.851696
1.930;-16.017493;-6.635536;-9.381957;-5.721789
1.931;0.166684;1.776159;-1.609476;0.488115
1.932;17.309083;8.199332;9.109751;4.065251
1.933;22.742288;10.672112;12.070176;3.345116
1.934;12.747677;8.856223;3.891454;-1.650300
1.935;-4.271170;4.079124;-8.350294;-9.219675
1.936;-14.960527;-1.263452;-13.697075;-16.631190
1.937;-12.176559;-4.703118;-7.473440;-21.164384
1.938;-0.307673;-4.700827;4.393155;-21.146789
1.939;9.627394;-1.264475;10.891870;-16.589746
1.940;10.207328;4.057360;6.149968;-9.181415
1.941;3.669220;8.801951;-5.132731;-1.640721
1.942;-1.473176;10.594380;-12.067556;3.320170
1.943;0.439007;8.133360;-7.694354;4.028230
1.944;6.335493;1.773488;4.562005;0.482866
1.945;7.547447;-6.529892;14.077339;-5.650851
1.946;-1.019472;-13.902730;12.883257;-11.685308
1.947;-14.570337;-17.609239;3.038902;-14.943237
1.948;-21.398288;-16.085517;-5.312771;-13.785431
1.949;-12.940206;-9.556761;-3.383445;-8.240970
1.950;8.095716;0.000000;8.095716;0.000000
1.951;29.092912;9.539635;19.553277;8.227234
1.952;37.481747;16.027495;21.454252;13.739512
1.953;30.638689;17.512529;13.126160;14.868636
1.954;17.146265;13.797334;3.348931;11.607591
1.955;8.637782;6.460260;2.177522;5.603912
1.956;9.827670;-1.770775;11.598445;-0.478056
1.957;15.638559;-8.049830;23.688389;-3.981463
1.958;17.511502;-10.457164;27.968666;-3.276154
1.959;12.453591;-8.663564;21.117154;1.616271
1.960;6.054663;-3.971290;10.025953;9.029517
1.961;6.653149;1.271393;5.381756;16.288089
1.962;16.386701;4.645587;11.741114;20.727663
1.963;27.955468;4.643275;23.312193;20.710331
1.964;30.616695;1.272258;29.344437;16.247264
1.965;20.159090;-3.950017;24.109107;8.991829
1.966;3.595143;-8.610201;12.205344;1.606834
1.967;-6.101052;-10.380531;4.279478;-3.251581
1.968;-0.838525;-7.984545;7.146020;-3.944994
1.969;15.715734;-1.767577;17.483311;-0.472886
1.970;31.300905;6.357001;24.943905;5.534035
1.971;35.352283;13.575534;21.776749;11.443690
1.972;27.233397;17.209074;10.024324;14.634184
1.973;15.349691;15.725580;-0.375889;13.500259
1.974;8.536795;9.344419;-0.807623;8.070455
1.975;8.051704;0.000000;8.051704;0.000000
1.976;7.566183;-9.327593;16.893776;-8.056927
1.977;0.777326;-15.668587;16.445913;-13.455035
1.978;-11.026237;-17.114127;6.087890;-14.560711
1.979;-19.045035;-13.472175;-5.572860;-11.367148
1.980;-14.974954;-6.288950;-8.686004;-5.487805
1.981;0.483053;1.764391;-1.281338;0.468149
1.982;16.834997;7.901902;8.933095;3.898934
1.983;21.996493;10.245277;11.751216;3.208230
1.984;12.424835;8.474154;3.950681;-1.582753
1.985;-3.856409;3.865902;-7.722311;-8.842227
1.986;-14.099189;-1.278038;-12.821151;-15.950166
1.987;-11.476394;-4.587558;-6.888837;-20.297539
1.988;-0.161535;-4.585227;4.423692;-20.280472
1.989;9.340973;-1.278751;10.619724;-15.909965
1.990;9.946102;3.845115;6.100987;-8.805115
1.991;3.769668;8.421702;-4.652034;-1.573461
1.992;-1.089639;10.169752;-11.259391;3.184033
1.993;0.750910;7.837324;-7.086415;3.863023
1.994;6.362474;1.760694;4.601780;0.463058
1.995;7.489440;-6.188050;13.677489;-5.418995
1.996;-0.709738;-13.254693;12.544955;-11.205750
1.997;-13.649069;-16.816248;3.167180;-14.329841
1.998;-20.159343;-15.372071;-4.787272;-13.219437
1.999;-12.077259;-9.135822;-2.941437;-7.902543
2.000;8.007374;0.000000;8.007374;0.000000
2.001;28.054686;9.119296;18.935390;7.889223
2.002;36.070012;15.316105;20.753907;13.174911
2.003;29.545124;16.723060;12.822064;14.257502
2.004;16.662121;13.153359;3.508762;11.130390
2.005;8.519474;6.121561;2.397913;5.373479
2.006;9.625599;-1.757060;11.382658;-0.458394
2.007;15.155014;-7.755594;22.910608;-3.817674
2.008;16.957547;-10.036479;26.994026;-3.141351
2.009;12.178646;-8.287997;20.466643;1.549752
2.010;6.134738;-3.762931;9.897668;8.657822
2.011;6.756203;1.283442;5.472761;15.617454
2.012;16.063694;4.529102;11.534592;19.874053
2.013;27.089475;4.526756;22.562720;19.857252
2.014;29.594836;1.284010;28.310826;15.577880
2.015;19.576511;-3.742624;23.319135;8.621289
2.016;3.734794;-8.236455;11.971249;1.540604
2.017;-5.548102;-9.962073;4.413971;-3.117531
2.018;-0.549905;-7.691743;7.141838;-3.782323
2.019;15.236076;-1.752890;16.988966;-0.453382
2.020;30.116746;6.022989;24.093757;5.305742
2.021;34.009564;12.940166;21.069398;10.971510
2.022;26.293500;16.430737;9.862763;14.030233
2.023;14.969668;15.024975;-0.055307;12.942988
2.024;8.457552;8.930964;-0.473412;7.737248
2.025;7.962735;0.000000;7.962735;0.000000
2.026;7.467573;-8.914737;16.382309;-7.724138
2.027;0.978708;-14.970033;15.948742;-12.899163
2.028;-10.267992;-16.339299;6.071307;-13.959034
2.029;-17.887935;-12.840845;-5.047090;-10.897337
2.030;-13.977442;-5.958043;-8.019399;-5.260943
2.031;0.780594;1.748832;-0.968238;0.448792
2.032;16.371875;7.610950;8.760925;3.737688
2.033;21.273197;9.830794;11.442403;3.075521
2.034;12.110875;8.105089;4.005786;-1.517269
2.035;-3.457719;3.662346;-7.120065;-8.476316
2.036;-13.268036;-1.287661;-11.980375;-15.289977
2.037;-10.798491;-4.470288;-6.328204;-19.457235
2.038;-0.016462;-4.467929;4.451467;-19.440701
2.039;9.068274;-1.288090;10.356364;-15.251032
2.040;9.694651;3.642512;6.052139;-8.440364
2.041;3.862783;8.054456;-4.191673;-1.508267
2.042;-0.726819;9.757514;-10.484333;3.052080
2.043;1.043709;7.547844;-6.504135;3.702899
2.044;6.381673;1.744216;4.637458;0.443860
2.045;7.428386;-5.861769;13.290155;-5.194284
2.046;-0.415427;-12.631911;12.216484;-10.740983
2.047;-12.765518;-16.052505;3.286987;-13.735379
2.048;-18.970179;-14.684269;-4.285910;-12.670928
2.049;-11.250564;-8.729833;-2.520731;-7.574580
2.050;7.917796;0.000000;7.917796;0.000000
2.051;27.050230;8.713903;18.336326;7.561680
2.052;34.705558;14.630347;20.075211;12.627807
2.053;28.486777;15.962808;12.523969;13.665323
2.054;16.190913;12.534586;3.656327;10.668001
2.055;8.401721;5.798345;2.603377;5.150204
2.056;9.428772;-1.739757;11.168530;-0.439344
2.057;14.687984;-7.468007;22.155992;-3.658981
2.058;16.421732;-9.628242;26.049974;-3.010745
2.059;11.908575;-7.925424;19.833999;1.485306
2.060;6.202764;-3.564115;9.766879;8.297719
2.061;6.843411;1.290747;5.552664;14.967751
2.062;15.739651;4.411180;11.328470;19.047106
2.063;26.243552;4.408811;21.834741;19.030840
2.064;28.600859;1.291044;27.309815;14.929437
2.065;19.007658;-3.544748;22.552406;8.262349
2.066;3.863229;-7.875697;11.738927;1.476450
2.067;-5.020020;-9.556093;4.536072;-2.987684
2.068;-0.274779;-7.405661;7.130882;-3.624756
2.069;14.772478;-1.734720;16.507198;-0.434491
2.070;28.974689;5.704336;23.270353;5.084624
2.071;32.713426;12.329877;20.383550;10.514180
2.072;25.383264;15.681511;9.701752;13.445291
2.073;14.597275;14.349923;0.247352;12.403269
2.074;8.375111;8.532414;-0.157303;7.414545
2.075;7.872563;0.000000;7.872563;0.000000
2.076;7.369746;-8.516781;15.886527;-7.401856
2.077;1.170048;-14.297016;15.467064;-12.360852
2.078;-9.541786;-15.593545;6.051758;-13.376380
2.079;-16.779731;-12.234530;-4.545201;-10.442391
2.080;-13.024311;-5.642411;-7.381900;-5.041265
2.081;1.059765;1.729884;-0.670119;0.430049
2.082;15.919851;7.326801;8.593050;3.581555
2.083;20.572296;9.428835;11.143461;2.947024
2.084;11.805642;7.748992;4.056650;-1.453864
2.085;-3.075226;3.468204;-6.543430;-8.122034
2.086;-12.467266;-1.292753;-11.174513;-14.650784
2.087;-10.143283;-4.351841;-5.791442;-18.643675
2.088;0.126859;-4.349464;4.476322;-18.627677
2.089;8.808573;-1.292923;10.101496;-14.613101
2.090;9.452542;3.449297;6.003245;-8.087247
2.091;3.948606;7.700168;-3.751562;-1.445154
2.092;-0.384299;9.357821;-9.742120;2.924343
2.093;1.317901;7.265228;-5.947326;3.547894
2.094;6.393427;1.724450;4.668977;0.425276
2.095;7.364449;-5.550636;12.915085;-4.976766
2.096;-0.136353;-12.034007;11.897655;-10.291105
2.097;-11.919312;-15.317707;3.398395;-13.159974
2.098;-17.830284;-14.021902;-3.808382;-12.140015
2.099;-10.459720;-8.338688;-2.121032;-7.257144
2.100;7.827045;0.000000;7.827045;0.000000
2.101;26.079262;8.323348;17.755913;7.244666
2.102;33.387985;13.970002;19.417983;12.098303
2.103;27.463382;15.231458;12.231925;13.092208
2.104;15.732573;11.940622;3.791951;10.220508
2.105;8.284486;5.490188;2.794298;4.934127
2.106;9.236982;-1.719259;10.956241;-0.420908
2.107;14.237087;-7.187360;21.424447;-3.505411
2.108;15.903745;-9.232583;25.136329;-2.884359
2.109;11.643451;-7.575778;19.219230;1.422944
2.110;6.259304;-3.374579;9.633883;7.949264
2.111;6.915621;1.293728;5.621892;14.339078
2.112;15.415348;4.292330;11.123018;18.246945
2.113;25.418174;4.289946;21.128227;18.231216
2.114;27.634990;1.293779;26.341211;14.302027
2.115;18.452723;-3.356125;21.808848;7.915059
2.116;3.980748;-7.527853;11.508601;1.414379
2.117;-4.516506;-9.162706;4.646200;-2.862057
2.118;-0.013103;-7.126572;7.113469;-3.472314
2.119;14.324574;-1.713451;16.038025;-0.416215
2.120;27.874088;5.400611;22.473478;4.870708
2.121;31.463284;11.744244;19.719040;10.071756
2.122;24.502447;14.961037;9.541411;12.879426
2.123;14.232617;13.700162;0.532454;11.881164
2.124;8.289678;8.148631;0.141047;7.102379
2.125;7.781250;0.000000;7.781250;0.000000
2.126;7.272625;-8.133584;15.406209;-7.090111
2.127;1.351370;-13.649264;15.000634;-11.840156
2.128;-8.847237;-14.876491;6.029253;-12.812803
2.129;-15.719686;-11.652799;-4.066888;-10.002350
2.130;-12.114759;-5.341617;-6.773142;-4.828789
2.131;1.321071;1.707926;-0.386855;0.411920
2.132;15.478990;7.049712;8.429278;3.430548
2.133;19.893587;9.039491;10.854096;2.822748
2.134;11.508952;7.405767;4.103184;-1.392544
2.135;-2.708961;3.283204;-5.992165;-7.779405
2.136;-11.696904;-1.293723;-10.403181;-14.032629
2.137;-9.511047;-4.232702;-5.278345;-17.856910
2.138;0.267817;-4.230315;4.498132;-17.841448
2.139;8.561156;-1.293659;9.854815;-13.996208
2.140;9.219339;3.265196;5.954143;-7.745783
2.141;4.027211;7.358736;-3.331525;-1.384125
2.142;-0.061604;8.970752;-9.032355;2.800826
2.143;1.574026;6.989720;-5.415694;3.398013
2.144;6.398070;1.701768;4.696302;0.407307
2.145;7.297792;-5.254203;12.551995;-4.766449
2.146;0.127724;-11.460521;11.588246;-9.856128
2.147;-11.109931;-14.611440;3.501508;-12.603641
2.148;-16.738958;-13.384658;-3.354300;-11.626710
2.149;-9.704187;-7.962218;-1.741969;-6.950244
2.150;7.735186;0.000000;7.735186;0.000000
2.151;25.141367;7.947461;17.193906;6.938187
2.152;32.116704;13.334753;18.781952;11.586405
2.153;26.474532;14.528582;11.945951;12.538160
2.154;15.286979;11.370995;3.915984;9.787912
2.155;8.167735;5.196639;2.971096;4.725248
2.156;9.050019;-1.695929;10.745948;-0.403086
2.157;13.801901;-6.913879;20.715780;-3.356963
2.158;15.403223;-8.849559;24.252783;-2.762190
2.159;11.383317;-7.238939;18.622255;1.362664
2.160;6.304919;-3.194043;9.498962;7.612453
2.161;6.973666;1.292785;5.680881;13.731425
2.162;15.091486;4.173011;10.918475;17.473555
2.163;24.613670;4.170622;20.443048;17.458359
2.164;26.697294;1.292612;25.404683;13.695633
2.165;17.911816;-3.176473;21.088289;7.579410
2.166;4.087674;-7.192794;11.280468;1.354390
2.167;-4.037171;-8.781957;4.744786;-2.740646
2.168;0.235226;-6.854692;7.089919;-3.324990
2.169;13.891959;-1.689442;15.581401;-0.398553
2.170;26.814165;5.111353;21.702812;4.663983
2.171;30.258394;11.182772;19.075621;9.644213
2.172;23.650696;14.268851;9.381845;12.332606
2.173;13.875755;13.075337;0.800418;11.376642
2.174;8.201454;7.779420;0.422035;6.800732
2.175;7.688860;0.000000;7.688860;0.000000
2.176;7.176134;-7.764951;14.941085;-6.788885
2.177;1.522743;-13.026415;14.549159;-11.337037
2.178;-8.183850;-14.187665;6.003815;-12.268263
2.179;-14.706904;-11.095143;-3.611761;-9.577182
2.180;-11.247856;-5.055196;-6.192660;-4.623498
2.181;1.565050;1.683310;-0.118260;0.394405
2.182;15.049300;6.779881;8.269419;3.284653
2.183;19.236781;8.662785;10.573997;2.702682
2.184;11.220603;7.075270;4.145333;-1.333302
2.185;-2.358873;3.107058;-5.465931;-7.448397
2.186;-10.956827;-1.290959;-9.665868;-13.435451
2.187;-8.901919;-4.113307;-4.788612;-17.096858
2.188;0.405878;-4.110919;4.516798;-17.081929
2.189;8.325324;-1.290683;9.616007;-13.400284
2.190;8.994610;3.089919;5.904691;-7.415932
2.191;4.098700;7.030006;-2.931305;-1.325173
2.192;0.241790;8.596318;-8.354527;2.681515
2.193;1.812654;6.721507;-4.908853;3.253239
2.194;6.395939;1.676516;4.719423;0.389951
2.195;7.228571;-4.972001;12.200573;-4.563305
2.196;0.377092;-10.910926;11.288018;-9.435997
2.197;-10.336738;-13.933200;3.596462;-12.066305
2.198;-15.695342;-12.772141;-2.923201;-11.130944
2.199;-8.983316;-7.600204;-1.383111;-6.653835
2.200;7.642282;0.000000;7.642282;0.000000
2.201;24.236018;7.586021;16.649997;6.642196
2.202;30.890974;12.724194;18.166780;11.092036
2.203;25.519704;13.853668;11.666036;12.003095
2.204;14.853965;10.825169;4.028796;9.370146
2.205;8.051439;4.917226;3.134213;4.523533
2.206;8.867674;-1.670110;10.537785;-0.385876
2.207;13.381975;-6.647734;20.029709;-3.213613
2.208;14.919758;-8.479161;23.398919;-2.644219
2.209;11.128187;-6.914736;18.042923;1.304456
2.210;6.340166;-3.022213;9.362379;7.287226
2.211;7.018365;1.288292;5.730073;13.144684
2.212;14.768693;4.053639;10.715054;16.726794
2.213;23.830242;4.051254;19.778989;16.712129
2.214;25.787704;1.287917;24.499787;13.110141
2.215;17.384969;-3.005497;20.390466;7.255337
2.216;4.184348;-6.870345;11.054692;1.296471
2.217;-3.581551;-8.413826;4.832276;-2.623427
2.218;0.470367;-6.590180;7.060547;-3.182756
2.219;13.474201;-1.663029;15.137230;-0.381501
2.220;25.794034;4.836086;20.957948;4.464407
2.221;29.097880;10.644906;18.452973;9.231463
2.222;22.827559;13.604411;9.223148;11.804716
2.223;13.526710;12.475011;1.051699;10.889595
2.224;8.110637;7.424539;0.686099;6.509540
2.225;7.595457;0.000000;7.595457;0.000000
2.226;7.080206;-7.410637;14.490843;-6.498108
2.227;1.684278;-12.428029;14.112307;-10.851382
2.228;-7.551036;-13.526515;5.975478;-11.742633
2.229;-13.740365;-10.560999;-3.179366;-9.166787
2.230;-10.422571;-4.782668;-5.639903;-4.425344
2.231;1.792269;1.656368;0.135901;0.377499
2.232;14.630737;6.517453;8.113285;3.143836
2.233;18.601523;8.298679;10.302844;2.586796
2.234;10.940376;6.757310;4.183066;-1.276124
2.235;-2.024840;2.939469;-4.964309;-7.128926
2.236;-10.246785;-1.284826;-8.961959;-12.859099
2.237;-8.315919;-3.994052;-4.321867;-16.363327
2.238;0.540577;-3.991671;4.532247;-16.348925
2.239;8.100398;-1.284359;9.384757;-12.825176
2.240;8.777930;2.923168;5.854761;-7.097609
2.241;4.163200;6.713784;-2.550583;-1.268282
2.242;0.526442;8.234472;-7.708030;2.566378
2.243;2.034380;6.460722;-4.426343;3.113532
2.244;6.387370;1.649020;4.738351;0.373202
2.245;7.156942;-4.703545;11.860487;-4.367279
2.246;0.612076;-10.384638;10.996714;-9.030592
2.247;-9.598993;-13.282407;3.683414;-11.547814
2.248;-14.698448;-12.183883;-2.514565;-10.652573
2.249;-8.296364;-7.252386;-1.043979;-6.367832
2.250;7.548396;0.000000;7.548396;0.000000
2.251;23.362598;7.238764;16.123834;6.356607
2.252;29.709924;12.137855;17.572070;10.615049
2.253;24.598274;13.206127;11.392147;11.486852
2.254;14.433327;10.302554;4.130773;8.967084
2.255;7.935571;4.651459;3.284112;4.328921
2.256;8.689741;-1.642120;10.331861;-0.369272
2.257;12.976838;-6.389047;19.365885;-3.075315
2.258;14.452907;-8.121325;22.574232;-2.530408
2.259;10.878057;-6.602962;17.481020;1.248302
2.260;6.365596;-2.858787;9.224382;6.973480
2.261;7.050516;1.280604;5.769912;12.578665
2.262;14.447532;3.934589;10.512944;16.006420
2.263;23.067978;3.932213;19.135765;15.992279
2.264;24.906033;1.280048;23.625984;12.545358
2.265;16.872152;-2.842894;19.715046;6.942732
2.266;4.271125;-6.560293;10.831417;1.240603
2.267;-3.149120;-8.058241;4.909121;-2.510360
2.268;0.692524;-6.333145;7.025668;-3.045562
2.269;13.070848;-1.634524;14.705372;-0.365054
2.270;24.812725;4.574316;20.238408;4.271910
2.271;27.980761;10.130042;17.850719;8.833362
2.272;22.032508;12.967106;9.065402;11.295570
2.273;13.185471;11.898688;1.286782;10.419850
2.274;8.017418;7.083708;0.933710;6.228696
2.275;7.501105;0.000000;7.501105;0.000000
2.276;6.984776;-7.070362;14.055139;-6.217676
2.277;1.836117;-11.853603;13.689720;-10.383011
2.278;-6.948131;-12.892422;5.944291;-11.235721
2.279;-12.818943;-10.049756;-2.769188;-8.771013
2.280;-9.637791;-4.523538;-5.114253;-4.234253
2.281;2.003309;1.627404;0.375905;0.361196
2.282;14.223215;6.262525;7.960690;3.008042
2.283;17.987397;7.947085;10.040312;2.475047
2.284;10.668040;6.451663;4.216378;-1.220987
2.285;-1.706683;2.780129;-4.486811;-6.820869
2.286;-9.566419;-1.275666;-8.290752;-12.303348
2.287;-7.752956;-3.875290;-3.877666;-15.656027
2.288;0.671509;-3.872922;4.544431;-15.642146
2.289;7.885721;-1.275028;9.160748;-12.270652
2.290;8.568883;2.764637;5.804246;-6.790685
2.291;4.220858;6.409840;-2.188983;-1.213430
2.292;0.792940;7.885118;-7.092178;2.455367
2.293;2.239813;6.207454;-3.967641;2.978835
2.294;6.372693;1.619578;4.753115;0.357055
2.295;7.083055;-4.448337;11.531392;-4.178289
2.296;0.833032;-9.881036;10.714068;-8.639746
2.297;-8.895876;-12.658423;3.762547;-11.047951
2.298;-13.747181;-11.619358;-2.127823;-10.191396
2.299;-7.642516;-6.918465;-0.724051;-6.092114
2.300;7.453593;0.000000;7.453593;0.000000
2.301;22.520414;6.905393;15.615021;6.081297
2.302;28.572581;11.575204;16.997377;10.155237
2.303;23.709542;12.585315;11.124227;10.989206
2.304;14.024834;9.802521;4.222313;8.578547
2.305;7.820111;4.398841;3.421269;4.141326
2.306;8.516018;-1.612254;10.128272;-0.353268
2.307;12.586003;-6.137893;18.723896;-2.942008
2.308;14.002204;-7.775941;21.778144;-2.420706
2.309;10.632902;-6.303378;16.936279;1.194176
2.310;6.381746;-2.703456;9.085202;6.671071
2.311;7.070894;1.270052;5.800841;12.033109
2.312;14.128506;3.816194;10.312312;15.312100
2.313;22.326868;3.813835;18.513033;15.298477
2.314;24.051995;1.269335;22.782660;12.001020
2.315;16.373278;-2.688356;19.061634;6.641447
2.316;4.348368;-6.262394;10.610762;1.186759
2.317;-2.739305;-7.715083;4.975778;-2.401391
2.318;0.901935;-6.083655;6.985590;-2.913343
2.319;12.681435;-1.604216;14.285651;-0.349203
2.320;23.869201;4.325545;19.543656;4.086401
2.321;26.905972;9.637538;17.268435;8.449716
2.322;21.264950;12.356271;8.908679;10.804920
2.323;12.851996;11.345818;1.506177;9.967177
2.324;7.921981;6.756616;1.165365;5.958064
2.325;7.405868;0.000000;7.405868;0.000000
2.326;6.889789;-6.743813;13.633602;-5.947449
2.327;1.978430;-11.302584;13.281014;-9.931693
2.328;-6.374408;-12.284717;5.910309;-10.747271
2.329;-11.941435;-9.560768;-2.380668;-8.389659
2.330;-8.892340;-4.277306;-4.615034;-4.050127
2.331;2.198768;1.596704;0.602064;0.345487
2.332;13.826611;6.015154;7.811457;2.877203
2.333;17.393944;7.607871;9.786073;2.367377
2.334;10.403358;6.158074;4.245284;-1.167864
2.335;-1.404165;2.628729;-4.032894;-6.524065
2.336;-8.915275;-1.263801;-7.651474;-11.767907
2.337;-7.212852;-3.757337;-3.455515;-14.974586
2.338;0.798332;-3.754988;4.553321;-14.961218
2.339;7.680660;-1.263009;8.943669;-11.736419
2.340;8.367065;2.614014;5.753051;-6.494996
2.341;4.271836;6.117918;-1.846082;-1.160586
2.342;1.041891;7.548115;-6.506224;2.348424
2.343;2.429575;5.961749;-3.532175;2.849075
2.344;6.352233;1.588470;4.763763;0.341499
2.345;7.007055;-4.205876;11.212931;-3.996231
2.346;1.040340;-9.399463;10.439803;-8.263242
2.347;-8.226502;-12.060560;3.834058;-10.566439
2.348;-12.840363;-11.077994;-1.762368;-9.747157
2.349;-7.020893;-6.598117;-0.422775;-5.826526
2.350;7.357937;0.000000;7.357937;0.000000
2.351;21.708716;6.585581;15.123135;5.816111
2.352;27.477888;11.035668;16.442220;9.712341
2.353;22.852744;11.990538;10.862206;10.509876
2.354;13.628229;9.324410;4.303818;8.204317
2.355;7.705039;4.158870;3.546169;3.960641
2.356;8.346309;-1.580785;9.927095;-0.337853
2.357;12.208976;-5.894310;18.103286;-2.813616
2.358;13.567162;-7.442855;21.010017;-2.315050
2.359;10.392679;-6.015715;16.408394;1.142048
2.360;6.389143;-2.555910;8.945053;6.379824
2.361;7.080245;1.256947;5.823298;11.507697
2.362;13.812058;3.698753;10.113305;14.643428
2.363;21.606817;3.696416;17.910401;14.630313
2.364;23.225221;1.256086;21.969135;11.476805
2.365;15.888214;-2.541571;18.429785;6.351306
2.366;4.416448;-5.976378;10.392826;1.134907
2.367;-2.351491;-7.384192;5.032700;-2.296456
2.368;1.098876;-5.841738;6.940614;-2.786020
2.369;12.305488;-1.572373;13.877860;-0.333940
2.370;22.962376;4.089269;18.873107;3.907765
2.371;25.872383;9.166726;16.705657;8.080293
2.372;20.524243;11.771199;8.753043;10.332466
2.373;12.526220;10.815809;1.710410;9.531298
2.374;7.824506;6.442926;1.381580;5.697476
2.375;7.309808;0.000000;7.309808;0.000000
2.376;6.795191;-6.430652;13.225843;-5.687259
2.377;2.111411;-10.774378;12.885789;-9.497144
2.378;-5.829090;-11.702687;5.873597;-10.276979
2.379;-11.106574;-9.093363;-2.013211;-8.022487
2.380;-8.184997;-4.043469;-4.141529;-3.872852
2.381;2.379247;1.564530;0.814717;0.330363
2.382;13.440772;5.775359;7.665412;2.751235
2.383;16.820667;7.280867;9.539800;2.263717
2.384;10.146085;5.876266;4.269819;-1.116721
2.385;-1.117011;2.484959;-3.601969;-6.238324
2.386;-8.292824;-1.249528;-7.043296;-11.252432
2.387;-6.695349;-3.640474;-3.054874;-14.318565
2.388;0.920755;-3.638150;4.558905;-14.305701
2.389;7.484610;-1.248602;8.733211;-11.222130
2.390;8.172085;2.470989;5.701096;-6.210350
2.391;4.316312;5.837736;-1.521424;-1.109717
2.392;1.273919;7.223288;-5.949370;2.245478
2.393;2.604290;5.723621;-3.119331;2.724167
2.394;6.326309;1.555953;4.770356;0.326525
2.395;6.929085;-3.975659;10.904745;-3.820986
2.396;1.234401;-8.939240;10.173641;-7.900832
2.397;-7.589936;-11.488094;3.898159;-10.102958
2.398;-11.976750;-10.559184;-1.417566;-9.319560
2.399;-6.430573;-6.290996;-0.139577;-5.570891
2.400;7.261490;0.000000;7.261490;0.000000
2.401;20.926705;6.278981;14.647725;5.560870
2.402;26.424723;10.518635;15.906089;9.286061
2.403;22.027066;11.421070;10.605996;10.048535
2.404;13.243236;8.867539;4.375697;7.844136
2.405;7.590342;3.931041;3.659301;3.786743
2.406;8.180425;-1.547966;9.728391;-0.323017
2.407;11.845258;-5.658300;17.503558;-2.690049
2.408;13.147284;-7.121882;20.269166;-2.213366
2.409;10.157335;-5.739687;15.897022;1.091879
2.410;6.388300;-2.415837;8.804137;6.099536
2.411;7.079293;1.241578;5.837715;11.002062
2.412;13.498583;3.582531;9.916052;13.999934
2.413;20.907659;3.580220;17.327439;13.987318
2.414;22.425271;1.240590;21.184682;10.972344
2.415;15.416787;-2.402229;17.819016;6.072102
2.416;4.475737;-5.701955;10.177691;1.085010
2.417;-1.985036;-7.065377;5.080342;-2.195479
2.418;1.283643;-5.607392;6.891036;-2.663502
2.419;11.942529;-1.539241;13.481769;-0.319253
2.420;22.091128;3.864986;18.226142;3.735876
2.421;24.878813;8.716917;16.161896;7.724825
2.422;19.809702;11.211151;8.598551;9.877867
2.423;12.208058;10.308039;1.900019;9.111898
2.424;7.725166;6.142281;1.582885;5.446744
2.425;7.212991;0.000000;7.212991;0.000000
2.426;6.700939;-6.130521;12.831460;-5.436916
2.427;2.235276;-10.268358;12.503635;-9.079048
2.428;-5.311363;-11.145591;5.834228;-9.824497
2.429;-10.313046;-8.646850;-1.666195;-7.669226
2.430;-7.514507;-3.821524;-3.692983;-3.702295
2.431;2.545352;1.531123;1.014229;0.315812
2.432;13.065519;5.543128;7.522391;2.630044
2.433;16.267040;6.965872;9.301168;2.163989
2.434;9.895976;5.605941;4.290035;-1.067518
2.435;-0.844905;2.348507;-3.193413;-5.963432
2.436;-7.698473;-1.233129;-6.465344;-10.756535
2.437;-6.200121;-3.524950;-2.675171;-13.687468
2.438;1.038538;-3.522655;4.561192;-13.675097
2.439;7.296991;-1.232083;8.529074;-10.727394
2.440;7.983569;2.335253;5.648316;-5.936531
2.441;4.354474;5.568995;-1.214520;-1.060782
2.442;1.489653;6.910431;-5.420778;2.146450
2.443;2.764585;5.493049;-2.728464;2.604014
2.444;6.295231;1.522263;4.772967;0.312122
2.445;6.849283;-3.757185;10.606469;-3.652417
2.446;1.415629;-8.499671;9.915300;-7.552234
2.447;-6.985202;-10.940274;3.955072;-9.657146
2.448;-11.155050;-10.062291;-1.092759;-8.908270
2.449;-5.870599;-5.996735;0.126137;-5.325008
2.450;7.164318;0.000000;7.164318;0.000000
2.451;20.173552;5.985227;14.188325;5.315373
2.452;25.411919;10.023467;15.388452;8.876060
2.453;21.231657;10.876155;10.355502;9.604818
2.454;12.869567;8.431210;4.438357;7.497720
2.455;7.476012;3.714856;3.761156;3.619492
2.456;8.018184;-1.514028;9.532212;-0.308748
2.457;11.494351;-5.429837;16.924188;-2.571209
2.458;12.742065;-6.812807;19.554872;-2.115574
2.459;9.926804;-5.474989;15.401793;1.043632
2.460;6.379713;-2.282930;8.662643;5.829981
2.461;7.068731;1.224213;5.844518;10.515796
2.462;13.188426;3.467759;9.720667;13.381099
2.463;20.229164;3.465480;16.763684;13.368970
2.464;21.651647;1.223113;20.428533;10.487226
2.465;14.958791;-2.270022;17.228813;5.803607
2.466;4.526607;-5.438817;9.965424;1.037028
2.467;-1.639270;-6.758419;5.119149;-2.098378
2.468;1.456559;-5.380583;6.837141;-2.545688
2.469;11.592081;-1.505048;13.097128;-0.305130
2.470;21.254312;3.652197;17.602115;3.570591
2.471;23.924048;8.287412;15.636636;7.383020
2.472;19.120615;10.675365;8.445250;9.440746
2.473;11.897407;9.821859;2.075548;8.708628
2.474;7.624129;5.854311;1.769818;5.205657
2.475;7.115479;0.000000;7.115479;0.000000
2.476;6.606991;-5.843050;12.450041;-5.196211
2.477;2.350255;-9.783877;12.134132;-8.677052
2.478;-4.820385;-10.612664;5.792279;-9.389446
2.479;-9.559504;-8.220528;-1.338976;-7.329578
2.480;-6.879594;-3.610975;-3.268619;-3.538313
2.481;2.697686;1.496707;1.200979;0.301823
2.482;12.700655;5.318419;7.382236;2.513528
2.483;15.732519;6.662657;9.069861;2.068110
2.484;9.652786;5.346789;4.305997;-1.020215
2.485;-0.587504;2.219068;-2.806572;-5.699153
2.486;-7.131573;-1.214861;-5.916711;-10.279789
2.487;-5.726784;-3.410982;-2.315803;-13.080753
2.488;1.151483;-3.408720;4.560203;-13.068864
2.489;7.117254;-1.213711;8.330964;-10.251784
2.490;7.801155;2.206498;5.594657;-5.673299
2.491;4.386521;5.311381;-0.924860;-1.013741
2.492;1.689727;6.609311;-4.919584;2.051253
2.493;2.911081;5.269987;-2.358906;2.488511
2.494;6.259302;1.487619;4.771683;0.298276
2.495;6.767783;-3.549959;10.317741;-3.490377
2.496;1.584448;-8.080052;9.664500;-7.217142
2.497;-6.411298;-10.416327;4.005030;-9.228613
2.498;-10.373934;-9.586659;-0.787275;-8.512925
2.499;-5.339988;-5.714959;0.374971;-5.088661
2.500;7.066483;0.000000;7.066483;0.000000
2.501;19.448400;5.703942;13.744458;5.079402
2.502;24.438271;9.549506;14.888764;8.481974
2.503;20.465639;10.355021;10.110618;9.178330
2.504;12.506922;8.014717;4.492205;7.164759
2.505;7.362041;3.509820;3.852221;3.458739
2.506;7.859412;-1.479184;9.338596;-0.295034
2.507;11.155761;-5.208866;16.364628;-2.456989
2.508;12.350996;-6.515391;18.866387;-2.021585
2.509;9.701014;-5.221302;14.922316;0.997261
2.510;6.363862;-2.156883;8.520745;5.570915
2.511;7.049222;1.205102;5.844120;10.048457
2.512;12.881889;3.354642;9.527247;12.786359
2.513;19.571050;3.352398;16.218652;12.774705
2.514;20.903800;1.203905;19.699895;10.021009
2.515;14.513992;-2.144644;16.658637;5.545576
2.516;4.569429;-5.186647;9.756076;0.990916
2.517;-1.313513;-6.463074;5.149561;-2.005063
2.518;1.617959;-5.161251;6.779210;-2.432470
2.519;11.253671;-1.470001;12.723672;-0.291558
2.520;20.450769;3.450410;17.000359;3.411757
2.521;23.006851;7.877502;15.129349;7.054560
2.522;18.456248;10.163063;8.293186;9.020696
2.523;11.594150;9.356606;2.237544;8.321112
2.524;7.521554;5.578632;1.942922;4.973992
2.525;7.017336;0.000000;7.017336;0.000000
2.526;6.513313;-5.567855;12.081168;-4.964918
2.527;2.456591;-9.320270;11.776861;-8.290779
2.528;-4.355292;-10.103127;5.747835;-8.971417
2.529;-8.844583;-7.813687;-1.030896;-7.003222
2.530;-6.278971;-3.411330;-2.867641;-3.380750
2.531;2.836847;1.461484;1.375363;0.288381
2.532;12.345964;5.101168;7.244796;2.401577
2.533;15.216541;6.370974;8.845567;1.975987
2.534;9.416270;5.098487;4.317783;-0.974765
2.535;-0.344436;2.096338;-2.440775;-5.445236
2.536;-6.591432;-1.194965;-5.396468;-9.821741
2.537;-5.274909;-3.298760;-1.976149;-12.497839
2.538;1.259438;-3.296535;4.555972;-12.486419
2.539;6.944875;-1.193724;8.138599;-9.794842
2.540;7.624501;2.084423;5.540078;-5.420404
2.541;4.412657;5.064572;-0.651915;-0.968548
2.542;1.874777;6.319676;-4.444899;1.959797
2.543;3.044395;5.054365;-2.009970;2.377548
2.544;6.218816;1.452218;4.766598;0.284974
2.545;6.684712;-3.353491;10.038203;-3.334709
2.546;1.741291;-7.679674;9.420965;-6.895230
2.547;-5.867203;-9.915472;4.048270;-8.816940
2.548;-9.632050;-9.131617;-0.500434;-8.133138
2.549;-4.837743;-5.445280;0.607537;-4.861618
2.550;6.968048;0.000000;6.968048;0.000000
2.551;18.750376;5.434739;13.315637;4.852727
2.552;23.502551;9.096082;14.406469;8.103416
2.553;19.728113;9.856884;9.871229;8.768651
2.554;12.154994;7.617351;4.537643;6.844925
2.555;7.248427;3.315446;3.932981;3.304325
2.556;7.703943;-1.443630;9.147573;-0.281861
2.557;10.829002;-4.995312;15.824314;-2.347276
2.558;11.973571;-6.229374;18.202945;-1.931305
2.559;9.479882;-4.978302;14.458183;0.952721
2.560;6.341210;-2.037396;8.378607;5.322080
2.561;7.021403;1.184476;5.836928;9.599579
2.562;12.579235;3.243356;9.335879;12.215118
2.563;18.932989;3.241150;15.691839;12.203928
2.564;20.181148;1.183195;18.997953;9.573223
2.565;14.082134;-2.025797;16.107931;5.297749
2.566;4.604573;-4.945115;9.549688;0.946629
2.567;-1.007069;-6.179081;5.172011;-1.915441
2.568;1.768195;-4.949317;6.717512;-2.323732
2.569;10.926832;-1.434291;12.361123;-0.278523
2.570;19.679336;3.259142;16.420194;3.259213
2.571;22.125972;7.486478;14.639494;6.739110
2.572;17.815852;9.673458;8.142395;8.617289
2.573;11.298160;8.911605;2.386555;7.948954
2.574;7.417598;5.314856;2.102742;4.751510
2.575;6.918625;0.000000;6.918625;0.000000
2.576;6.419878;-5.304546;11.724424;-4.742799
2.577;2.554540;-8.876859;11.431400;-7.919833
2.578;-3.915209;-9.616193;5.700984;-8.569978
2.579;-8.166907;-7.425620;-0.741287;-6.689822
2.580;-5.711350;-3.222108;-2.489242;-3.229444
2.581;2.963427;1.425642;1.537785;0.275473
2.582;12.001218;4.891287;7.109930;2.294073
2.583;14.718538;6.090556;8.627982;1.887526
2.584;9.186188;4.860704;4.325484;-0.931122
2.585;-0.115313;1.980021;-2.095334;-5.201415
2.586;-6.077328;-1.173661;-4.903666;-9.381911
2.587;-4.844024;-3.188449;-1.655575;-11.938116
2.588;1.362284;-3.186263;4.548547;-11.927154
2.589;6.779363;-1.172343;7.951706;-9.356090
2.590;7.453279;1.968731;5.484548;-5.177577
2.591;4.433092;4.828235;-0.395143;-0.925154
2.592;2.045431;6.041255;-3.995824;1.871984
2.593;3.165133;4.846093;-1.680960;2.271007
2.594;6.174058;1.416243;4.757815;0.272203
2.595;6.600196;-3.167304;9.767500;-3.185247
2.596;1.886593;-7.297828;9.184420;-6.586156
2.597;-5.351884;-9.436919;4.085035;-8.421689
2.598;-8.928034;-8.696486;-0.231548;-7.768506
2.599;-4.362859;-5.187308;0.824449;-4.643637
2.600;6.869076;0.000000;6.869076;0.000000
2.601;18.078601;5.177227;12.901374;4.635103
2.602;22.603520;8.662516;13.941005;7.739978
2.603;19.018174;9.380954;9.637220;8.375341
2.604;11.813474;7.238405;4.575069;6.537872
2.605;7.135172;3.131259;4.003914;3.156085
2.606;7.551621;-1.407542;8.959163;-0.269215
2.607;10.513593;-4.789079;15.302672;-2.241951
2.608;11.609287;-5.954483;17.563770;-1.844637
2.609;9.263322;-4.745654;14.008976;0.909963
2.610;6.312204;-1.924176;8.236379;5.083205
2.611;6.985880;1.162547;5.823333;9.168673
2.612;12.280689;3.134055;9.146634;11.666754
2.613;18.314618;3.131890;15.182728;11.656016
2.614;19.483073;1.161194;18.321879;9.143380
2.615;13.662941;-1.913187;15.576129;5.059855
2.616;4.632400;-4.713890;9.346290;0.904117
2.617;-0.719242;-5.906162;5.186921;-1.829413
2.618;1.907627;-4.744679;6.652307;-2.219356
2.619;10.611105;-1.398092;12.009197;-0.266012
2.620;18.938852;3.077919;15.860934;3.112790
2.621;21.280158;7.113634;14.166524;6.436323
2.622;17.198671;9.205759;7.992911;8.230080
2.623;11.009300;8.486175;2.523125;7.591743
2.624;7.312408;5.062588;2.249820;4.537967
2.625;6.819408;0.000000;6.819408;0.000000
2.626;6.326660;-5.052731;11.379391;-4.529607
2.627;2.644363;-8.452965;11.097329;-7.563799
2.628;-3.499254;-9.151070;5.651817;-8.184682
2.629;-7.525098;-7.055619;-0.469479;-6.389028
2.630;-5.175448;-3.042839;-2.132609;-3.084225
2.631;3.078007;1.389349;1.688657;0.263085
2.632;11.666178;4.688673;6.977505;2.190896
2.633;14.237934;5.821120;8.416814;1.802626
2.634;8.962303;4.633107;4.329197;-0.889237
2.635;0.100271;1.869826;-1.769555;-4.967416
2.636;-5.588507;-1.151156;-4.437351;-8.959803
2.637;-4.433625;-3.080190;-1.353435;-11.400951
2.638;1.459939;-3.078046;4.537985;-11.390434
2.639;6.620251;-1.149772;7.770022;-8.935029
2.640;7.287178;1.859132;5.428046;-4.944545
2.641;4.448040;4.602037;-0.153996;-0.883511
2.642;2.202312;5.773766;-3.571454;1.787714
2.643;3.273890;4.645062;-1.371172;2.168766
2.644;6.125302;1.379859;4.745443;0.259947
2.645;6.514356;-2.990930;9.505285;-3.041821
2.646;2.020790;-6.933810;8.954600;-6.289566
2.647;-4.864307;-8.979879;4.115572;-8.042407
2.648;-8.260517;-8.280586;0.020068;-7.418610
2.649;-3.914327;-4.940647;1.026320;-4.434467
2.650;6.769628;0.000000;6.769628;0.000000
2.651;17.432189;4.931010;12.501179;4.426280
2.652;21.739935;8.248124;13.491811;7.391242
2.653;18.334908;8.926442;9.408466;7.997944
2.654;11.482048;6.877175;4.604873;6.243246
2.655;7.022281;2.956792;4.065489;3.013845
2.656;7.402297;-1.371083;8.773380;-0.257081
2.657;10.209068;-4.590054;14.799123;-2.140892
2.658;11.257648;-5.690431;16.948078;-1.761480
2.659;9.051245;-4.523022;13.574266;0.868938
2.660;6.277269;-1.816935;8.094204;4.854011
2.661;6.943230;1.139512;5.803718;8.755236
2.662;11.986442;3.026867;8.959575;11.140626
2.663;17.715542;3.024746;14.690796;11.130326
2.664;18.808939;1.138098;17.670841;8.730974
2.665;13.256126;-1.806529;15.062655;4.831614
2.666;4.653267;-4.492633;9.145900;0.863330
2.667;-0.449330;-5.644030;5.194700;-1.746877
2.668;2.036623;-4.547224;6.583846;-2.119219
2.669;10.306042;-1.361561;11.667603;-0.254008
2.670;18.228168;2.906280;15.321889;2.972317
2.671;20.468161;6.758269;13.709892;6.145840
2.672;16.603944;8.759179;7.844765;7.858609
2.673;10.727426;8.079633;2.647792;7.249054
2.674;7.206127;4.821434;2.384693;4.333107
2.675;6.719746;0.000000;6.719746;0.000000
2.676;6.233642;-4.812014;11.045656;-4.325089
2.677;2.726330;-8.047906;10.774235;-7.222253
2.678;-3.106543;-8.706971;5.600429;-7.815068
2.679;-6.917785;-6.702986;-0.214799;-6.100480
2.680;-4.669992;-2.873062;-1.796929;-2.944920
2.681;3.181155;1.352760;1.828394;0.251201
2.682;11.340602;4.493206;6.847396;2.091923
2.683;13.774154;5.562377;8.211778;1.721186
2.684;8.744386;4.415356;4.329030;-0.849059
2.685;0.302734;1.765469;-1.462736;-4.742956
2.686;-5.124202;-1.127636;-3.996565;-8.554908
2.687;-4.043180;-2.974101;-1.069079;-10.885696
2.688;1.552350;-2.972002;4.524352;-10.875610
2.689;6.467101;-1.126197;7.593297;-8.531150
2.690;7.125906;1.755344;5.370562;-4.721024
2.691;4.457717;4.385638;0.072079;-0.843568
2.692;2.346036;5.516915;-3.170880;1.706886
2.693;3.371249;4.451149;-1.079900;2.070701
2.694;6.072813;1.343216;4.729597;0.248192
2.695;6.427308;-2.823914;9.251221;-2.904256
2.696;2.144317;-6.586924;8.731242;-6.005098
2.697;-4.403436;-8.543563;4.140127;-7.678630
2.698;-7.628136;-7.883233;0.255097;-7.083021
2.699;-3.491142;-4.704902;1.213760;-4.233852
2.700;6.669768;0.000000;6.669768;0.000000
2.701;16.810262;4.695694;12.114568;4.226002
2.702;20.910554;7.852226;13.058328;7.056779
2.703;17.677407;8.492561;9.184846;7.635996
2.704;11.160406;6.532967;4.627439;5.960684
2.705;6.909760;2.791594;4.118166;2.877430
2.706;7.255831;-1.334399;8.590230;-0.245444
2.707;9.914972;-4.398111;14.313083;-2.043973
2.708;10.918166;-5.436921;16.355086;-1.681731
2.709;8.843556;-4.310068;13.153624;0.829595
2.710;6.236817;-1.715395;7.952212;4.634215
2.711;6.894002;1.115550;5.778452;8.358753
2.712;11.696658;2.921902;8.774755;10.636079
2.713;17.135341;2.919826;14.215515;10.626203
2.714;18.158090;1.114087;17.044003;8.335492
2.715;12.861387;-1.705544;14.566931;4.612741
2.716;4.667525;-4.281007;8.948532;0.824218
2.717;-0.196637;-5.392385;5.195748;-1.667730
2.718;2.155553;-4.356820;6.512373;-2.023194
2.719;10.011206;-1.324841;11.336047;-0.242498
2.720;17.546148;2.743776;14.802372;2.837615
2.721;19.688743;6.419692;13.269051;5.867295
2.722;16.030915;8.332933;7.697982;7.502408
2.723;10.452387;7.691301;2.761087;6.920455
2.724;7.098893;4.591000;2.507893;4.136671
2.725;6.619702;0.000000;6.619702;0.000000
2.726;6.140810;-4.582000;10.722810;-4.128986
2.727;2.800711;-7.661001;10.461712;-6.894763
2.728;-2.736196;-8.283113;5.546917;-7.460668
2.729;-6.343609;-6.367032;0.023422;-5.823811
2.730;-4.193727;-2.712333;-1.481394;-2.811352
2.731;3.273429;1.316015;1.957414;0.239807
2.732;11.024237;4.304752;6.719486;1.997027
2.733;13.326626;5.314024;8.012601;1.643101
2.734;8.532211;4.207115;4.325097;-0.810537
2.735;0.492501;1.666678;-1.174177;-4.527750
2.736;-4.683627;-1.103275;-3.580352;-8.166707
2.737;-3.672139;-2.870282;-0.801856;-10.391690
2.738;1.639492;-2.868230;4.507722;-10.382022
2.739;6.319502;-1.101790;7.421292;-8.143934
2.740;6.969185;1.657094;5.312091;-4.506727
2.741;4.462340;4.178701;0.283639;-0.805273
2.742;2.477203;5.270401;-2.793198;1.629395
2.743;3.457777;4.264219;-0.806442;1.976685
2.744;6.016847;1.306451;4.710397;0.236923
2.745;6.339164;-2.665814;9.004978;-2.772373
2.746;2.257608;-6.256486;8.514094;-5.732384
2.747;-3.968245;-8.127193;4.158948;-7.329886
2.748;-7.029536;-7.503752;0.474216;-6.761303
2.749;-3.092309;-4.479680;1.387372;-4.041531
2.750;6.569556;0.000000;6.569556;0.000000
2.751;16.211945;4.470885;11.741060;4.034007
2.752;20.114148;7.474145;12.640003;6.736152
2.753;17.044765;8.078532;8.966233;7.289025
2.754;10.848237;6.205096;4.643141;5.689816
2.755;6.797621;2.635226;4.162395;2.746662
2.756;7.112093;-1.297623;8.409716;-0.234289
2.757;9.630863;-4.213110;13.843973;-1.951068
2.758;10.590364;-5.193650;15.784014;-1.605285
2.759;8.640161;-4.106455;12.746615;0.791881
2.760;6.191240;-1.619285;7.810525;4.423526
2.761;6.838718;1.090828;5.747890;7.978703
2.762;11.411470;2.819251;8.592219;10.152447
2.763;16.573578;2.817222;13.756356;10.142983
2.764;17.529859;1.089324;16.440535;7.956411
2.765;12.478418;-1.609963;14.088380;4.402947
2.766;4.675514;-4.078675;8.754189;0.786728
2.767;0.039529;-5.150925;5.190453;-1.591867
2.768;2.264792;-4.173327;6.438119;-1.931155
2.769;9.726173;-1.288061;11.014234;-0.231465
2.770;16.891675;2.589974;14.301702;2.708506
2.771;18.940681;6.097223;12.843459;5.600319
2.772;15.478831;7.926246;7.552585;7.161004
2.773;10.184033;7.320503;2.863530;6.605509
2.774;6.990836;4.370894;2.619942;3.948399
2.775;6.519336;0.000000;6.519336;0.000000
2.776;6.048154;-4.362299;10.410454;-3.941034
2.777;2.867784;-7.291577;10.159360;-6.580890
2.778;-2.387342;-7.878722;5.491380;-7.121007
2.779;-5.801231;-6.047078;0.245847;-5.558651
2.780;-3.745421;-2.560220;-1.185201;-2.683340
2.781;3.355370;1.279238;2.076132;0.228887
2.782;10.716833;4.123167;6.593666;1.906081
2.783;12.894781;5.075758;7.819023;1.568268
2.784;8.325562;4.008046;4.317516;-0.773619
2.785;0.670005;1.573185;-0.903180;-4.321506
2.786;-4.265992;-1.078229;-3.187763;-7.794677
2.787;-3.319933;-2.768816;-0.551117;-9.918266
2.788;1.721367;-2.766811;4.488177;-9.909003
2.789;6.177070;-1.076708;7.253778;-7.772857
2.790;6.816756;1.564117;5.252639;-4.301363
2.791;4.462126;3.980889;0.481237;-0.768576
2.792;2.596406;5.033917;-2.437512;1.555135
2.793;3.534028;4.084125;-0.550098;1.886590
2.794;5.957651;1.269685;4.687966;0.226123
2.795;6.250034;-2.516203;8.766237;-2.645993
2.796;2.361090;-5.941820;8.302910;-5.471052
2.797;-3.557717;-7.729999;4.172281;-6.995701
2.798;-6.463378;-7.141471;0.678093;-6.453018
2.799;-2.716843;-4.264593;1.547749;-3.857242
2.800;6.469052;0.000000;6.469052;0.000000
2.801;15.636375;4.256195;11.380181;3.850034
2.802;19.349500;7.113212;12.236289;6.428922
2.803;16.436091;7.683588;8.752503;6.956555
2.804;10.545237;5.892893;4.652343;5.430270
2.805;6.685876;2.487263;4.198614;2.621362
2.806;6.970960;-1.260874;8.231834;-0.223600
2.807;9.356313;-4.034904;13.391217;-1.862049
2.808;10.273778;-4.960310;15.234089;-1.532037
2.809;8.440963;-3.911847;12.352810;0.755745
2.810;6.140912;-1.528344;7.669257;4.221654
2.811;6.777872;1.065495;5.712377;7.614561
2.812;11.130987;2.718985;8.412002;9.689063
2.813;16.029798;2.717005;13.312794;9.679997
2.814;16.923574;1.063959;15.859615;7.593207
2.815;12.106905;-1.519525;13.626429;4.201940
2.816;4.677568;-3.885301;8.562869;0.750809
2.817;0.259850;-4.919340;5.179190;-1.519184
2.818;2.364714;-3.996594;6.361308;-1.842974
2.819;9.450533;-1.251337;10.701870;-0.220895
2.820;16.263656;2.444451;13.819205;2.584811
2.821;18.222775;5.790196;12.432579;5.344538
2.822;14.946950;7.538356;7.408594;6.833919
2.823;9.922206;6.966574;2.955632;6.303775
2.824;6.882081;4.160729;2.721353;3.768027
2.825;6.418709;0.000000;6.418709;0.000000
2.826;5.955670;-4.152523;10.108194;-3.760972
2.827;2.927822;-6.938968;9.866791;-6.280194
2.828;-2.059118;-7.493036;5.433918;-6.795609
2.829;-5.289331;-5.742462;0.453131;-5.304627
2.830;-3.323863;-2.416304;-0.907559;-2.560706
2.831;3.427505;1.242543;2.184962;0.218425
2.832;10.418135;3.948299;6.469835;1.818957
2.833;12.478061;4.847268;7.630793;1.496579
2.834;8.124229;3.817816;4.306413;-0.738253
2.835;0.835678;1.484733;-0.649054;-4.123933
2.836;-3.870503;-1.052644;-2.817860;-7.438291
2.837;-2.985983;-2.669766;-0.316218;-9.464754
2.838;1.797995;-2.667810;4.465805;-9.455882
2.839;6.039446;-1.051094;7.090540;-7.417394
2.840;6.668373;1.476155;5.192218;-4.104642
2.841;4.457291;3.791870;0.665421;-0.733423
2.842;2.704219;4.807155;-2.102936;1.484001
2.843;3.600537;3.910714;-0.310177;1.800289
2.844;5.895459;1.233029;4.662430;0.215779
2.845;6.160022;-2.374668;8.534690;-2.524937
2.846;2.455184;-5.642270;8.097455;-5.220730
2.847;-3.170852;-7.351224;4.180372;-6.675598
2.848;-5.928346;-6.795730;0.867384;-6.157725
2.849;-2.363777;-4.059254;1.695478;-3.680721
2.850;6.368316;0.000000;6.368316;0.000000
2.851;15.082705;4.051238;11.031467;3.673818
2.852;18.615414;6.768765;11.846649;6.134650
2.853;15.850503;7.306974;8.543529;6.638109
2.854;10.251102;5.595702;4.655400;5.181675
2.855;6.574542;2.347294;4.227247;2.501349
2.856;6.832318;-1.224258;8.056576;-0.213362
2.857;9.090911;-3.863335;12.954246;-1.776788
2.858;9.967957;-4.736593;14.704549;-1.461881
2.859;8.245866;-3.725912;11.971778;0.721136
2.860;6.086192;-1.442319;7.528512;4.028308
2.861;6.711931;1.039690;5.672241;7.265801
2.862;10.855298;2.621163;8.234135;9.245256
2.863;15.503538;2.619232;12.884306;9.236575
2.864;16.338560;1.038130;15.300431;7.245353
2.865;11.746533;-1.433978;13.180511;4.009431
2.866;4.674012;-3.700554;8.374566;0.716409
2.867;0.464998;-4.697321;5.162319;-1.449574
2.868;2.455691;-3.826464;6.282155;-1.758522
2.869;9.183891;-1.214773;10.398664;-0.210772
2.870;15.661021;2.306803;13.354218;2.466349
2.871;17.533848;5.497963;12.035885;5.099581
2.872;14.434541;7.168512;7.266029;6.520677
2.873;9.666750;6.628858;3.037892;6.014814
2.874;6.772750;3.960123;2.812627;3.595291
2.875;6.317880;0.000000;6.317880;0.000000
2.876;5.863357;-3.952292;9.815649;-3.588536
2.877;2.981103;-6.602522;9.583625;-5.992235
2.878;-1.750676;-7.125308;5.374632;-6.483996
2.879;-4.806618;-5.452535;0.645917;-5.061367
2.880;-2.927872;-2.280184;-0.647688;-2.443269
2.881;3.490346;1.206031;2.284314;0.208407
2.882;10.127890;3.779989;6.347901;1.735526
2.883;12.075916;4.628245;7.447671;1.427931
2.884;7.928009;3.636094;4.291914;-0.704387
2.885;0.989957;1.401074;-0.411117;-3.934741
2.886;-3.496367;-1.026650;-2.469717;-7.097025
2.887;-2.669703;-2.573183;-0.096520;-9.030485
2.888;1.869420;-2.571276;4.440696;-9.021992
2.889;5.906294;-1.025080;6.931374;-7.077018
2.890;6.523807;1.392963;5.130844;-3.916272
2.891;4.448051;3.611314;0.836737;-0.699762
2.892;2.801203;4.589802;-1.788599;1.415888
2.893;3.657824;3.743824;-0.086000;1.717654
2.894;5.830498;1.196580;4.633918;0.205874
2.895;6.069229;-2.240810;8.310039;-2.409024
2.896;2.540306;-5.357194;7.897500;-4.981045
2.897;-2.806665;-6.990128;4.183463;-6.369099
2.898;-5.423145;-6.465879;1.042734;-5.874985
2.899;-2.032159;-3.863287;1.831129;-3.511705
2.900;6.267408;0.000000;6.267408;0.000000
2.901;14.550104;3.855638;10.694466;3.505096
2.902;17.910718;6.440158;11.470559;5.852896
2.903;15.287139;6.947949;8.339189;6.333211
2.904;9.965540;5.312883;4.652657;4.943658
2.905;6.463634;2.214925;4.248709;2.386443
2.906;6.696060;-1.187873;7.883933;-0.203560
2.907;8.834260;-3.698240;12.532500;-1.695156
2.908;9.672461;-4.522186;14.194647;-1.394713
2.909;8.054775;-3.548323;11.603098;0.688000
2.910;6.027420;-1.360967;7.388388;3.843198
2.911;6.641338;1.013537;5.627801;6.931898
2.912;10.584470;2.525828;8.058641;8.820359
2.913;14.994326;2.523947;12.470378;8.812050
2.914;15.774145;1.011960;14.762185;6.912325
2.915;11.396985;-1.353080;12.750065;3.825129
2.916;4.665159;-3.524108;8.189268;0.683476
2.917;0.655634;-4.484557;5.140191;-1.382932
2.918;2.538093;-3.662772;6.200865;-1.677671
2.919;8.925866;-1.178461;10.104327;-0.201081
2.920;15.082731;2.176639;12.906092;2.352941
2.921;16.872748;5.219887;11.652861;4.865076
2.922;13.940887;6.815981;7.124905;6.220805
2.923;9.417509;6.306713;3.110795;5.738187
2.924;6.662957;3.768702;2.894255;3.429929
2.925;6.216907;0.000000;6.216907;0.000000
2.926;5.771217;-3.761231;9.532447;-3.423465
2.927;3.027899;-6.281596;9.309495;-5.716576
2.928;-1.461183;-6.774807;5.313624;-6.185696
2.929;-4.351829;-5.176668;0.824839;-4.828501
2.930;-2.556296;-2.151471;-0.404825;-2.330850
2.931;3.544387;1.169793;2.374594;0.198818
2.932;9.845848;3.618069;6.227779;1.655662
2.933;11.687807;4.418376;7.269430;1.362217
2.934;7.736708;3.462557;4.274151;-0.671969
2.935;1.133276;1.321970;-0.188694;-3.753641
2.936;-3.142794;-1.000366;-2.142428;-6.770356
2.937;-2.370501;-2.479103;0.108602;-8.614795
2.938;1.935700;-2.477247;4.412948;-8.606666
2.939;5.777304;-0.998783;6.776087;-6.751209
2.940;6.382845;1.314301;5.068544;-3.735965
2.941;4.434617;3.438897;0.995719;-0.667543
2.942;2.887903;4.381549;-1.493645;1.350692
2.943;3.706392;3.583287;0.123104;1.638558
2.944;5.762986;1.160426;4.602560;0.196393
2.945;5.977754;-2.114246;8.091999;-2.298077
2.946;2.616861;-5.085966;7.702827;-4.751629
2.947;-2.464192;-6.645984;4.181792;-6.075734
2.948;-4.946510;-6.151283;1.204773;-5.604363
2.949;-1.721059;-3.676320;1.955261;-3.349933
2.950;6.166386;0.000000;6.166386;0.000000
2.951;14.037758;3.669024;10.368734;3.343609
2.952;17.234263;6.126756;11.107507;5.583223
2.953;14.745153;6.605792;8.139361;6.041391
2.954;9.688260;5.043814;4.644446;4.715851
2.955;6.353174;2.089776;4.263398;2.276467
2.956;6.562089;-1.151802;7.713891;-0.194179
2.957;8.585979;-3.539453;12.125432;-1.617027
2.958;9.386868;-4.316779;13.703647;-1.330428
2.959;7.867594;-3.378758;11.246352;0.656287
2.960;5.964921;-1.284054;7.248975;3.666035
2.961;6.566511;0.987150;5.579360;6.612334
2.962;10.318550;2.433011;7.885539;8.413711
2.963;14.501685;2.431180;12.070505;8.405760
2.964;15.229657;0.985562;14.244095;6.593605
2.965;11.057946;-1.276598;12.334544;3.648745
2.966;4.651316;-3.355642;8.006958;0.651957
2.967;0.832403;-4.280738;5.113141;-1.319155
2.968;2.612285;-3.505349;6.117634;-1.600297
2.969;8.676090;-1.142485;9.818575;-0.191807
2.970;14.527775;2.053583;12.474192;2.244410
2.971;16.238355;4.955355;11.283000;4.640657
2.972;13.465285;6.480048;6.985237;5.933830
2.973;9.174325;5.999511;3.174815;5.473460
2.974;6.552812;3.586098;2.966713;3.271683
2.975;6.115850;0.000000;6.115850;0.000000
2.976;5.679256;-3.578973;9.258228;-3.265497
2.977;3.068485;-5.975561;9.044046;-5.452783
2.978;-1.189824;-6.440818;5.250994;-5.900238
2.979;-3.923731;-4.914246;0.990515;-4.605661
2.980;-2.208015;-2.029793;-0.178221;-2.223273
2.981;3.590108;1.133909;2.456199;0.189641
2.982;9.571759;3.462370;6.109389;1.579238
2.983;11.313208;4.217354;7.095854;1.299334
2.984;7.550141;3.296886;4.253255;-0.640948
2.985;1.266064;1.247192;0.018873;-3.580345
2.986;-2.809003;-0.973902;-1.835101;-6.457767
2.987;-2.087785;-2.387552;0.299767;-8.217025
2.988;1.996913;-2.385747;4.382660;-8.209248
2.989;5.652186;-0.972310;6.624496;-6.439449
2.990;6.245287;1.239943;5.005344;-3.563434
2.991;4.417198;3.274302;1.142896;-0.636713
2.992;2.964849;4.182086;-1.217237;1.288308
2.993;3.746724;3.428934;0.317790;1.562874
2.994;5.693131;1.124646;4.568485;0.187321
2.995;5.885689;-1.994608;7.880297;-2.191918
2.996;2.685247;-4.827980;7.513227;-4.532115
2.997;-2.142492;-6.318087;4.175595;-5.795034
2.998;-4.497204;-5.851320;1.354116;-5.345425
2.999;-1.429570;-3.497991;2.068421;-3.195147
3.000;6.065307;0.000000;6.065307;0.000000
3.001;13.544875;3.491033;10.053843;3.189097
3.002;16.584930;5.827937;10.756993;5.325202
3.003;14.223723;6.279798;7.943925;5.762179
3.004;9.418982;4.787891;4.631091;4.497888
3.005;6.243182;1.971480;4.271702;2.171245
3.006;6.430313;-1.116122;7.546434;-0.185203
3.007;8.345703;-3.386800;11.732502;-1.542277
3.008;9.110770;-4.120064;13.230834;-1.268923
3.009;7.684229;-3.216903;10.901132;0.625945
3.010;5.899003;-1.211355;7.110358;3.496535
3.011;6.487843;0.960632;5.527211;6.306593
3.012;10.057571;2.342730;7.714842;8.024656
3.013;14.025139;2.340950;11.684189;8.017050
3.014;14.704436;0.959039;13.745398;6.288677
3.015;10.729100;-1.204309;11.933409;3.479996
3.016;4.632778;-3.194840;7.827618;0.621804
3.017;0.995937;-4.085555;5.081492;-1.258139
3.018;2.678628;-3.354022;6.032650;-1.526273
3.019;8.434213;-1.106917;9.541130;-0.182934
3.020;13.995173;1.937275;12.057898;2.140579
3.021;15.629580;4.703768;10.925812;4.425959
3.022;13.007053;6.160015;6.847039;5.659289
3.023;8.937045;5.706636;3.230409;5.220204
3.024;6.442420;3.411955;3.030465;3.120294
3.025;6.014764;0.000000;6.014764;0.000000
3.026;5.587484;-3.405160;8.992644;-3.114378
3.027;3.103128;-5.683807;8.786935;-5.200427
3.028;-0.935803;-6.122647;5.186843;-5.627158
3.029;-3.521127;-4.664676;1.143549;-4.392486
3.030;-1.881940;-1.914793;0.032852;-2.120362
3.031;3.627968;1.098449;2.529519;0.180862
3.032;9.305380;3.312720;5.992660;1.506130
3.033;10.951609;4.024871;6.926738;1.239180
3.034;7.368129;3.138769;4.229360;-0.611273
3.035;1.388749;1.176518;0.212231;-3.414571
3.036;-2.494221;-0.947353;-1.546869;-6.158749
3.037;-1.820964;-2.298544;0.477579;-7.836525
3.038;2.053145;-2.296790;4.349934;-7.829086
3.039;5.530673;-0.945759;6.476432;-6.141228
3.040;6.110947;1.169668;4.941279;-3.398396
3.041;4.396002;3.117218;1.278784;-0.607223
3.042;3.032550;3.991107;-0.958557;1.228635
3.043;3.779290;3.280591;0.498699;1.490479
3.044;5.621132;1.089306;4.531825;0.178643
3.045;5.793126;-1.881543;7.674669;-2.090373
3.046;2.745853;-4.582647;7.328500;-4.322144
3.047;-1.840647;-6.005748;4.165102;-5.526538
3.048;-4.074023;-5.565384;1.491361;-5.097746
3.049;-1.156807;-3.327946;2.171139;-3.047093
3.050;5.964227;0.000000;5.964227;0.000000
3.051;13.070686;3.321312;9.749375;3.041307
3.052;15.961632;5.543098;10.418534;5.078406
3.053;13.722044;5.969281;7.752763;5.495117
3.054;9.157432;4.544530;4.612903;4.289411
3.055;6.133682;1.859689;4.273993;2.070602
3.056;6.300647;-1.080897;7.381545;-0.176618
3.057;8.113082;-3.240108;11.353190;-1.470780
3.058;8.843773;-3.931737;12.775510;-1.210095
3.059;7.504590;-3.062448;10.567038;0.596924
3.060;5.829960;-1.142655;6.972614;3.334417
3.061;6.405707;0.934074;5.471632;6.014171
3.062;9.801553;2.254994;7.546558;7.652550
3.063;13.564212;2.253266;11.310946;7.645277
3.064;14.197829;0.932481;13.265348;5.997038
3.065;10.410138;-1.135997;11.546135;3.318601
3.066;4.609829;-3.041398;7.651227;0.592964
3.067;1.146849;-3.898705;5.045555;-1.199783
3.068;2.737475;-3.208618;5.946093;-1.455476
3.069;8.199898;-1.071821;9.271719;-0.174448
3.070;13.483977;1.827369;11.656608;2.041277
3.071;15.045364;4.464547;10.580817;4.220626
3.072;12.565524;5.855204;6.710321;5.396724
3.073;8.705514;5.427492;3.278022;4.977998
3.074;6.331880;3.245922;3.085959;2.975511
3.075;5.913705;0.000000;5.913705;0.000000
3.076;5.495912;-3.239444;8.735357;-2.969854
3.077;3.132094;-5.405736;8.537830;-4.959086
3.078;-0.698345;-5.819618;5.121273;-5.365999
3.079;-3.142853;-4.427382;1.284529;-4.188618
3.080;-1.577019;-1.806127;0.229107;-2.021945
3.081;3.658414;1.063475;2.594939;0.172467
3.082;9.046469;3.168943;5.877527;1.436215
3.083;10.602511;3.840624;6.761887;1.181654
3.084;7.190503;2.987902;4.202601;-0.582894
3.085;1.501751;1.109739;0.392012;-3.256040
3.086;-2.197689;-0.920807;-1.276882;-5.872797
3.087;-1.569452;-2.212081;0.642629;-7.472655
3.088;2.104498;-2.210378;4.314876;-7.465542
3.089;5.412517;-0.919216;6.331733;-5.856045
3.090;5.979653;1.103268;4.876386;-3.240575
3.091;4.371230;2.967342;1.403888;-0.579022
3.092;3.091503;3.808311;-0.716808;1.171571
3.093;3.804537;3.138082;0.666455;1.421250
3.094;5.547178;1.054468;4.492710;0.170345
3.095;5.700153;-1.774713;7.474866;-1.993270
3.096;2.799056;-4.349399;7.148456;-4.121361
3.097;-1.557762;-5.708300;4.150539;-5.269791
3.098;-3.675795;-5.292887;1.617092;-4.860908
3.099;-0.901910;-3.165840;2.263930;-2.905519
3.100;5.863204;0.000000;5.863204;0.000000
3.101;12.614443;3.159516;9.454926;2.899987
3.102;15.363311;5.271651;10.091660;4.842417
3.103;13.239339;5.673576;7.565763;5.239750
3.104;8.903345;4.313164;4.590182;4.090065
3.105;6.024697;1.754066;4.270631;1.974368
3.106;6.173016;-1.046187;7.219204;-0.168409
3.107;7.887782;-3.099201;10.986983;-1.402417
3.108;8.585500;-3.751495;12.336995;-1.153846
3.109;7.328585;-2.915094;10.243679;0.569176
3.110;5.758069;-1.077747;6.835816;3.179406
3.111;6.320451;0.907561;5.412891;5.734567
3.112;9.550499;2.169804;7.380695;7.296759
3.113;13.118429;2.168126;10.950303;7.289806
3.114;13.709194;0.905973;12.803221;5.718188
3.115;10.100754;-1.071457;11.172211;3.164285
3.116;4.582746;-2.895014;7.477760;0.565390
3.117;1.285738;-3.719888;5.005626;-1.143987
3.118;2.789173;-3.068961;5.858134;-1.387785
3.119;7.972825;-1.037253;9.010078;-0.166334
3.120;12.993272;1.723534;11.269738;1.946333
3.121;14.484686;4.237135;10.247551;4.024306
3.122;12.140052;5.564958;6.575095;5.145685
3.123;8.479581;5.161499;3.318083;4.746425
3.124;6.221290;3.087660;3.133631;2.837086
3.125;5.812730;0.000000;5.812730;0.000000
3.126;5.404557;-3.081486;8.486043;-2.831677
3.127;3.155643;-5.140770;8.296413;-4.728346
3.128;-0.476694;-5.531076;5.054383;-5.116314
3.129;-2.787780;-4.201808;1.414028;-3.993708
3.130;-1.292233;-1.703467;0.411235;-1.927852
3.131;3.681872;1.029041;2.652831;0.164441
3.132;8.794793;3.030862;5.763930;1.369373
3.133;10.265432;3.664314;6.601118;1.126657
3.134;7.017100;2.843987;4.173113;-0.555763
3.135;1.605485;1.046653;0.558832;-3.104480
3.136;-1.918660;-0.894344;-1.024317;-5.599420
3.137;-1.332666;-2.128161;0.795494;-7.124787
3.138;2.151083;-2.126508;4.277591;-7.117989
3.139;5.297489;-0.892760;6.190249;-5.583407
3.140;5.851245;1.040540;4.810705;-3.089697
3.141;4.343080;2.824378;1.518702;-0.552062
3.142;3.142184;3.633399;-0.491215;1.117018
3.143;3.822899;3.001232;0.821667;1.355068
3.144;5.471452;1.020183;4.451269;0.162413
3.145;5.606853;-1.673794;7.280647;-1.900443
3.146;2.845225;-4.127687;6.972912;-3.929417
3.147;-1.292970;-5.425096;4.132127;-5.024350
3.148;-3.301385;-5.033256;1.731872;-4.634499
3.149;-0.664045;-3.011339;2.347294;-2.770181
3.150;5.762291;0.000000;5.762291;0.000000
3.151;12.175421;3.005313;9.170108;2.764893
3.152;14.788942;5.013025;9.775917;4.616825
3.153;12.774851;5.392039;7.382812;4.995636
3.154;8.656465;4.093248;4.563217;3.899504
3.155;5.916254;1.654292;4.261962;1.882375
3.156;6.047348;-1.012042;7.059390;-0.160562
3.157;7.669486;-2.963903;10.633389;-1.337067
3.158;8.335587;-3.579044;11.914631;-1.100076
3.159;7.156128;-2.774547;9.930675;0.542651
3.160;5.683596;-1.016434;6.700029;3.031230
3.161;6.232407;0.881165;5.351242;5.467296
3.162;9.304403;2.087150;7.217254;6.956662
3.163;12.687323;2.085522;10.601800;6.950016
3.164;13.237901;0.879587;12.358314;5.451641
3.165;9.800647;-1.010493;10.811140;3.016778
3.166;4.551793;-2.755397;7.307191;0.539032
3.167;1.413184;-3.548807;4.961992;-1.090653
3.168;2.834063;-2.934873;5.768936;-1.323083
3.169;7.752685;-1.003262;8.755948;-0.158579
3.170;12.522174;1.625454;10.896721;1.855580
3.171;13.946554;4.020990;9.925564;3.836654
3.172;11.730010;5.288639;6.441370;4.905732
3.173;8.259099;4.908092;3.351008;4.525080
3.174;6.110740;2.936839;3.173901;2.704774
3.175;5.711892;0.000000;5.711892;0.000000
3.176;5.313435;-2.930956;8.244391;-2.699606
3.177;3.174033;-4.888347;8.062379;-4.507802
3.178;-0.270117;-5.256388;4.986270;-4.877662
3.179;-2.454816;-3.987418;1.532602;-3.807411
3.180;-1.026596;-1.606501;0.579905;-1.837918
3.181;3.698756;0.995195;2.703561;0.156769
3.182;8.550121;2.898303;5.651818;1.305486
3.183;9.939907;3.495648;6.444258;1.074091
3.184;6.847768;2.706737;4.141030;-0.529832
3.185;1.700356;0.987066;0.713290;-2.959623
3.186;-1.656403;-0.868033;-0.788371;-5.338135
3.187;-1.110033;-2.046769;0.936736;-6.792308
3.188;2.193019;-2.045167;4.238186;-6.785811
3.189;5.185380;-0.866460;6.051840;-5.322832
3.190;5.725575;0.981293;4.744282;-2.945495
3.191;4.311746;2.688038;1.623707;-0.526295
3.192;3.185052;3.466078;-0.281026;1.064880
3.193;3.834791;2.869863;0.964928;1.291816
3.194;5.394129;0.986496;4.407633;0.154831
3.195;5.513308;-1.578477;7.091785;-1.811725
3.196;2.884716;-3.916980;6.801696;-3.745973
3.197;-1.045429;-5.155510;4.110081;-4.789778
3.198;-2.949690;-4.785938;1.836247;-4.418118
3.199;-0.442404;-2.864118;2.421715;-2.640837
3.200;5.661541;0.000000;5.661541;0.000000
3.201;11.752921;2.858377;8.894545;2.635785
3.202;14.237535;4.766668;9.470867;4.401229
3.203;12.327850;5.124046;7.203804;4.762339
3.204;8.416542;3.884254;4.532288;3.717388
3.205;5.808378;1.560059;4.248319;1.794460
3.206;5.923579;-0.978504;6.902083;-0.153062
3.207;7.457890;-2.834038;10.291928;-1.274614
3.208;8.093687;-3.414092;11.507779;-1.048690
3.209;6.987134;-2.640524;9.627658;0.517302
3.210;5.606790;-0.958527;6.565317;2.889626
3.211;6.141882;0.854954;5.286928;5.211878
3.212;9.063250;2.007016;7.056234;6.631650
3.213;12.270429;2.005439;10.264990;6.625300
3.214;12.783335;0.853388;11.929946;5.196920
3.215;9.509523;-0.952917;10.462440;2.875817
3.216;4.517227;-2.622265;7.139492;0.513844
3.217;1.529749;-3.385175;4.914924;-1.039687
3.218;2.872476;-2.806179;5.678655;-1.261252
3.219;7.539188;-0.969889;8.509077;-0.151168
3.220;12.069835;1.532826;10.537009;1.768857
3.221;13.430015;3.815594;9.614422;3.657334
3.222;11.334791;5.025634;6.309157;4.676434
3.223;8.043923;4.666727;3.377197;4.313564
3.224;6.000316;2.793139;3.207177;2.578340
3.225;5.611245;0.000000;5.611245;0.000000
3.226;5.222565;-2.787535;8.010100;-2.573401
3.227;3.187513;-4.647922;7.835435;-4.297056
3.228;-0.077906;-4.994939;4.917033;-4.649615
3.229;-2.142905;-3.783694;1.640789;-3.629394
3.230;-0.779161;-1.514930;0.735769;-1.751982
3.231;3.709459;0.961975;2.747484;0.149439
3.232;8.312230;2.771088;5.541142;1.244439
3.233;9.625483;3.334339;6.291144;1.023862
3.234;6.682359;2.575872;4.106487;-0.505054
3.235;1.786763;0.930795;0.855968;-2.821207
3.236;-1.410203;-0.841936;-0.568267;-5.088469
3.237;-0.900987;-1.967887;1.066900;-6.474616
3.238;2.230433;-1.966335;4.196769;-6.468409
3.239;5.075995;-0.840378;5.916374;-5.073848
3.240;5.602506;0.925343;4.677163;-2.807710
3.241;4.277416;2.558045;1.719371;-0.501675
3.242;3.220552;3.306062;-0.085510;1.015062
3.243;3.840610;2.743801;1.096810;1.231378
3.244;5.315372;0.953445;4.361927;0.147587
3.245;5.419597;-1.488467;6.908064;-1.726956
3.246;2.917875;-3.716769;6.634644;-3.570695
3.247;-0.814324;-4.898937;4.084612;-4.565650
3.248;-2.619646;-4.550394;1.930748;-4.211372
3.249;-0.236204;-2.723864;2.487660;-2.517253
3.250;5.561009;0.000000;5.561009;0.000000
3.251;11.346268;2.718394;8.627874;2.512427
3.252;13.708132;4.532044;9.176088;4.195237
3.253;11.897628;4.868994;7.028634;4.539436
3.254;8.183338;3.685676;4.497662;3.543387
3.255;5.701097;1.471077;4.230021;1.710463
3.256;5.801649;-0.945611;6.747260;-0.145897
3.257;7.252705;-2.709430;9.962135;-1.214945
3.258;7.859469;-3.256354;11.115823;-0.999595
3.259;6.821520;-2.512749;9.334268;0.493083
3.260;5.527888;-0.903848;6.431735;2.754334
3.261;6.049169;0.828986;5.220183;4.967850
3.262;8.827013;1.929380;6.897633;6.321132
3.263;11.867293;1.927853;9.939440;6.315066
3.264;12.344895;0.827437;11.517458;4.953560
3.265;9.227092;-0.898550;10.125642;2.741143
3.266;4.479293;-2.495344;6.974636;0.489780
3.267;1.635978;-3.228706;4.864685;-0.990995
3.268;2.904735;-2.682705;5.587440;-1.202180
3.269;7.332054;-0.937169;8.269222;-0.144087
3.270;11.635437;1.445363;10.190074;1.686004
3.271;12.934149;3.620445;9.313703;3.486018
3.272;10.953809;4.775346;6.178463;4.457372
3.273;7.833911;4.436876;3.397036;4.111492
3.274;5.890103;2.656253;3.233850;2.457550
3.275;5.510840;0.000000;5.510840;0.000000
3.276;5.131969;-2.650915;7.782884;-2.452833
3.277;3.196330;-4.418970;7.615299;-4.095722
3.278;0.100628;-4.746139;4.846767;-4.431753
3.279;-1.851030;-3.590140;1.739110;-3.459328
3.280;-0.549012;-1.428466;0.879454;-1.669884
3.281;3.714361;0.929417;2.784945;0.142436
3.282;8.080903;2.649043;5.431860;1.186120
3.283;9.321727;3.180104;6.141623;0.975878
3.284;6.520736;2.451120;4.069615;-0.481383
3.285;1.865094;0.877664;0.987430;-2.688977
3.286;-1.179363;-0.816110;-0.363253;-4.849964
3.287;-0.704973;-1.891490;1.186517;-6.171127
3.288;2.263460;-1.889988;4.153447;-6.165198
3.289;4.969159;-0.814570;5.783729;-4.835998
3.290;5.481912;0.872517;4.609395;-2.676085
3.291;4.240276;2.434128;1.806148;-0.478155
3.292;3.249109;3.153072;0.096037;0.967473
3.293;3.840739;2.622870;1.217869;1.173645
3.294;5.235341;0.921063;4.314278;0.140667
3.295;5.325795;-1.403482;6.729277;-1.645980
3.296;2.945039;-3.526563;6.471601;-3.403261
3.297;-0.598868;-4.654792;4.055924;-4.351551
3.298;-2.310223;-4.326108;2.015885;-4.013878
3.299;-0.044690;-2.590271;2.545580;-2.399201
3.300;5.460744;0.000000;5.460744;0.000000
3.301;10.954809;2.585061;8.369748;2.394591
3.302;13.199810;4.308636;8.891173;3.998467
3.303;11.483504;4.626303;6.857202;4.326514
3.304;7.956622;3.497026;4.459596;3.377178
3.305;5.594439;1.387064;4.207375;1.630227
3.306;5.681505;-0.913394;6.594899;-0.139053
3.307;7.053657;-2.589906;9.643563;-1.157949
3.308;7.632613;-3.105554;10.738167;-0.952700
3.309;6.659206;-2.390955;9.050160;0.469949
3.310;5.447114;-0.852223;6.299338;2.625105
3.311;5.954539;0.803313;5.151225;4.734756
3.312;8.595659;1.854214;6.741444;6.024529
3.313;11.477466;1.852736;9.624730;6.018735
3.314;11.921997;0.801783;11.120214;4.721108
3.315;8.953074;-0.847223;9.800297;2.612506
3.316;4.438227;-2.374366;6.812593;0.466795
3.317;1.732397;-3.079125;4.811523;-0.944485
3.318;2.931155;-2.564275;5.495431;-1.145757
3.319;7.131018;-0.905131;8.036149;-0.137325
3.320;11.218196;1.362790;9.855406;1.606867
3.321;12.458069;3.435063;9.023005;3.322385
3.322;10.586499;4.537203;6.049295;4.248136
3.323;7.628925;4.218029;3.410896;3.918484
3.324;5.780178;2.525880;3.254298;2.342180
3.325;5.410728;0.000000;5.410728;0.000000
3.326;5.041670;-2.520797;7.562467;-2.337674
3.327;3.200722;-4.200982;7.401704;-3.903424
3.328;0.266150;-4.509416;4.775566;-4.223669
3.329;-1.578207;-3.406277;1.828070;-3.296896
3.330;-0.335269;-1.346839;1.011570;-1.591472
3.331;3.713826;0.897547;2.816279;0.135747
3.332;7.855929;2.531996;5.323933;1.130419
3.333;9.028219;3.032669;5.995549;0.930049
3.334;6.362766;2.332219;4.030547;-0.458776
3.335;1.935730;0.827506;1.108225;-2.562687
3.336;-0.963203;-0.790602;-0.172601;-4.622171
3.337;-0.521447;-1.817548;1.296101;-5.881270
3.338;2.292235;-1.816094;4.108329;-5.875608
3.339;4.864708;-0.789083;5.653791;-4.608834
3.340;5.363678;0.822647;4.541031;-2.550375
3.341;4.200504;2.316025;1.884479;-0.455693
3.342;3.271131;3.006833;0.264298;0.922021
3.343;3.835543;2.506899;1.328644;1.118506
3.344;5.154186;0.889377;4.264809;0.134058
3.345;5.231974;-1.323255;6.555229;-1.568644
3.346;2.966531;-3.345889;6.312420;-3.243353
3.347;-0.398299;-4.422513;4.024214;-4.147079
3.348;-2.020427;-4.112579;2.092152;-3.825265
3.349;0.132866;-2.463046;2.595912;-2.286458
3.350;5.360798;0.000000;5.360798;0.000000
3.351;10.577918;2.458086;8.119832;2.282055
3.352;12.711678;4.095947;8.615731;3.810548
3.353;11.084822;4.395411;6.689411;4.123170
3.354;7.736171;3.317836;4.418335;3.218446
3.355;5.488432;1.307757;4.180675;1.553601
3.356;5.563099;-0.881878;6.444977;-0.132517
3.357;6.860486;-2.475292;9.335778;-1.103517
3.358;7.412817;-2.961418;10.374235;-0.907915
3.359;6.500116;-2.274883;8.774998;0.447857
3.360;5.364682;-0.803491;6.168173;2.501693
3.361;5.858249;0.777981;5.080267;4.512155
3.362;8.369148;1.781486;6.587662;5.741280
3.363;11.100511;1.780056;9.320456;5.735748
3.364;11.514073;0.776473;10.737600;4.499123
3.365;8.687196;-0.798771;9.485966;2.489662
3.366;4.394256;-2.259075;6.653332;0.444844
3.367;1.819514;-2.936161;4.755676;-0.900071
3.368;2.952043;-2.450720;5.402763;-1.091876
3.369;6.935828;-0.873801;7.809629;-0.130866
3.370;10.817358;1.284845;9.532513;1.531295
3.371;12.000923;3.258985;8.741938;3.166126
3.372;10.232315;4.310653;5.921662;4.048329
3.373;7.428831;4.009697;3.419135;3.734175
3.374;5.670618;2.401733;3.268885;2.232009
3.375;5.310960;0.000000;5.310960;0.000000
3.376;4.951693;-2.396893;7.348586;-2.227707
3.377;3.200923;-3.993470;7.194393;-3.719795
3.378;0.419301;-4.284221;4.703522;-4.024967
3.379;-1.323493;-3.231646;1.908154;-3.141788
3.380;-0.137087;-1.269789;1.132702;-1.516596
3.381;3.708200;0.866389;2.841811;0.129360
3.382;7.637105;2.419775;5.217330;1.077231
3.383;8.744556;2.891768;5.852789;0.886286
3.384;6.208326;2.218915;3.989411;-0.437188
3.385;1.999040;0.780160;1.218880;-2.442094
3.386;-0.761063;-0.765456;0.004393;-4.404656
3.387;-0.349875;-1.746024;1.396149;-5.604492
3.388;2.316903;-1.744618;4.061521;-5.599087
3.389;4.762495;-0.763959;5.526454;-4.391922
3.390;5.247697;0.775575;4.472123;-2.430339
3.391;4.158274;2.203485;1.954789;-0.434244
3.392;3.287011;2.867079;0.419932;0.878622
3.393;3.825371;2.395717;1.429654;1.065856
3.394;5.072051;0.858407;4.213643;0.127748
3.395;5.138205;-1.247529;6.385734;-1.494800
3.396;2.982664;-3.174296;6.156961;-3.090667
3.397;-0.211884;-4.201559;3.989674;-3.951840
3.398;-1.749302;-3.909324;2.160022;-3.645170
3.399;0.297168;-2.341907;2.639075;-2.178807
3.400;5.261220;0.000000;5.261220;0.000000
3.401;10.214990;2.337184;7.877806;2.174604
3.402;12.242881;3.893494;8.349387;3.631120
3.403;10.700947;4.175780;6.525167;3.929014
3.404;7.521772;3.147655;4.374118;3.066887
3.405;5.383105;1.232903;4.150202;1.480438
3.406;5.446387;-0.851083;6.297470;-0.126276
3.407;6.672945;-2.365421;9.038366;-1.051546
3.408;7.199791;-2.823685;10.023476;-0.865154
3.409;6.344175;-2.164285;8.508459;0.426763
3.410;5.280791;-0.757495;6.038286;2.383860
3.411;5.760538;0.753029;5.007509;4.299620
3.412;8.147434;1.711157;6.436277;5.470840
3.413;10.736000;1.709775;9.026226;5.465558
3.414;11.120569;0.751545;10.369024;4.287178
3.415;8.429190;-0.753040;9.182230;2.372375
3.416;4.347598;-2.149224;6.496822;0.423887
3.417;1.897819;-2.799552;4.697372;-0.857665
3.418;2.967694;-2.341869;5.309563;-1.040432
3.419;6.746247;-0.843197;7.589444;-0.124700
3.420;10.432203;1.211278;9.220924;1.459143
3.421;11.561895;3.091768;8.470127;3.016938
3.422;9.890734;4.095165;5.795570;3.857565
3.423;7.233499;3.811404;3.422095;3.558208
3.424;5.561492;2.283533;3.277959;2.126825
3.425;5.211583;0.000000;5.211583;0.000000
3.426;4.862063;-2.278925;7.140988;-2.122718
3.427;3.197160;-3.795961;6.993121;-3.544480
3.428;0.560701;-4.070025;4.630726;-3.835263
3.429;-1.085976;-3.065807;1.979831;-2.993704
3.430;0.046346;-1.197069;1.243415;-1.445110
3.431;3.697817;0.835962;2.861855;0.123263
3.432;7.424232;2.312211;5.112020;1.026451
3.433;8.470352;2.757138;5.713214;0.844507
3.434;6.057298;2.110962;3.946335;-0.416578
3.435;2.055384;0.735477;1.319907;-2.326964
3.436;-0.572302;-0.740707;0.168405;-4.196996
3.437;-0.189739;-1.676880;1.487141;-5.340256
3.438;2.337608;-1.675521;4.013129;-5.335096
3.439;4.662384;-0.739236;5.401620;-4.184841
3.440;5.133872;0.731149;4.402723;-2.315743
3.441;4.113755;2.096262;2.017492;-0.413768
3.442;3.297126;2.733551;0.563575;0.837190
3.443;3.810557;2.289156;1.521401;1.015593
3.444;4.989072;0.828173;4.160899;0.121723
3.445;5.044554;-1.176063;6.220617;-1.424305
3.446;2.993742;-3.011349;6.005092;-2.944904
3.447;-0.038916;-3.991408;3.952493;-3.765456
3.448;-1.495926;-3.715880;2.219954;-3.473244
3.449;0.448892;-2.226580;2.675472;-2.076038
3.450;5.162057;0.000000;5.162057;0.000000
3.451;9.865448;2.222084;7.643364;2.072026
3.452;11.792595;3.700814;8.091780;3.459832
3.453;10.331273;3.966892;6.364381;3.743667
3.454;7.313221;2.986052;4.327169;2.922205
3.455;5.278486;1.162260;4.116227;1.410595
3.456;5.331329;-0.821027;6.152356;-0.120319
3.457;6.490799;-2.260125;8.750923;-1.001934
3.458;6.993261;-2.692096;9.685356;-0.824334
3.459;6.191311;-2.058919;8.250230;0.406627
3.460;5.195631;-0.714088;5.909719;2.271377
3.461;5.661633;0.728493;4.933140;4.096734
3.462;7.930467;1.643187;6.287280;5.212678
3.463;10.383515;1.641852;8.741663;5.207637
3.464;10.740951;0.727034;10.013917;4.084858
3.465;8.178800;-0.709884;8.888684;2.260414
3.466;4.298461;-2.044572;6.343033;0.403882
3.467;1.967784;-2.669043;4.636827;-0.817186
3.468;2.978396;-2.237557;5.215953;-0.991326
3.469;6.562046;-0.813335;7.375381;-0.118815
3.470;10.062039;1.141854;8.920185;1.390269
3.471;11.140200;2.932988;8.207212;2.874529
3.472;9.561252;3.890227;5.671025;3.675469
3.473;7.042802;3.622696;3.420105;3.390237
3.474;5.452871;2.171014;3.281857;2.026422
3.475;5.112646;0.000000;5.112646;0.000000
3.476;4.772806;-2.166627;6.939434;-2.022502
3.477;3.189654;-3.608000;6.797654;-3.377135
3.478;0.690946;-3.866320;4.557265;-3.654182
3.479;-0.864784;-2.908338;2.043554;-2.852353
3.480;0.215809;-1.128446;1.344255;-1.376875
3.481;3.682996;0.806280;2.876716;0.117442
3.482;7.217120;2.209141;5.007980;0.977981
3.483;8.205234;2.628527;5.576706;0.804627
3.484;5.909571;2.008125;3.901445;-0.396905
3.485;2.105110;0.693311;1.411800;-2.217071
3.486;-0.396298;-0.716389;0.320091;-3.998783
3.487;-0.040531;-1.610073;1.569542;-5.088042
3.488;2.354498;-1.608761;3.963259;-5.083116
3.489;4.564254;-0.714944;5.279198;-3.987182
3.490;5.022113;0.689227;4.332886;-2.206361
3.491;4.067110;1.994123;2.072986;-0.394223
3.492;3.301836;2.605998;0.695838;0.797644
3.493;3.791420;2.187052;1.604368;0.967618
3.494;4.905380;0.798686;4.106694;0.115973
3.495;4.951087;-1.108624;6.059711;-1.357018
3.496;3.000056;-2.856633;5.856689;-2.805777
3.497;0.121287;-3.791560;3.912848;-3.587558
3.498;-1.259412;-3.531799;2.272387;-3.309146
3.499;0.588688;-2.116803;2.705491;-1.977950
3.500;5.063356;0.000000;5.063356;0.000000
3.501;9.528734;2.112524;7.416210;1.974121
3.502;11.360030;3.517464;7.842566;3.296346
3.503;9.975214;3.768248;6.206966;3.566763
3.504;7.110319;2.832615;4.277704;2.784114
3.505;5.174606;1.095600;4.079005;1.343934
3.506;5.217889;-0.791721;6.009611;-0.114632
3.507;6.313827;-2.159239;8.473066;-0.954582
3.508;6.792962;-2.566402;9.359364;-0.785374
3.509;6.041458;-1.958553;8.000011;0.387408
3.510;5.109381;-0.673129;5.782510;2.164020
3.511;5.561742;0.704400;4.857342;3.903094
3.512;7.718190;1.577532;6.140657;4.966284
3.513;10.042648;1.576243;8.466405;4.961473
3.514;10.374701;0.702969;9.671732;3.891762
3.515;7.935775;-0.669162;8.604937;2.153558
3.516;4.247045;-1.944889;6.191934;0.384788
3.517;2.029862;-2.544385;4.574247;-0.778553
3.518;2.984428;-2.137621;5.122048;-0.944458
3.519;6.383011;-0.784226;7.167237;-0.113197
3.520;9.706207;1.076346;8.629860;1.324536
3.521;10.735084;2.782236;7.952848;2.738615
3.522;9.243382;3.695349;5.548033;3.501679
3.523;6.856617;3.443135;3.413482;3.229929
3.524;5.344817;2.063916;3.280901;1.930599
3.525;5.014194;0.000000;5.014194;0.000000
3.526;4.683952;-2.059742;6.743694;-1.926858
3.527;3.178619;-3.429152;6.607771;-3.217425
3.528;0.810610;-3.672618;4.483227;-3.481366
3.529;-0.659076;-2.758834;2.099758;-2.717453
3.530;0.372050;-1.063696;1.435746;-1.311755
3.531;3.664039;0.777353;2.886687;0.111888
3.532;7.015586;2.110401;4.905186;0.931724
3.533;7.948845;2.505691;5.443154;0.766568
3.534;5.765040;1.910176;3.854864;-0.378131
3.535;2.148558;0.653525;1.495034;-2.112196
3.536;-0.232449;-0.692528;0.460079;-3.809620
3.537;0.098242;-1.545559;1.643801;-4.847344
3.538;2.367722;-1.544291;3.912014;-4.842644
3.539;4.467993;-0.691112;5.159104;-3.798550
3.540;4.912340;0.649672;4.262668;-2.101976
3.541;4.018497;1.896840;2.121657;-0.375572
3.542;3.301486;2.484175;0.817311;0.759904
3.543;3.768264;2.089243;1.679021;0.921835
3.544;4.821098;0.769956;4.051142;0.110486
3.545;4.857865;-1.044994;5.902860;-1.292806
3.546;3.001887;-2.709748;5.711635;-2.673007
3.547;0.269379;-3.601536;3.870915;-3.417789
3.548;-1.038908;-3.356652;2.317744;-3.152547
3.549;0.717182;-2.012323;2.729506;-1.884344
3.550;4.965163;0.000000;4.965163;0.000000
3.551;9.204314;2.008251;7.196064;1.880691
3.552;10.944428;3.343014;7.601414;3.140333
3.553;9.632211;3.579371;6.052841;3.397947
3.554;6.912880;2.686947;4.225932;2.652336
3.555;5.071492;1.032707;4.038785;1.280321
3.556;5.106037;-0.763174;5.869212;-0.109206
3.557;6.141819;-2.062605;8.204424;-0.909395
3.558;6.598646;-2.446363;9.045009;-0.748196
3.559;5.894547;-1.862965;7.757513;0.369068
3.560;5.022210;-0.634484;5.656694;2.061573
3.561;5.461064;0.680777;4.780287;3.718313
3.562;7.510544;1.514146;5.996398;4.731161
3.563;9.713003;1.512901;8.200103;4.726570
3.564;10.021318;0.679375;9.341944;3.707499
3.565;7.699872;-0.630742;8.330614;2.051591
3.566;4.193541;-1.849952;6.043493;0.366569
3.567;2.084491;-2.425338;4.509830;-0.741688
3.568;2.986058;-2.041900;5.027958;-0.899736
3.569;6.208939;-0.755877;6.964816;-0.107837
3.570;9.364073;1.014542;8.349532;1.261812
3.571;10.345828;2.639123;7.706705;2.608922
3.572;8.936661;3.510062;5.426599;3.335845
3.573;6.674827;3.272299;3.402528;3.076960
3.574;5.237393;1.961994;3.275399;1.839163
3.575;4.916271;0.000000;4.916271;0.000000
3.576;4.595527;-1.958021;6.553549;-1.835594
3.577;3.164262;-3.258997;6.423259;-3.065030
3.578;0.920245;-3.488450;4.408695;-3.316463
3.579;-0.468049;-2.616908;2.148860;-2.588731
3.580;0.515783;-1.002607;1.518390;-1.249617
3.581;3.641238;0.749187;2.892051;0.106587
3.582;6.819453;2.015832;4.803620;0.887585
3.583;7.700844;2.388390;5.312453;0.730252
3.584;5.623606;1.816895;3.806711;-0.360216
3.585;2.186056;0.615990;1.570067;-2.012126
3.586;-0.080173;-0.669148;0.588975;-3.629126
3.587;0.227060;-1.483288;1.710348;-4.617676
3.588;2.377430;-1.482065;3.859495;-4.613192
3.589;4.373500;-0.667761;5.041260;-3.618563
3.590;4.804477;0.612355;4.192122;-2.002375
3.591;3.968071;1.804196;2.163874;-0.357775
3.592;3.296406;2.367846;0.928559;0.723894
3.593;3.741380;1.995572;1.745808;0.878150
3.594;4.736344;0.741990;3.994354;0.105250
3.595;4.764949;-0.984964;5.749914;-1.231538
3.596;2.999506;-2.570314;5.569820;-2.546326
3.597;0.405989;-3.420872;3.826862;-3.255805
3.598;-0.833595;-3.190027;2.356432;-3.003129
3.599;0.834975;-1.912898;2.747873;-1.795032
3.600;4.867523;0.000000;4.867523;0.000000
3.601;8.891679;1.909023;6.982656;1.791546
3.602;10.545061;3.177053;7.368008;2.991477
3.603;9.301725;3.399801;5.901925;3.236874
3.604;6.720721;2.548671;4.172050;2.526604
3.605;4.969173;0.973373;3.995800;1.219627
3.606;4.995745;-0.735392;5.731137;-0.104029
3.607;5.974577;-1.970064;7.944640;-0.866282
3.608;6.410075;-2.331744;8.741819;-0.712725
3.609;5.750517;-1.771940;7.522457;0.351570
3.610;4.934277;-0.598027;5.532304;1.963829
3.611;5.359781;0.657644;4.702137;3.542013
3.612;7.307467;1.452979;5.854488;4.506831
3.613;9.394197;1.451778;7.942420;4.502451
3.614;9.680319;0.656272;9.024047;3.531696
3.615;7.470858;-0.594497;8.065354;1.954305
3.616;4.138131;-1.759548;5.897679;0.349186
3.617;2.132090;-2.311671;4.443761;-0.706515
3.618;2.983546;-1.950239;4.933785;-0.857067
3.619;6.039637;-0.728294;6.767931;-0.102723
3.620;9.035036;0.956237;8.078799;1.201969
3.621;9.971742;2.503276;7.468465;2.485186
3.622;8.640642;3.333913;5.306730;3.177628
3.623;6.497316;3.109786;3.387531;2.931018
3.624;5.130656;1.865008;3.265648;1.751928
3.625;4.818923;0.000000;4.818923;0.000000
3.626;4.507562;-1.861228;6.368790;-1.748523
3.627;3.146785;-3.097132;6.243918;-2.919637
3.628;1.020383;-3.313368;4.333751;-3.159138
3.629;-0.290930;-2.482191;2.191261;-2.465924
3.630;0.647693;-0.944979;1.592672;-1.190335
3.631;3.614869;0.721788;2.893081;0.101531
3.632;6.628549;1.925280;4.703268;0.845475
3.633;7.460903;2.276396;5.184507;0.695606
3.634;5.485177;1.728073;3.757104;-0.343126
3.635;2.217921;0.580581;1.637340;-1.916656
3.636;0.061092;-0.646267;0.707359;-3.456929
3.637;0.346388;-1.423212;1.769599;-4.398568
3.638;2.383771;-1.422032;3.805803;-4.394291
3.639;4.280684;-0.644910;4.925594;-3.446853
3.640;4.698458;0.577152;4.121306;-1.907355
3.641;3.915977;1.715982;2.199996;-0.340797
3.642;3.286911;2.256783;1.030128;0.689541
3.643;3.711044;1.905883;1.805161;0.836475
3.644;4.651229;0.714790;3.936439;0.100255
3.645;4.672396;-0.928337;5.600733;-1.173089
3.646;2.993172;-2.437966;5.431138;-2.425472
3.647;0.531721;-3.249130;3.780851;-3.101274
3.648;-0.642690;-3.031528;2.388838;-2.860587
3.649;0.942642;-1.818295;2.760937;-1.709829
3.650;4.770477;0.000000;4.770477;0.000000
3.651;8.590338;1.814608;6.775730;1.706503
3.652;10.161232;3.019187;7.142045;2.849471
3.653;8.983242;3.229100;5.754142;3.083215
3.654;6.533671;2.417425;4.116246;2.406659
3.655;4.867678;0.917403;3.950275;1.161726
3.656;4.886986;-0.708376;5.595362;-0.099090
3.657;5.811912;-1.881463;7.693375;-0.825154
3.658;6.227024;-2.222319;8.449343;-0.678886
3.659;5.609306;-1.685269;7.294576;0.334878
3.660;4.845732;-0.563637;5.409369;1.870585
3.661;5.258066;0.635018;4.623047;3.373831
3.662;7.108894;1.393980;5.714914;4.292832
3.663;9.085856;1.392822;7.693034;4.288654
3.664;9.351237;0.633677;8.717559;3.363990
3.665;7.248506;-0.560307;7.808814;1.861500
3.666;4.080990;-1.673472;5.754462;0.332603
3.667;2.173061;-2.203157;4.376218;-0.672963
3.668;2.977143;-1.862485;4.839628;-0.816364
3.669;5.874922;-0.701478;6.576399;-0.097844
3.670;8.718519;0.901240;7.817279;1.144883
3.671;9.612166;2.374340;7.237826;2.367152
3.672;8.354898;3.166470;5.188428;3.026702
3.673;6.323975;2.955206;3.368769;2.791801
3.674;5.024661;1.772731;3.251930;1.668713
3.675;4.722190;0.000000;4.722190;0.000000
3.676;4.420085;-1.769135;6.189220;-1.665465
3.677;3.126383;-2.943172;6.069554;-2.780945
3.678;1.111532;-3.146942;4.258475;-3.009066
3.679;-0.126980;-2.354329;2.227349;-2.348779
3.680;0.768434;-0.890622;1.659056;-1.133786
3.681;3.585197;0.695156;2.890041;0.096707
3.682;6.442711;1.838594;4.604117;0.805307
3.683;7.228709;2.169485;5.059224;0.662557
3.684;5.349664;1.643506;3.706159;-0.326823
3.685;2.244459;0.547182;1.697277;-1.825590
3.686;0.191891;-0.623901;0.815792;-3.292674
3.687;0.456677;-1.365278;1.821955;-4.189566
3.688;2.386896;-1.364141;3.751037;-4.185486
3.689;4.189464;-0.622575;4.812040;-3.283064
3.690;4.594221;0.543948;4.050273;-1.816718
3.691;3.862360;1.631995;2.230365;-0.324602
3.692;3.273304;2.150765;1.122539;0.656772
3.693;3.677520;1.820027;1.857493;0.796723
3.694;4.565860;0.688357;3.877503;0.095490
3.695;4.580261;-0.874925;5.455186;-1.117336
3.696;2.983136;-2.312357;5.295493;-2.310195
3.697;0.647154;-3.085884;3.733038;-2.953874
3.698;-0.465438;-2.880775;2.415337;-2.724623
3.699;1.040735;-1.728290;2.769025;-1.628558
3.700;4.674067;0.000000;4.674067;0.000000
3.701;8.299824;1.724782;6.575042;1.625387
3.702;9.792275;2.869039;6.923236;2.714021
3.703;8.676266;3.066846;5.609421;2.936650
3.704;6.351563;2.292862;4.058701;2.292252
3.705;4.767036;0.864612;3.902424;1.106499
3.706;4.779739;-0.682127;5.461866;-0.094380
3.707;5.653648;-1.796654;7.450302;-0.785925
3.708;6.049278;-2.117869;8.167147;-0.646610
3.709;5.470857;-1.602757;7.073613;0.318957
3.710;4.756717;-0.531201;5.287918;1.781647
3.711;5.156078;0.612914;4.543164;3.213417
3.712;6.914758;1.337099;5.577660;4.088717
3.713;8.787619;1.335982;7.451637;4.084733
3.714;9.033621;0.611605;8.422016;3.204032
3.715;7.032599;-0.528060;7.560659;1.772983
3.716;4.022285;-1.591526;5.613811;0.316787
3.717;2.207790;-2.099580;4.307370;-0.640961
3.718;2.967090;-1.778490;4.745580;-0.777541
3.719;5.714621;-0.675427;6.390049;-0.093191
3.720;8.413972;0.849368;7.564604;1.090434
3.721;9.266469;2.251974;7.014495;2.254573
3.722;8.079020;3.007320;5.071700;2.882751
3.723;6.154696;2.808190;3.346506;2.659018
3.724;4.919462;1.684945;3.234517;1.589344
3.725;4.626113;0.000000;4.626113;0.000000
3.726;4.333126;-1.681523;6.014650;-1.586247
3.727;3.103243;-2.796745;5.899987;-2.648665
3.728;1.194182;-2.988760;4.182942;-2.865931
3.729;0.024508;-2.232983;2.257492;-2.237050
3.730;0.878634;-0.839353;1.717987;-1.079851
3.731;3.552472;0.669289;2.883183;0.092107
3.732;6.261781;1.755625;4.506156;0.766997
3.733;7.003963;2.067443;4.936520;0.631036
3.734;5.216985;1.562999;3.653986;-0.311274
3.735;2.265967;0.515681;1.750286;-1.738735
3.736;0.312746;-0.602061;0.914808;-3.136017
3.737;0.558364;-1.309435;1.867799;-3.990232
3.738;2.386953;-1.308339;3.695292;-3.986341
3.739;4.099767;-0.600768;4.700535;-3.126852
3.740;4.491711;0.512631;3.979080;-1.730274
3.741;3.807355;1.552042;2.255313;-0.309156
3.742;3.255871;2.049577;1.206295;0.625520
3.743;3.641059;1.737856;1.903203;0.758810
3.744;4.480338;0.662689;3.817649;0.090946
3.745;4.488596;-0.824549;5.313146;-1.064164
3.746;2.969637;-2.193153;5.162790;-2.200254
3.747;0.752844;-2.930730;3.683574;-2.813296
3.748;-0.301120;-2.737406;2.436286;-2.594952
3.749;1.129783;-1.642669;2.772452;-1.551050
3.750;4.578334;0.000000;4.578334;0.000000
3.751;8.019688;1.639332;6.380356;1.548025
3.752;9.437551;2.726245;6.711306;2.584842
3.753;8.380327;2.912637;5.467690;2.796871
3.754;6.174239;2.174653;3.999586;2.183143
3.755;4.667274;0.814824;3.852450;1.053829
3.756;4.673985;-0.656642;5.330627;-0.089887
3.757;5.499618;-1.715490;7.215108;-0.748513
3.758;5.876633;-2.018183;7.894816;-0.615828
3.759;5.335113;-1.524211;6.859324;0.303773
3.760;4.667364;-0.500610;5.167974;1.696829
3.761;5.053968;0.591343;4.462626;3.060433
3.762;6.724991;1.282280;5.442711;3.894058
3.763;8.499135;1.281205;7.217930;3.890258
3.764;8.727039;0.590065;8.136973;3.051484
3.765;6.822926;-0.497648;7.320574;1.688567
3.766;3.962175;-1.513520;5.475695;0.301704
3.767;2.236647;-2.000730;4.237377;-0.610441
3.768;2.953620;-1.698109;4.651729;-0.740518
3.769;5.558573;-0.650140;6.208713;-0.088753
3.770;8.120871;0.800448;7.320424;1.038510
3.771;8.934050;2.135853;6.798196;2.147211
3.772;7.812614;2.856066;4.956548;2.745472
3.773;5.989376;2.668381;3.320996;2.532391
3.774;4.815106;1.601438;3.213668;1.513655
3.775;4.530733;0.000000;4.530733;0.000000
3.776;4.246715;-1.598184;5.844899;-1.510701
3.777;3.077546;-2.657497;5.735044;-2.522518
3.778;1.268802;-2.838428;4.107230;-2.729433
3.779;0.164211;-2.117833;2.282044;-2.130502
3.780;0.978889;-0.791003;1.769892;-1.028418
3.781;3.516935;0.644184;2.872751;0.087719
3.782;6.085608;1.676231;4.409377;0.730463
3.783;6.786379;1.970063;4.816316;0.600978
3.784;5.087062;1.486368;3.600694;-0.296447
3.785;2.282731;0.485974;1.796757;-1.655908
3.786;0.424163;-0.580759;1.004922;-2.986626
3.787;0.651871;-1.255628;1.907500;-3.800144
3.788;2.384089;-1.254573;3.638662;-3.796434
3.789;4.011527;-0.579498;4.591025;-2.977887
3.790;4.390878;0.483098;3.907780;-1.647841
3.791;3.751096;1.475938;2.275158;-0.294427
3.792;3.234887;1.953014;1.281874;0.595718
3.793;3.601899;1.659230;1.942670;0.722656
3.794;4.394757;0.637781;3.756976;0.086613
3.795;4.397453;-0.777042;5.174495;-1.013459
3.796;2.952906;-2.080038;5.032944;-2.095415
3.797;0.849323;-2.783281;3.632603;-2.679243
3.798;-0.149046;-2.601072;2.452026;-2.471300
3.799;1.210294;-1.561226;2.771520;-1.477139
3.800;4.483316;0.000000;4.483316;0.000000
3.801;7.749502;1.558053;6.191449;1.474255
3.802;9.096449;2.590459;6.505990;2.461660
3.803;8.094971;2.766087;5.328884;2.663582
3.804;6.001548;2.062484;3.939064;2.079099
3.805;4.568418;0.767871;3.800547;1.003604
3.806;4.569707;-0.631916;5.201623;-0.085603
3.807;5.349662;-1.637830;6.987492;-0.712838
3.808;5.708898;-1.923058;7.631956;-0.586477
3.809;5.202022;-1.449449;6.651471;0.289294
3.810;4.577799;-0.471761;5.049560;1.615951
3.811;4.951875;0.570311;4.381564;2.914555
3.812;6.539523;1.229472;5.310051;3.708440
3.813;8.220067;1.228436;6.991630;3.704817
3.814;8.431073;0.569066;7.862007;2.906022
3.815;6.619284;-0.468968;7.088252;1.608073
3.816;3.900811;-1.439274;5.340086;0.287321
3.817;2.259987;-1.906404;4.166391;-0.581340
3.818;2.936956;-1.621201;4.558158;-0.705215
3.819;5.406621;-0.625611;6.032232;-0.084522
3.820;7.838716;0.754314;7.084402;0.988998
3.821;8.614332;2.025668;6.588664;2.044838
3.822;7.555306;2.712329;4.842978;2.614573
3.823;5.827917;2.535438;3.292479;2.411648
3.824;4.711642;1.522010;3.189631;1.441483
3.825;4.436087;0.000000;4.436087;0.000000
3.826;4.160881;-1.518915;5.679796;-1.438667
3.827;3.049469;-2.525090;5.574559;-2.402235
3.828;1.335840;-2.695568;4.031408;-2.599281
3.829;0.292777;-2.008569;2.301346;-2.028907
3.830;1.069771;-0.745408;1.815179;-0.979376
3.831;3.478814;0.619836;2.858979;0.083536
3.832;5.914046;1.600271;4.313775;0.695628
3.833;6.575682;1.877144;4.698538;0.572317
3.834;4.959820;1.413432;3.546389;-0.282309
3.835;2.295026;0.457960;1.837066;-1.576934
3.836;0.526626;-0.559999;1.086625;-2.844183
3.837;0.737608;-1.203805;1.941413;-3.618897
3.838;2.378451;-1.202788;3.581239;-3.615359
3.839;3.924686;-0.558771;4.483457;-2.835850
3.840;4.291676;0.455248;3.836428;-1.569242
3.841;3.693709;1.403506;2.290203;-0.280383
3.842;3.210614;1.860877;1.349737;0.567302
3.843;3.560268;1.584007;1.976261;0.688184
3.844;4.309209;0.613628;3.695581;0.082481
3.845;4.306879;-0.732244;5.039123;-0.965113
3.846;2.933164;-1.972708;4.905872;-1.995454
3.847;0.937100;-2.643165;3.580265;-2.551428
3.848;-0.008553;-2.471439;2.462886;-2.353402
3.849;1.282751;-1.483766;2.766517;-1.406668
3.850;4.389050;0.000000;4.389050;0.000000
3.851;7.488858;1.480748;6.008110;1.403918
3.852;8.768387;2.461349;6.307038;2.344212
3.853;7.819766;2.626827;5.192939;2.536496
3.854;5.833345;1.956052;3.877293;1.979898
3.855;4.470496;0.723596;3.746900;0.955718
3.856;4.466889;-0.607943;5.074832;-0.081518
3.857;5.203633;-1.563537;6.767170;-0.678823
3.858;5.545888;-1.832296;7.378185;-0.558491
3.859;5.071533;-1.378296;6.449829;0.275489
3.860;4.488139;-0.444558;4.932697;1.538838
3.861;4.849927;0.549825;4.300103;2.775470
3.862;6.358284;1.178619;5.179665;3.531466
3.863;7.950086;1.177621;6.772465;3.528012
3.864;8.145322;0.548613;7.596709;2.767335
3.865;6.421478;-0.441925;6.863403;1.531327
3.866;3.838339;-1.368613;5.206952;0.273608
3.867;2.278148;-1.816408;4.094556;-0.553594
3.868;2.917314;-1.547631;4.464945;-0.671556
3.869;5.258621;-0.601832;5.860453;-0.080488
3.870;7.567032;0.710813;6.856219;0.941792
3.871;8.306766;1.921122;6.385644;1.947235
3.872;7.306738;2.575747;4.730991;2.489773
3.873;5.670221;2.409036;3.261186;2.296531
3.874;4.609111;1.446470;3.162642;1.372674
3.875;4.342211;0.000000;4.342211;0.000000
3.876;4.075653;-1.443527;5.519180;-1.369990
3.877;3.019180;-2.399197;5.418377;-2.287558
3.878;1.395727;-2.559821;3.955549;-2.475194
3.879;0.410824;-1.904899;2.315722;-1.932047
3.880;1.151823;-0.702416;1.854239;-0.932619
3.881;3.438326;0.596236;2.842090;0.079548
3.882;5.746956;1.527611;4.219344;0.662416
3.883;6.371611;1.788493;4.583117;0.544992
3.884;4.835193;1.344020;3.491172;-0.268830
3.885;2.303116;0.431545;1.871571;-1.501641
3.886;0.620603;-0.539787;1.160391;-2.708381
3.887;0.815968;-1.153908;1.969877;-3.446100
3.888;2.370182;-1.152930;3.523112;-3.442728
3.889;3.839192;-0.538592;4.377784;-2.700437
3.890;4.194064;0.428988;3.765076;-1.494308
3.891;3.635317;1.334574;2.300743;-0.266994
3.892;3.183299;1.772975;1.410324;0.540211
3.893;3.516380;1.512056;2.004325;0.655320
3.894;4.223779;0.590222;3.633558;0.078542
3.895;4.216921;-0.690004;4.906925;-0.919023
3.896;2.910622;-1.870875;4.781497;-1.900155
3.897;1.016663;-2.510030;3.526694;-2.429575
3.898;0.120988;-2.348190;2.469178;-2.241004
3.899;1.347618;-1.410099;2.757717;-1.339484
3.900;4.295574;0.000000;4.295574;0.000000
3.901;7.237364;1.407229;5.830135;1.336863
3.902;8.452806;2.338596;6.114210;2.232243
3.903;7.554300;2.494507;5.059793;2.415340
3.904;5.669492;1.855073;3.814418;1.885326
3.905;4.373534;0.681850;3.691684;0.910066
3.906;4.365519;-0.584714;4.950234;-0.077624
3.907;5.061388;-1.492478;6.553865;-0.646397
3.908;5.387430;-1.745711;7.133141;-0.531812
3.909;4.943596;-1.310584;6.254180;0.262329
3.910;4.398495;-0.418909;4.817404;1.465324
3.911;4.748247;0.529887;4.218359;2.642877
3.912;6.181200;1.129666;5.051534;3.362753
3.913;7.688879;1.128706;6.560173;3.359461
3.914;7.869400;0.528709;7.340692;2.635122
3.915;6.229320;-0.416426;6.645746;1.458164
3.916;3.774895;-1.301370;5.076265;0.260536
3.917;2.291455;-1.730554;4.022010;-0.527144
3.918;2.894899;-1.477266;4.372165;-0.639469
3.919;5.114435;-0.578796;5.693230;-0.076642
3.920;7.305365;0.669798;6.635567;0.896791
3.921;8.010828;1.821933;6.188894;1.854190
3.922;7.066565;2.445974;4.620591;2.370801
3.923;5.516198;2.288862;3.227336;2.186791
3.924;4.507558;1.374632;3.132925;1.307079
3.925;4.249142;0.000000;4.249142;0.000000
3.926;3.991061;-1.371833;5.362895;-1.304520
3.927;2.986840;-2.279509;5.266349;-2.178237
3.928;1.448875;-2.430843;3.879718;-2.356903
3.929;0.518941;-1.806542;2.325483;-1.839712
3.930;1.225566;-0.661880;1.887446;-0.888047
3.931;3.395676;0.573376;2.822300;0.075746
3.932;5.584203;1.458120;4.126083;0.630756
3.933;6.173916;1.703926;4.469990;0.518944
3.934;4.713113;1.277968;3.435144;-0.255981
3.935;2.307257;0.406639;1.900618;-1.429867
3.936;0.706544;-0.520125;1.226669;-2.578925
3.937;0.887332;-1.105885;1.993218;-3.281379
3.938;2.359424;-1.104944;3.464368;-3.278165
3.939;3.754999;-0.518963;4.273962;-2.571353
3.940;4.098007;0.404229;3.693778;-1.422877
3.941;3.576037;1.268980;2.307057;-0.254231
3.942;3.153182;1.689124;1.464058;0.514387
3.943;3.470441;1.443244;2.027197;0.623993
3.944;4.138548;0.567553;3.570995;0.074787
3.945;4.127623;-0.650178;4.777800;-0.875087
3.946;2.885483;-1.774264;4.659747;-1.809312
3.947;1.088479;-2.383537;3.472017;-2.313419
3.948;0.240182;-2.231018;2.471200;-2.133862
3.949;1.405337;-1.340047;2.745384;-1.275442
3.950;4.202920;0.000000;4.202920;0.000000
3.951;6.994648;1.337317;5.657331;1.272943
3.952;8.149175;2.221898;5.927277;2.125510
3.953;7.298178;2.368789;4.929389;2.299851
3.954;5.509856;1.759273;3.750583;1.795177
3.955;4.277556;0.642490;3.635066;0.866550
3.956;4.265586;-0.562221;4.827807;-0.073913
3.957;4.922795;-1.424523;6.347317;-0.615487
3.958;5.233359;-1.663118;6.896477;-0.506381
3.959;4.818165;-1.246153;6.064318;0.249784
3.960;4.308971;-0.394726;4.703697;1.395250
3.961;4.646945;0.510500;4.136444;2.516487
3.962;6.008202;1.082559;4.925643;3.201934
3.963;7.436139;1.081636;6.354504;3.198795
3.964;7.602937;0.509355;7.093583;2.509095
3.965;6.042631;-0.392385;6.435016;1.388425
3.966;3.710610;-1.237386;4.947996;0.248075
3.967;2.300218;-1.648662;3.948880;-0.501931
3.968;2.869910;-1.409977;4.279887;-0.608883
3.969;4.973931;-0.556492;5.530423;-0.072976
3.970;7.053282;0.631127;6.422155;0.853897
3.971;7.726018;1.727834;5.998184;1.765499
3.972;6.834461;2.322680;4.511781;2.257397
3.973;5.365758;2.174620;3.191138;2.082187
3.974;4.407019;1.306322;3.100697;1.244555
3.975;4.156912;0.000000;4.156912;0.000000
3.976;3.907134;-1.303660;5.210794;-1.242116
3.977;2.952608;-2.165728;5.118335;-2.074034
3.978;1.495676;-2.308305;3.803981;-2.244151
3.979;0.617693;-1.713233;2.330927;-1.751700
3.980;1.291494;-0.623663;1.915157;-0.845562
3.981;3.351061;0.551247;2.799814;0.072122
3.982;5.425660;1.391670;4.033990;0.600579
3.983;5.982361;1.623264;4.359097;0.494116
3.984;4.593520;1.215119;3.378400;-0.243734
3.985;2.307694;0.383159;1.924535;-1.361454
3.986;0.784878;-0.501013;1.285891;-2.455532
3.987;0.952067;-1.059681;2.011748;-3.124373
3.988;2.346316;-1.058775;3.405091;-3.121309
3.989;3.672066;-0.499884;4.171950;-2.448315
3.990;4.003471;0.380886;3.622585;-1.354791
3.991;3.515981;1.206567;2.309413;-0.242065
3.992;3.120486;1.609146;1.511340;0.489772
3.993;3.422645;1.377447;2.045199;0.594132
3.994;4.053593;0.545611;3.507982;0.071208
3.995;4.039026;-0.612631;4.651657;-0.833209
3.996;2.857941;-1.682612;4.540553;-1.722726
3.997;1.152993;-2.263363;3.416356;-2.202706
3.998;0.349606;-2.119633;2.469238;-2.031739
3.999;1.456332;-1.273436;2.729768;-1.214401
4.000;4.111123;0.000000;4.111123;0.000000
4.001;6.760354;1.270841;5.489513;1.212019
4.002;7.856984;2.110963;5.746021;2.023780
4.003;7.051022;2.249352;4.801669;2.189774
4.004;5.354311;1.668392;3.685919;1.709254
4.005;4.182588;0.605383;3.577205;0.825073
4.006;4.167080;-0.540452;4.707532;-0.070375
4.007;4.787728;-1.359547;6.147275;-0.586026
4.008;5.083519;-1.584343;6.667863;-0.482142
4.009;4.695194;-1.184849;5.880043;0.237827
4.010;4.219662;-0.371928;4.591590;1.328460
4.011;4.546125;0.491663;4.054462;2.396023
4.012;5.839217;1.037244;4.801973;3.048654
4.013;7.191574;1.036355;6.155219;3.045663
4.014;7.345577;0.490550;6.855027;2.388978
4.015;5.861235;-0.369721;6.230956;1.321956
4.016;3.645609;-1.176507;4.822116;0.236199
4.017;2.304733;-1.570556;3.875289;-0.477901
4.018;2.842537;-1.345640;4.188177;-0.579732
4.019;4.836988;-0.534909;5.371898;-0.069482
4.020;6.810374;0.594671;6.215703;0.813014
4.021;7.451860;1.638568;5.813292;1.680969
4.022;6.610112;2.205549;4.404563;2.149313
4.023;5.218815;2.066023;3.152792;1.982490
4.024;4.307532;1.241369;3.066162;1.184963
4.025;4.065555;0.000000;4.065555;0.000000
4.026;3.823900;-1.238839;5.062739;-1.182639
4.027;2.916631;-2.057571;4.974202;-1.974720
4.028;1.536508;-2.191893;3.728401;-2.136689
4.029;0.707618;-1.624717;2.332336;-1.667817
4.030;1.350080;-0.587635;1.937714;-0.805070
4.031;3.304667;0.529835;2.774831;0.068669
4.032;5.271204;1.328139;3.943065;0.571818
4.033;5.796716;1.546335;4.250381;0.470453
4.034;4.476356;1.155323;3.321033;-0.232061
4.035;2.304661;0.361023;1.943638;-1.296251
4.036;0.856020;-0.482450;1.338470;-2.337930
4.037;1.010524;-1.015240;2.025764;-2.974736
4.038;2.330993;-1.014369;3.345362;-2.971816
4.039;3.590359;-0.481353;4.071712;-2.331052
4.040;3.910427;0.358880;3.551546;-1.289902
4.041;3.455256;1.147186;2.308070;-0.230471
4.042;3.085428;1.532872;1.552556;0.466313
4.043;3.373177;1.314541;2.058635;0.565674
4.044;3.968985;0.524385;3.444601;0.067797
4.045;3.951172;-0.577234;4.528406;-0.793298
4.046;2.828180;-1.595671;4.423851;-1.640205
4.047;1.210630;-2.149200;3.359830;-2.097191
4.048;0.449809;-2.013756;2.463565;-1.934412
4.049;1.501006;-1.210102;2.711108;-1.156226
4.050;4.020214;0.000000;4.020214;0.000000
4.051;6.534143;1.207635;5.326508;1.153957
4.052;7.575750;2.005516;5.570234;1.926827
4.053;6.812472;2.135890;4.676582;2.084867
4.054;5.202736;1.582181;3.620555;1.627366
4.055;4.088652;0.570402;3.518250;0.785544
4.056;4.069993;-0.519395;4.589388;-0.067003
4.057;4.656069;-1.297430;5.953499;-0.557948
4.058;4.937762;-1.509219;6.446981;-0.459041
4.059;4.574642;-1.126524;5.701166;0.226432
4.060;4.130662;-0.350435;4.481097;1.264809
4.061;4.445884;0.473373;3.972512;2.281219
4.062;5.674172;0.993664;4.680508;2.902576
4.063;6.954899;0.992810;5.962089;2.899726
4.064;7.096978;0.472293;6.624685;2.274505
4.065;5.684967;-0.348355;6.033322;1.258611
4.066;3.580011;-1.118588;4.698599;0.224880
4.067;2.305281;-1.496072;3.801353;-0.455000
4.068;2.812961;-1.284136;4.097097;-0.551951
4.069;4.703489;-0.514036;5.217525;-0.066153
4.070;6.576248;0.560304;6.015944;0.774052
4.071;7.187899;1.553891;5.634008;1.600411
4.072;6.393218;2.094280;4.298938;2.046309
4.073;5.075287;1.962800;3.112487;1.887479
4.074;4.209131;1.179615;3.029516;1.128173
4.075;3.975102;0.000000;3.975102;0.000000
4.076;3.741387;-1.177209;4.918596;-1.125957
4.077;2.879056;-1.954766;4.833822;-1.880074
4.078;1.571730;-2.081308;3.653038;-2.034279
4.079;0.789228;-1.540753;2.329982;-1.587878
4.080;1.401771;-0.553671;1.955442;-0.766483
4.081;3.256670;0.509130;2.747539;0.065377
4.082;5.120715;1.267407;3.853309;0.544409
4.083;5.616766;1.472975;4.143791;0.447902
4.084;4.361566;1.098434;3.263131;-0.220937
4.085;2.298386;0.340156;1.958230;-1.234115
4.086;0.920368;-0.464432;1.384800;-2.225858
4.087;1.063044;-0.972509;2.035553;-2.832136
4.088;2.313588;-0.971672;3.285260;-2.829353
4.089;3.509846;-0.463368;3.973214;-2.219305
4.090;3.818848;0.338136;3.480711;-1.228065
4.091;3.393966;1.090694;2.303272;-0.219422
4.092;3.048210;1.460137;1.588073;0.443957
4.093;3.322210;1.254410;2.067800;0.538555
4.094;3.884794;0.503861;3.380933;0.064547
4.095;3.864098;-0.543867;4.407965;-0.755264
4.096;2.796379;-1.513201;4.309580;-1.561566
4.097;1.261798;-2.040754;3.302551;-1.996640
4.098;0.541318;-1.913122;2.454439;-1.841665
4.099;1.539744;-1.149889;2.689633;-1.100788
4.100;3.930223;0.000000;3.930223;0.000000
4.101;6.315690;1.147543;5.168147;1.098626
4.102;7.305008;1.905290;5.399718;1.834436
4.103;6.582185;2.028111;4.554075;1.984897
4.104;5.055016;1.500406;3.554610;1.549332
4.105;3.995772;0.537427;3.458344;0.747875
4.106;3.974317;-0.499039;4.473356;-0.063790
4.107;4.527706;-1.238054;5.765760;-0.531193
4.108;4.795948;-1.437583;6.233531;-0.437028
4.109;4.456466;-1.071038;5.527504;0.215573
4.110;4.042054;-0.330176;4.372230;1.204153
4.111;4.346311;0.455627;3.890685;2.171818
4.112;5.512998;0.951768;4.561229;2.763375
4.113;6.725842;0.950947;5.774895;2.760659
4.114;6.856812;0.454579;6.402233;2.165420
4.115;5.513665;-0.328215;5.841880;1.198247
4.116;3.513927;-1.063488;4.577416;0.214095
4.117;2.302134;-1.425047;3.727182;-0.433178
4.118;2.781357;-1.225348;4.006705;-0.525478
4.119;4.573323;-0.493859;5.067182;-0.062980
4.120;6.350533;0.527909;5.822624;0.736925
4.121;6.933703;1.473572;5.460130;1.523647
4.122;6.183494;1.988586;4.194908;1.948156
4.123;4.935095;1.864691;3.070403;1.796943
4.124;4.111848;1.120905;2.990943;1.074057
4.125;3.885581;0.000000;3.885581;0.000000
4.126;3.659621;-1.118618;4.778239;-1.071946
4.127;2.840020;-1.857056;4.697075;-1.789887
4.128;1.601685;-1.976264;3.577949;-1.936693
4.129;0.863012;-1.461111;2.324123;-1.511705
4.130;1.446996;-0.521657;1.968652;-0.729712
4.131;3.207238;0.489118;2.718119;0.062241
4.132;4.974082;1.209359;3.764722;0.518292
4.133;5.442304;1.403025;4.039279;0.426414
4.134;4.249099;1.044317;3.204782;-0.210338
4.135;2.289084;0.320487;1.968597;-1.174906
4.136;0.978301;-0.446956;1.425256;-2.119067
4.137;1.109953;-0.931434;2.041388;-2.696255
4.138;2.294232;-0.930629;3.224862;-2.693603
4.139;3.430500;-0.445924;3.876424;-2.112822
4.140;3.728711;0.318583;3.410128;-1.169141
4.141;3.332210;1.036954;2.295256;-0.208894
4.142;3.009026;1.390784;1.618242;0.422655
4.143;3.269910;1.196938;2.072972;0.512713
4.144;3.801084;0.484027;3.317057;0.061450
4.145;3.777840;-0.512416;4.290256;-0.719023
4.146;2.762706;-1.434977;4.197683;-1.486633
4.147;1.306883;-1.937744;3.244627;-1.900828
4.148;0.624632;-1.817477;2.442109;-1.753288
4.149;1.572914;-1.092646;2.665560;-1.047963
4.150;3.841180;0.000000;3.841180;0.000000
4.151;6.104687;1.090416;5.014272;1.045903
4.152;7.044318;1.810033;5.234285;1.746401
4.153;6.359833;1.925735;4.434098;1.889639
4.154;4.911041;1.422841;3.488200;1.474976
4.155;3.903968;0.506346;3.397622;0.711983
4.156;3.880047;-0.479368;4.359415;-0.060729
4.157;4.402533;-1.181308;5.583840;-0.505698
4.158;4.657942;-1.369281;6.027223;-0.416053
4.159;4.340627;-1.018256;5.358883;0.205227
4.160;3.953919;-0.311080;4.264999;1.146358
4.161;4.247489;0.438419;3.809070;2.067576
4.162;5.355621;0.911501;4.444120;2.630738
4.163;6.504141;0.910712;5.593428;2.628150
4.164;6.624765;0.437404;6.187361;2.061481
4.165;5.347175;-0.309231;5.656406;1.140731
4.166;3.447464;-1.011075;4.458539;0.203818
4.167;2.295548;-1.357329;3.652877;-0.412384
4.168;2.747891;-1.169165;3.917056;-0.500253
4.169;4.446387;-0.474364;4.920751;-0.059956
4.170;6.132874;0.497374;5.635500;0.701549
4.171;6.688858;1.397390;5.291468;1.450504
4.172;5.980667;1.888193;4.092474;1.854632
4.173;4.798161;1.771449;3.026712;1.710677
4.174;4.015713;1.065093;2.950620;1.022494
4.175;3.797022;0.000000;3.797022;0.000000
4.176;3.578630;-1.062919;4.641548;-1.020483
4.177;2.799655;-1.764193;4.563848;-1.703954
4.178;1.626700;-1.876490;3.503190;-1.843711
4.179;0.929435;-1.385570;2.315006;-1.439126
4.180;1.486161;-0.491481;1.977641;-0.694677
4.181;3.156529;0.469786;2.686744;0.059252
4.182;4.831195;1.153886;3.677309;0.493406
4.183;5.273132;1.336333;3.936799;0.405940
4.184;4.138906;0.992839;3.146067;-0.200238
4.185;2.276962;0.301947;1.975015;-1.118492
4.186;1.030183;-0.430015;1.460199;-2.017316
4.187;1.151565;-0.891963;2.043528;-2.566787
4.188;2.273051;-0.891189;3.164240;-2.564261
4.189;3.352298;-0.429016;3.781314;-2.011366
4.190;3.639995;0.300152;3.339843;-1.112999
4.191;3.270081;0.985835;2.284246;-0.198863
4.192;2.968062;1.324663;1.643399;0.402359
4.193;3.216434;1.142016;2.074418;0.488091
4.194;3.717915;0.464869;3.253047;0.058499
4.195;3.692432;-0.482771;4.175203;-0.684493
4.196;2.727322;-1.360784;4.088106;-1.415238
4.197;1.346257;-1.839903;3.186159;-1.809541
4.198;0.700231;-1.726578;2.426810;-1.669085
4.199;1.600865;-1.038229;2.639094;-0.997633
4.200;3.753111;0.000000;3.753111;0.000000
4.201;5.900840;1.036110;4.864731;0.995670
4.202;6.793258;1.719505;5.073753;1.662523
4.203;6.145103;1.828497;4.316606;1.798880
4.204;4.770704;1.349273;3.421431;1.404132
4.205;3.813262;0.477049;3.336212;0.677785
4.206;3.787177;-0.460369;4.247547;-0.057812
4.207;4.280450;-1.127080;5.407531;-0.481408
4.208;4.523619;-1.304163;5.827782;-0.396069
4.209;4.227087;-0.968050;5.195137;0.195369
4.210;3.866331;-0.293080;4.159411;1.091293
4.211;4.149492;0.421744;3.727747;1.968259
4.212;5.201973;0.872811;4.329161;2.504366
4.213;6.289541;0.872053;5.417488;2.501901
4.214;6.400534;0.420761;5.979774;1.962451
4.215;5.185350;-0.291338;5.476688;1.085931
4.216;3.380724;-0.961219;4.341943;0.194026
4.217;2.285768;-1.292769;3.578536;-0.392573
4.218;2.712722;-1.115478;3.828200;-0.476221
4.219;4.322582;-0.455538;4.778120;-0.057076
4.220;5.922935;0.468593;5.454341;0.667845
4.221;6.452971;1.325134;5.127837;1.380817
4.222;5.784477;1.792840;3.991636;1.765528
4.223;4.664412;1.682837;2.981575;1.628488
4.224;3.920754;1.012038;2.908715;0.973368
4.225;3.709450;0.000000;3.709450;0.000000
4.226;3.498438;-1.009972;4.508410;-0.971452
4.227;2.758089;-1.675941;4.434030;-1.622083
4.228;1.647088;-1.781725;3.428813;-1.755123
4.229;0.988941;-1.313924;2.302865;-1.369977
4.230;1.519652;-0.463039;1.982691;-0.661298
4.231;3.104694;0.451117;2.653577;0.056405
4.232;4.691950;1.100879;3.591072;0.469698
4.233;5.109063;1.272753;3.836310;0.386434
4.234;4.030941;0.943874;3.087067;-0.190616
4.235;2.262220;0.284473;1.977747;-1.064744
4.236;1.076365;-0.413605;1.489970;-1.920376
4.237;1.188182;-0.854042;2.042223;-2.443440
4.238;2.250168;-0.853299;3.103467;-2.441034
4.239;3.275221;-0.412637;3.687858;-1.914707
4.240;3.552681;0.282781;3.269900;-1.059512
4.241;3.207670;0.937213;2.270457;-0.189306
4.242;2.925489;1.261628;1.663861;0.383022
4.243;3.161931;1.089538;2.072393;0.464634
4.244;3.635345;0.446371;3.188974;0.055687
4.245;3.607908;-0.454830;4.062738;-0.651596
4.246;2.690382;-1.290416;3.980798;-1.347220
4.247;1.380270;-1.746976;3.127246;-1.722570
4.248;0.768569;-1.640196;2.408765;-1.588864
4.249;1.623931;-0.986503;2.610434;-0.949683
4.250;3.666043;0.000000;3.666043;0.000000
4.251;5.703867;0.984488;4.719379;0.947813
4.252;6.551427;1.633474;4.917953;1.582613
4.253;5.937695;1.736143;4.201552;1.712415
4.254;4.633906;1.279499;3.354406;1.336640
4.255;3.723673;0.449438;3.274235;0.645206
4.256;3.695704;-0.442028;4.137731;-0.055033
4.257;4.161364;-1.075268;5.236632;-0.458267
4.258;4.392859;-1.242086;5.634945;-0.377030
4.259;4.115809;-0.920297;5.036106;0.185977
4.260;3.779358;-0.276116;4.055475;1.038833
4.261;4.052391;0.405596;3.646795;1.873640
4.262;5.051981;0.835646;4.216335;2.383974
4.263;6.081801;0.834918;5.246882;2.381625
4.264;6.183832;0.404643;5.779189;1.868108
4.265;5.028047;-0.274474;5.302521;1.033725
4.266;3.313800;-0.913801;4.227601;0.184699
4.267;2.273027;-1.231225;3.504251;-0.373700
4.268;2.676003;-1.064183;3.740186;-0.453325
4.269;4.201815;-0.437365;4.639180;-0.054332
4.270;5.720395;0.441468;5.278926;0.635736
4.271;6.225668;1.256606;4.969063;1.314428
4.272;5.594673;1.702279;3.892395;1.680642
4.273;4.533777;1.598629;2.935148;1.550189
4.274;3.826996;0.961608;2.865388;0.926567
4.275;3.622892;0.000000;3.622892;0.000000
4.276;3.419071;-0.959643;4.378715;-0.924742
4.277;2.715444;-1.592076;4.307520;-1.544088
4.278;1.663148;-1.691722;3.354870;-1.670730
4.279;1.041951;-1.245974;2.287925;-1.304102
4.280;1.547838;-0.436233;1.984072;-0.629499
4.281;3.051876;0.433099;2.618777;0.053693
4.282;4.556248;1.050235;3.506013;0.447111
4.283;4.949916;1.212146;3.737770;0.367851
4.284;3.925161;0.897303;3.027858;-0.181450
4.285;2.245047;0.268004;1.977043;-1.013542
4.286;1.117179;-0.397716;1.514895;-1.828025
4.287;1.220090;-0.817620;2.037710;-2.325934
4.288;2.225703;-0.816906;3.042610;-2.323642
4.289;3.199251;-0.396779;3.596030;-1.822626
4.290;3.466754;0.266410;3.200344;-1.008557
4.291;3.145060;0.890968;2.254092;-0.180202
4.292;2.881475;1.201541;1.679934;0.364601
4.293;3.106540;1.039401;2.067139;0.442288
4.294;3.553426;0.428518;3.124907;0.053009
4.295;3.524297;-0.428497;3.952793;-0.620257
4.296;2.652032;-1.223680;3.875712;-1.282423
4.297;1.409261;-1.658720;3.067981;-1.639719
4.298;0.830080;-1.558109;2.388189;-1.512443
4.299;1.642429;-0.937337;2.579766;-0.904005
4.300;3.580000;0.000000;3.580000;0.000000
4.301;5.513501;0.935421;4.578080;0.902224
4.302;6.318442;1.551721;4.766720;1.506488
4.303;5.737324;1.648432;4.088892;1.630045
4.304;4.500549;1.213326;3.287223;1.272345
4.305;3.635220;0.423415;3.211805;0.614170
4.306;3.605623;-0.424328;4.029951;-0.052385
4.307;4.045186;-1.025768;5.070954;-0.436223
4.308;4.265548;-1.182914;5.448463;-0.358893
4.309;4.006758;-0.874880;4.881638;0.177031
4.310;3.693067;-0.260128;3.953195;0.988858
4.311;3.956250;0.389965;3.566286;1.783506
4.312;4.905578;0.799955;4.105623;2.269287
4.313;5.880685;0.799256;5.081429;2.267050
4.314;5.974380;0.389043;5.585337;1.778235
4.315;4.875129;-0.258581;5.133710;0.983993
4.316;3.246784;-0.868701;4.115486;0.175813
4.317;2.257547;-1.172562;3.430108;-0.355721
4.318;2.637878;-1.015179;3.653057;-0.431515
4.319;4.083997;-0.419830;4.503827;-0.051718
4.320;5.524949;0.415904;5.109045;0.605149
4.321;6.006593;1.191614;4.814979;1.251187
4.322;5.411020;1.616271;3.794749;1.599779
4.323;4.406186;1.518610;2.887576;1.475602
4.324;3.734464;0.913674;2.820790;0.881985
4.325;3.537371;0.000000;3.537371;0.000000
4.326;3.340554;-0.911807;4.252361;-0.880246
4.327;2.671835;-1.512384;4.184219;-1.469791
4.328;1.675162;-1.606246;3.281407;-1.590337
4.329;1.088867;-1.181532;2.270399;-1.241350
4.330;1.571068;-0.410971;1.982038;-0.599208
4.331;2.998207;0.415714;2.582493;0.051109
4.332;4.423993;1.001855;3.422138;0.425596
4.333;4.795521;1.154376;3.641144;0.350149
4.334;3.821525;0.853012;2.968513;-0.172718
4.335;2.225625;0.252483;1.973142;-0.964768
4.336;1.152945;-0.382341;1.535286;-1.740055
4.337;1.247569;-0.782647;2.030216;-2.214001
4.338;2.199772;-0.781962;2.981734;-2.211817
4.339;3.124374;-0.381435;3.505809;-1.734911
4.340;3.382196;0.250981;3.131216;-0.960019
4.341;3.082336;0.846987;2.235349;-0.171529
4.342;2.836176;1.144269;1.691906;0.347054
4.343;3.050393;0.991506;2.058887;0.421001
4.344;3.472209;0.411296;3.060912;0.050458
4.345;3.441628;-0.403679;3.845307;-0.590404
4.346;2.612412;-1.160388;3.772800;-1.220700
4.347;1.433548;-1.574905;3.008452;-1.560799
4.348;0.885177;-1.480108;2.365285;-1.439647
4.349;1.656662;-0.890605;2.547267;-0.860494
4.350;3.495006;0.000000;3.495006;0.000000
4.351;5.329487;0.888785;4.440702;0.858797
4.352;6.093937;1.474038;4.619899;1.433975
4.353;5.543720;1.565135;3.978585;1.551584
4.354;4.370541;1.150570;3.219972;1.211100
4.355;3.547921;0.398890;3.149030;0.584606
4.356;3.516930;-0.407255;3.924185;-0.049864
4.357;3.931830;-0.978485;4.910314;-0.415224
4.358;4.141579;-1.126516;5.268094;-0.341616
4.359;3.899899;-0.831686;4.731585;0.168509
4.360;3.607515;-0.245061;3.852576;0.941256
4.361;3.861129;0.374843;3.486286;1.697648
4.362;4.762695;0.765688;3.997006;2.160043
4.363;5.685968;0.765017;4.920951;2.157912
4.364;5.771914;0.373952;5.397962;1.692629
4.365;4.726466;-0.243603;4.970069;0.936622
4.366;3.179762;-0.825811;4.005573;0.167349
4.367;2.239539;-1.116649;3.356188;-0.338595
4.368;2.598486;-0.968370;3.566856;-0.410740
4.369;3.969046;-0.402917;4.371963;-0.049228
4.370;5.336308;0.391812;4.944495;0.576014
4.371;5.795406;1.129979;4.665427;1.190947
4.372;5.233290;1.534593;3.698697;1.522756
4.373;4.281574;1.442576;2.838998;1.404556
4.374;3.643179;0.868116;2.775063;0.839519
4.375;3.452909;0.000000;3.452909;0.000000
4.376;3.262907;-0.866341;4.129249;-0.837863
4.377;2.627374;-1.436660;4.064034;-1.399021
4.378;1.683401;-1.525072;3.208472;-1.513762
4.379;1.130071;-1.120418;2.250488;-1.181578
4.380;1.589672;-0.387163;1.976835;-0.570355
4.381;2.943816;0.398949;2.544868;0.048648
4.382;4.295093;0.955644;3.339449;0.405102
4.383;4.645713;1.099317;3.546397;0.333289
4.384;3.719992;0.810890;2.909102;-0.164401
4.385;2.204128;0.237856;1.966272;-0.918310
4.386;1.183968;-0.367471;1.551439;-1.656262
4.387;1.270883;-0.749073;2.019956;-2.107384
4.388;2.172486;-0.748416;2.920902;-2.105304
4.389;3.050578;-0.366594;3.417173;-1.651363
4.390;3.298997;0.236441;3.062556;-0.913787
4.391;3.019572;0.805160;2.214412;-0.163269
4.392;2.789739;1.089684;1.700055;0.330340
4.393;2.993616;0.945759;2.047857;0.400726
4.394;3.391740;0.394689;2.997051;0.048028
4.395;3.359928;-0.380292;3.740220;-0.561970
4.396;2.571654;-1.100367;3.672021;-1.161910
4.397;1.453436;-1.495309;2.948745;-1.485628
4.398;0.934252;-1.405992;2.340244;-1.370310
4.399;1.666916;-0.846191;2.513107;-0.819049
4.400;3.411082;0.000000;3.411082;0.000000
4.401;5.151582;0.844461;4.307121;0.817433
4.402;5.877566;1.400225;4.477341;1.364907
4.403;5.356622;1.486031;3.870590;1.476851
4.404;4.243794;1.091055;3.152739;1.152766
4.405;3.461792;0.375779;3.086013;0.556447
4.406;3.429624;-0.390793;3.820417;-0.047462
4.407;3.821217;-0.933322;4.754539;-0.395224
4.408;4.020848;-1.072764;5.093612;-0.325161
4.409;3.795200;-0.790610;4.585810;0.160392
4.410;3.522760;-0.230862;3.753622;0.895916
4.411;3.767081;0.360222;3.406859;1.615872
4.412;4.623263;0.732796;3.890467;2.055991
4.413;5.497435;0.732152;4.765283;2.053962
4.414;5.576178;0.359361;5.216817;1.611090
4.415;4.581930;-0.229488;4.811418;0.891502
4.416;3.112814;-0.785023;3.897836;0.159287
4.417;2.219205;-1.063361;3.282566;-0.322283
4.418;2.557957;-0.923662;3.481620;-0.390953
4.419;3.856881;-0.386611;4.243492;-0.046856
4.420;5.154195;0.369109;4.785086;0.548264
4.421;5.591783;1.071529;4.520254;1.133571
4.422;5.061267;1.457028;3.604239;1.449393
4.423;4.159876;1.370331;2.789545;1.336888
4.424;3.553162;0.824817;2.728344;0.799072
4.425;3.369528;0.000000;3.369528;0.000000
4.426;3.186155;-0.823131;4.009286;-0.797495
4.427;2.582166;-1.364710;3.946876;-1.331615
4.428;1.688122;-1.447987;3.136108;-1.440828
4.429;1.165925;-1.062462;2.228386;-1.124648
4.430;1.603967;-0.364728;1.968694;-0.542874
4.431;2.888823;0.382786;2.506038;0.046304
4.432;4.169460;0.911508;3.257952;0.385583
4.433;4.500338;1.046844;3.453495;0.317229
4.434;3.620526;0.770834;2.849692;-0.156479
4.435;2.180721;0.224072;1.956649;-0.874061
4.436;1.210539;-0.353096;1.563635;-1.576454
4.437;1.290285;-0.716850;2.007135;-2.005837
4.438;2.143956;-0.716219;2.860175;-2.003856
4.439;2.977854;-0.352249;3.330103;-1.571788
4.440;3.217143;0.222738;2.994404;-0.869753
4.441;2.956844;0.765385;2.191459;-0.155401
4.442;2.742305;1.037664;1.704641;0.314421
4.443;2.936326;0.902068;2.034258;0.381415
4.444;3.312064;0.378680;2.933384;0.045713
4.445;3.279223;-0.358253;3.637476;-0.534888
4.446;2.529886;-1.043447;3.573333;-1.105915
4.447;1.469215;-1.419724;2.888938;-1.414032
4.448;0.977680;-1.335571;2.313251;-1.304271
4.449;1.673465;-0.803980;2.477445;-0.779577
4.450;3.328249;0.000000;3.328249;0.000000
4.451;4.979553;0.802336;4.177216;0.778037
4.452;5.668996;1.330091;4.338904;1.299126
4.453;5.175782;1.410913;3.764869;1.405673
4.454;4.120222;1.034617;3.085605;1.097207
4.455;3.376848;0.354000;3.022848;0.529628
4.456;3.343701;-0.374925;3.718626;-0.045174
4.457;3.713271;-0.890191;4.603463;-0.376175
4.458;3.903258;-1.021540;4.924798;-0.309489
4.459;3.692628;-0.751549;4.444177;0.152661
4.460;3.438853;-0.217482;3.656335;0.852733
4.461;3.674155;0.346092;3.328063;1.537986
4.462;4.487216;0.701230;3.785986;1.956891
4.463;5.314875;0.700612;4.614263;1.954958
4.464;5.386928;0.345259;5.041669;1.533433
4.465;4.441402;-0.216187;4.657589;0.848529
4.466;3.046015;-0.746236;3.792251;0.151609
4.467;2.196735;-1.012579;3.209314;-0.306748
4.468;2.516419;-0.880966;3.397385;-0.372107
4.469;3.747428;-0.370895;4.118323;-0.044598
4.470;4.978350;0.347715;4.630635;0.521835
4.471;5.395416;1.016101;4.379315;1.078926
4.472;4.894743;1.383372;3.511372;1.379523
4.473;4.041030;1.301689;2.739342;1.272440
4.474;3.464430;0.783667;2.680762;0.760551
4.475;3.287247;0.000000;3.287247;0.000000
4.476;3.110318;-0.782065;3.892382;-0.759049
4.477;2.536313;-1.296348;3.832661;-1.267419
4.478;1.689570;-1.374786;3.064356;-1.371365
4.479;1.196774;-1.007502;2.204276;-1.070428
4.480;1.614249;-0.343586;1.957836;-0.516702
4.481;2.833342;0.367209;2.466132;0.044072
4.482;4.047009;0.869360;3.177649;0.366993
4.483;4.359247;0.996840;3.362408;0.301935
4.484;3.523091;0.732744;2.790347;-0.148935
4.485;2.155562;0.211084;1.944478;-0.831919
4.486;1.232936;-0.339207;1.572143;-1.500446
4.487;1.306020;-0.685930;1.991950;-1.909125
4.488;2.114285;-0.685325;2.799609;-1.907239
4.489;2.906192;-0.338389;3.244581;-1.496002
4.490;3.136624;0.209827;2.926797;-0.827817
4.491;2.894220;0.727563;2.166658;-0.147908
4.492;2.694007;0.988092;1.705915;0.299260
4.493;2.878635;0.860346;2.018289;0.363024
4.494;3.233222;0.363254;2.869968;0.043509
4.495;3.199536;-0.337485;3.537021;-0.509096
4.496;2.487226;-0.989471;3.476697;-1.052588
4.497;1.481161;-1.347948;2.829109;-1.345846
4.498;1.015815;-1.268663;2.284478;-1.241377
4.499;1.676569;-0.763865;2.440434;-0.741984
4.500;3.246525;0.000000;3.246525;0.000000
4.501;4.813179;0.762303;4.050876;0.740518
4.502;5.467911;1.263457;4.204454;1.236477
4.503;5.000964;1.339582;3.661382;1.337886
4.504;3.999745;0.981098;3.018647;1.044295
4.505;3.293105;0.333478;2.959627;0.504087
4.506;3.259158;-0.359636;3.618795;-0.042996
4.507;3.607922;-0.849004;4.456926;-0.358033
4.508;3.788716;-0.972728;4.761444;-0.294563
4.509;3.592153;-0.714406;4.306559;0.145299
4.510;3.355841;-0.204873;3.560714;0.811607
4.511;3.582396;0.332441;3.249955;1.463811
4.512;4.354489;0.670944;3.683545;1.862512
4.513;5.138090;0.670351;4.467739;1.860671
4.514;5.203931;0.331637;4.872294;1.459475
4.515;4.304764;-0.203653;4.508417;0.807604
4.516;2.979437;-0.709354;3.688791;0.144296
4.517;2.172310;-0.964189;3.136499;-0.291953
4.518;2.473989;-0.840196;3.314185;-0.354160
4.519;3.640614;-0.355754;3.996368;-0.042447
4.520;4.808521;0.327555;4.480966;0.496665
4.521;5.206012;0.963539;4.242473;1.026885
4.522;4.733523;1.313430;3.420093;1.312982
4.523;3.924977;1.236472;2.688505;1.211064
4.524;3.377000;0.744562;2.632439;0.723865
4.525;3.206084;0.000000;3.206084;0.000000
4.526;3.035415;-0.743039;3.778453;-0.722435
4.527;2.489911;-1.231398;3.721308;-1.206282
4.528;1.687978;-1.305278;2.993255;-1.305214
4.529;1.222946;-0.955385;2.178331;-1.018792
4.530;1.620804;-0.323665;1.944469;-0.491777
4.531;2.777477;0.352204;2.425274;0.041946
4.532;3.927659;0.829114;3.098545;0.349290
4.533;4.222297;0.949191;3.273106;0.287369
4.534;3.427654;0.696525;2.731129;-0.141750
4.535;2.128802;0.198845;1.929958;-0.791786
4.536;1.251425;-0.325793;1.577218;-1.428061
4.537;1.318320;-0.656267;1.974587;-1.817024
4.538;2.083575;-0.655686;2.739261;-1.815228
4.539;2.835588;-0.325003;3.160590;-1.423830
4.540;3.057431;0.197660;2.859770;-0.787879
4.541;2.831768;0.691598;2.140170;-0.140772
4.542;2.644970;0.940856;1.704114;0.284822
4.543;2.820647;0.820506;2.000140;0.345510
4.544;3.155251;0.348394;2.806857;0.041410
4.545;3.120890;-0.317916;3.438806;-0.484534
4.546;2.443789;-0.938287;3.382076;-1.001803
4.547;1.489536;-1.279794;2.769329;-1.280912
4.548;1.048995;-1.205095;2.254091;-1.181483
4.549;1.676473;-0.725744;2.402217;-0.706184
4.550;3.165928;0.000000;3.165928;0.000000
4.551;4.652249;0.724259;3.927990;0.704788
4.552;5.274010;1.200149;4.073861;1.176817
4.553;4.831944;1.271850;3.560094;1.273331
4.554;3.882284;0.930347;2.951937;0.993906
4.555;3.210575;0.314140;2.896435;0.479764
4.556;3.175994;-0.344910;3.520904;-0.040921
4.557;3.505100;-0.809678;4.314778;-0.340757
4.558;3.677135;-0.926216;4.603351;-0.280349
4.559;3.493744;-0.679088;4.172832;0.138287
4.560;3.273768;-0.192993;3.466761;0.772443
4.561;3.491844;0.319261;3.172584;1.393175
4.562;4.225015;0.641892;3.583123;1.772635
4.563;4.966887;0.641323;4.325563;1.770882
4.564;5.026964;0.318484;4.708479;1.389046
4.565;4.171905;-0.191843;4.363748;0.768631
4.566;2.913149;-0.674284;3.587433;0.137333
4.567;2.146102;-0.918081;3.064182;-0.277864
4.568;2.430782;-0.801268;3.232050;-0.337068
4.569;3.536373;-0.341172;3.877545;-0.040398
4.570;4.644473;0.308559;4.335914;0.472696
4.571;5.023292;0.913697;4.109595;0.977327
4.572;4.577416;1.247017;3.330399;1.249617
4.573;3.811659;1.174512;2.637147;1.152616
4.574;3.290888;0.707400;2.583488;0.688930
4.575;3.126057;0.000000;3.126057;0.000000
4.576;2.961466;-0.705952;3.667418;-0.687568
4.577;2.443051;-1.169691;3.612742;-1.148063
4.578;1.683567;-1.239276;2.922843;-1.242219
4.579;1.244751;-0.905965;2.150716;-0.969621
4.580;1.623899;-0.304894;1.928793;-0.468041
4.581;2.721332;0.337753;2.383579;0.039921
4.582;3.811331;0.790687;3.020644;0.332431
4.583;4.089354;0.903791;3.185563;0.273499
4.584;3.334181;0.662086;2.672095;-0.134908
4.585;2.100585;0.187312;1.913273;-0.753568
4.586;1.266259;-0.312843;1.579102;-1.359132
4.587;1.327406;-0.627815;1.955221;-1.729319
4.588;2.051923;-0.627258;2.679181;-1.727608
4.589;2.766034;-0.312081;3.078115;-1.355102
4.590;2.979554;0.186196;2.793358;-0.749848
4.591;2.769549;0.657402;2.112147;-0.133977
4.592;2.595312;0.895849;1.699463;0.271074
4.593;2.762459;0.782470;1.979990;0.328831
4.594;3.078186;0.334085;2.744102;0.039411
4.595;3.043303;-0.299477;3.342780;-0.461144
4.596;2.399683;-0.889752;3.289435;-0.953443
4.597;1.494588;-1.215078;2.709667;-1.219078
4.598;1.077542;-1.144703;2.222245;-1.124448
4.599;1.673412;-0.689518;2.362930;-0.672093
4.600;3.086475;0.000000;3.086475;0.000000
4.601;4.496563;0.688107;3.808456;0.670764
4.602;5.087006;1.140004;3.947002;1.120004
4.603;4.668505;1.207535;3.460970;1.211859
4.604;3.767765;0.882223;2.885542;0.945923
4.605;3.129270;0.295919;2.833351;0.456602
4.606;3.094206;-0.330731;3.424937;-0.038946
4.607;3.404743;-0.772132;4.176874;-0.324306
4.608;3.568430;-0.881901;4.450330;-0.266814
4.609;3.397373;-0.645507;4.042880;0.131611
4.610;3.192675;-0.181798;3.374473;0.735150
4.611;3.402537;0.306539;3.095998;1.325912
4.612;4.098732;0.614029;3.484703;1.687050
4.613;4.801080;0.613484;4.187595;1.685381
4.614;4.855810;0.305790;4.550020;1.321980
4.615;4.042716;-0.180715;4.223431;0.731520
4.616;2.847212;-0.640939;3.488151;0.130702
4.617;2.118273;-0.874149;2.992423;-0.264448
4.618;2.386904;-0.764102;3.151007;-0.320793
4.619;3.434639;-0.327131;3.761771;-0.038448
4.620;4.485979;0.290661;4.195318;0.449872
4.621;4.846988;0.866435;3.980554;0.930137
4.622;4.426243;1.183957;3.242286;1.189278
4.623;3.701018;1.115648;2.585371;1.096961
4.624;3.206106;0.672086;2.534020;0.655664
4.625;3.047181;0.000000;3.047181;0.000000
4.626;2.888489;-0.670711;3.559200;-0.654367
4.627;2.395820;-1.111068;3.506888;-1.092625
4.628;1.676546;-1.176607;2.853153;-1.182234
4.629;1.262485;-0.859103;2.121588;-0.922798
4.630;1.623788;-0.287207;1.910995;-0.445439
4.631;2.664999;0.323841;2.341158;0.037993
4.632;3.697950;0.754002;2.943949;0.316377
4.633;3.960286;0.860534;3.099752;0.260291
4.634;3.242642;0.629341;2.613300;-0.128393
4.635;2.071046;0.176446;1.894600;-0.717177
4.636;1.277678;-0.300347;1.578025;-1.293495
4.637;1.333492;-0.600530;1.934022;-1.645804
4.638;2.019423;-0.599996;2.619420;-1.644176
4.639;2.697528;-0.299611;2.997140;-1.289658
4.640;2.902986;0.175395;2.727591;-0.713635
4.641;2.707622;0.624888;2.082734;-0.127507
4.642;2.545144;0.852968;1.692176;0.257982
4.643;2.704166;0.746157;1.958009;0.312950
4.644;3.002061;0.320310;2.681751;0.037508
4.645;2.966796;-0.282103;3.248900;-0.438872
4.646;2.355011;-0.843729;3.198740;-0.907394
4.647;1.496555;-1.153631;2.650186;-1.160199
4.648;1.101760;-1.087328;2.189088;-1.070139
4.649;1.667609;-0.655094;2.322703;-0.639632
4.650;3.008180;0.000000;3.008180;0.000000
4.651;4.345928;0.653753;3.692175;0.638366
4.652;4.906625;1.082864;3.823761;1.065908
4.653;4.510443;1.146469;3.363974;1.153325
4.654;3.656115;0.836590;2.819526;0.900234
4.655;3.049202;0.278751;2.770451;0.434547
4.656;3.013791;-0.317082;3.330873;-0.037064
4.657;3.306787;-0.736288;4.043075;-0.308641
4.658;3.462521;-0.839679;4.302200;-0.253926
4.659;3.303011;-0.613579;3.916589;0.125254
4.660;3.112598;-0.171251;3.283849;0.699639
4.661;3.314506;0.294265;3.020241;1.261864
4.662;3.975576;0.587313;3.388264;1.605557
4.663;4.640491;0.586790;4.053701;1.603968
4.664;4.690265;0.293543;4.396722;1.258120
4.665;3.917095;-0.170230;4.087325;0.696183
4.666;2.781686;-0.609236;3.390922;0.124388
4.667;2.088980;-0.832294;2.921274;-0.251673
4.668;2.342458;-0.728624;3.071082;-0.305297
4.669;3.335351;-0.313618;3.648969;-0.036590
4.670;4.332824;0.273797;4.059028;0.428139
4.671;4.676848;0.821619;3.855229;0.885202
4.672;4.279831;1.124081;3.155751;1.131824
4.673;3.593002;1.059726;2.533276;1.043966
4.674;3.122666;0.638530;2.484136;0.623988
4.675;2.969471;0.000000;2.969471;0.000000
4.676;2.816500;-0.637223;3.453723;-0.622753
4.677;2.348301;-1.055375;3.403676;-1.039838
4.678;1.667117;-1.117102;2.784219;-1.125117
4.679;1.276427;-0.814667;2.091095;-0.878215
4.680;1.620712;-0.270543;1.891255;-0.423919
4.681;2.608569;0.310451;2.298118;0.036158
4.682;3.587445;0.718981;2.868463;0.301092
4.683;3.834972;0.819324;3.015648;0.247716
4.684;3.153006;0.598209;2.554797;-0.122190
4.685;2.040316;0.166208;1.874108;-0.682526
4.686;1.285913;-0.288293;1.574205;-1.230998
4.687;1.336778;-0.574370;1.911149;-1.566284
4.688;1.986166;-0.573858;2.560025;-1.564733
4.689;2.630067;-0.287583;2.917650;-1.227345
4.690;2.827719;0.165217;2.662502;-0.679153
4.691;2.646043;0.593974;2.052068;-0.121346
4.692;2.494572;0.812116;1.682456;0.245517
4.693;2.645852;0.711493;1.934359;0.297828
4.694;2.926905;0.307054;2.619851;0.035695
4.695;2.891386;-0.265734;3.157120;-0.417666
4.696;2.309869;-0.800089;3.109958;-0.863548
4.697;1.495661;-1.095287;2.590948;-1.104136
4.698;1.121938;-1.032823;2.154761;-1.018428
4.699;1.659273;-0.622384;2.281656;-0.608723
4.700;2.931056;0.000000;2.931056;0.000000
4.701;4.200162;0.621110;3.579053;0.607518
4.702;4.732606;1.028582;3.704024;1.014399
4.703;4.357561;1.088487;3.269074;1.097592
4.704;3.547266;0.793320;2.753946;0.856730
4.705;2.970381;0.262575;2.707806;0.413548
4.706;2.934747;-0.303947;3.238695;-0.035273
4.707;3.211174;-0.702073;3.913247;-0.293726
4.708;3.359333;-0.799456;4.158789;-0.241655
4.709;3.210629;-0.583222;3.793852;0.119201
4.710;3.033571;-0.161313;3.194884;0.665827
4.711;3.227782;0.282428;2.945354;1.200881
4.712;3.855486;0.561699;3.293787;1.527964
4.713;4.484949;0.561198;3.923752;1.526450
4.714;4.530132;0.281731;4.248401;1.197316
4.715;3.794942;-0.160352;3.955293;0.662536
4.716;2.716627;-0.579094;3.295721;0.118377
4.717;2.058366;-0.792421;2.850787;-0.239509
4.718;2.297541;-0.694757;2.992298;-0.290541
4.719;3.238451;-0.300615;3.539066;-0.034822
4.720;4.184804;0.257908;3.926897;0.407446
4.721;4.512631;0.779125;3.733506;0.842419
4.722;4.138017;1.067230;3.070787;1.077120
4.723;3.487556;1.006601;2.480955;0.993508
4.724;3.040578;0.606644;2.433934;0.593829
4.725;2.892938;0.000000;2.892938;0.000000
4.726;2.745516;-0.605403;3.350918;-0.592653
4.727;2.300573;-1.002468;3.303041;-0.989577
4.728;1.655467;-1.060604;2.716071;-1.070734
4.729;1.286843;-0.772533;2.059376;-0.835766
4.730;1.614901;-0.254842;1.869742;-0.403428
4.731;2.552124;0.297568;2.254556;0.034410
4.732;3.479744;0.685554;2.794190;0.286538
4.733;3.713292;0.780064;2.933227;0.235742
4.734;3.065246;0.568610;2.496636;-0.116284
4.735;2.008518;0.156562;1.851956;-0.649534
4.736;1.291181;-0.276670;1.567851;-1.171493
4.737;1.337460;-0.549293;1.886753;-1.490572
4.738;1.952238;-0.548802;2.501040;-1.489095
4.739;2.563647;-0.275986;2.839633;-1.168015
4.740;2.753747;0.155629;2.598119;-0.646323
4.741;2.584864;0.564584;2.020280;-0.115480
4.742;2.443694;0.773198;1.670496;0.233648
4.743;2.587600;0.678407;1.909194;0.283431
4.744;2.852745;0.294300;2.558445;0.033970
4.745;2.817088;-0.250311;3.067399;-0.397475
4.746;2.264349;-0.758710;3.023059;-0.821802
4.747;1.492118;-1.039892;2.532010;-1.050759
4.748;1.138351;-0.981044;2.119395;-0.969193
4.749;1.648604;-0.591302;2.239906;-0.579295
4.750;2.855117;0.000000;2.855117;0.000000
4.751;4.059090;0.590092;3.468998;0.578148
4.752;4.564700;0.977016;3.587684;0.965357
4.753;4.209673;1.033435;3.176237;1.044528
4.754;3.441151;0.752291;2.688859;0.815310
4.755;2.892815;0.247335;2.645479;0.393554
4.756;2.857071;-0.291312;3.148383;-0.033568
4.757;3.117850;-0.669416;3.787266;-0.279525
4.758;3.258792;-0.761138;4.019930;-0.229972
4.759;3.120202;-0.554362;3.674564;0.113437
4.760;2.955626;-0.151950;3.107576;0.633635
4.761;3.142389;0.271016;2.871373;1.142819
4.762;3.738400;0.537148;3.201252;1.454087
4.763;4.334291;0.536667;3.797624;1.452646
4.764;4.375222;0.270345;4.104877;1.139425
4.765;3.676160;-0.151044;3.827204;0.630502
4.766;2.652087;-0.550437;3.202524;0.112653
4.767;2.026572;-0.754436;2.781008;-0.227929
4.768;2.252243;-0.662433;2.914676;-0.276493
4.769;3.143881;-0.288107;3.431988;-0.033138
4.770;4.041725;0.242937;3.798787;0.387745
4.771;4.354105;0.738831;3.615274;0.801685
4.772;4.000643;1.013253;2.987390;1.025037
4.773;3.384630;0.956135;2.428495;0.945467
4.774;2.959852;0.576347;2.383504;0.565114
4.775;2.817595;0.000000;2.817595;0.000000
4.776;2.675550;-0.575167;3.250717;-0.563995
4.777;2.252709;-0.952209;3.204918;-0.941725
4.778;1.641776;-1.006962;2.648738;-1.018957
4.779;1.293984;-0.732581;2.026565;-0.795351
4.780;1.606568;-0.240049;1.846617;-0.383919
4.781;2.495743;0.285177;2.210567;0.032746
4.782;3.374782;0.653650;2.721132;0.272681
4.783;3.595133;0.742666;2.852467;0.224341
4.784;2.979332;0.540470;2.438862;-0.110660
4.785;1.975769;0.147474;1.828296;-0.618122
4.786;1.293692;-0.265466;1.559158;-1.114840
4.787;1.335720;-0.525258;1.860977;-1.418487
4.788;1.917722;-0.524787;2.442509;-1.417081
4.789;2.498268;-0.264807;2.763075;-1.111529
4.790;2.681063;0.146594;2.534469;-0.615065
4.791;2.524136;0.536643;1.987493;-0.109895
4.792;2.392602;0.736125;1.656478;0.222348
4.793;2.529486;0.646828;1.882658;0.269723
4.794;2.779608;0.282033;2.497574;0.032327
4.795;2.743916;-0.235780;2.979697;-0.378251
4.796;2.218538;-0.719475;2.938012;-0.782056
4.797;1.486129;-0.987297;2.473425;-0.999939
4.798;1.151259;-0.931858;2.083116;-0.922318
4.799;1.635791;-0.561770;2.197561;-0.551277
4.800;2.780373;0.000000;2.780373;0.000000
4.801;3.922544;0.560620;3.361925;0.550185
4.802;4.402669;0.928031;3.474638;0.918666
4.803;4.066598;0.981167;3.085432;0.994007
4.804;3.337705;0.713388;2.624316;0.775876
4.805;2.816511;0.232977;2.583535;0.374519
4.806;2.780760;-0.279160;3.059920;-0.031944
4.807;3.026761;-0.638247;3.665008;-0.266004
4.808;3.160828;-0.724637;3.885465;-0.218848
4.809;3.031701;-0.526925;3.558626;0.107950
4.810;2.878788;-0.143129;3.021917;0.602986
4.811;3.058351;0.260018;2.798333;1.087541
4.812;3.624259;0.513619;3.110640;1.383752
4.813;4.188357;0.513158;3.675199;1.382380
4.814;4.225353;0.259371;3.965982;1.084309
4.815;3.560658;-0.142275;3.702934;0.600004
4.816;2.588113;-0.523193;3.111306;0.107204
4.817;1.993728;-0.718253;2.711981;-0.216903
4.818;2.206652;-0.631584;2.838235;-0.263118
4.819;3.051589;-0.276078;3.327667;-0.031535
4.820;3.903400;0.228833;3.674567;0.368988
4.821;4.201052;0.700626;3.500426;0.762904
4.822;3.867559;0.962005;2.905554;0.975451
4.823;3.284174;0.908195;2.375979;0.899730
4.824;2.880493;0.547560;2.332933;0.537776
4.825;2.743452;0.000000;2.743452;0.000000
4.826;2.606616;-0.546439;3.153055;-0.536711
4.827;2.204780;-0.904466;3.109246;-0.896168
4.828;1.626214;-0.956032;2.582246;-0.969663
4.829;1.298089;-0.694699;1.992788;-0.756874
4.830;1.595919;-0.226112;1.822031;-0.365346
4.831;2.439500;0.273261;2.166239;0.031162
4.832;3.272492;0.623201;2.649291;0.259490
4.833;3.480387;0.707041;2.773345;0.213488
4.834;2.895239;0.513718;2.381521;-0.105307
4.835;1.942181;0.138912;1.803269;-0.588218
4.836;1.293642;-0.254671;1.548313;-1.060904
4.837;1.331733;-0.502225;1.833959;-1.349860
4.838;1.882696;-0.501775;2.384471;-1.348521
4.839;2.433928;-0.254036;2.687963;-1.057751
4.840;2.609661;0.138083;2.471577;-0.585307
4.841;2.463903;0.510079;1.953824;-0.104578
4.842;2.341385;0.700811;1.640574;0.211590
4.843;2.471581;0.616692;1.854889;0.256673
4.844;2.707515;0.270238;2.437276;0.030763
4.845;2.671884;-0.222091;2.893974;-0.359950
4.846;2.172517;-0.682272;2.854789;-0.744217
4.847;1.477884;-0.937361;2.415245;-0.951558
4.848;1.160908;-0.885133;2.046042;-0.877692
4.849;1.621013;-0.533710;2.154723;-0.524604
4.850;2.706834;0.000000;2.706834;0.000000
4.851;3.790367;0.532617;3.257750;0.523564
4.852;4.246288;0.881498;3.364790;0.874216
4.853;3.928168;0.931541;2.996626;0.945910
4.854;3.236866;0.676501;2.560365;0.738333
4.855;2.741478;0.219449;2.522028;0.356397
4.856;2.705810;-0.267476;2.973286;-0.030399
4.857;2.937855;-0.608503;3.546358;-0.253133
4.858;3.065377;-0.689869;3.755245;-0.208258
4.859;2.945101;-0.500841;3.445942;0.102727
4.860;2.803085;-0.134818;2.937903;0.573808
4.861;2.975688;0.249423;2.726265;1.034915
4.862;3.513003;0.491073;3.021930;1.316792
4.863;4.046995;0.490632;3.556363;1.315486
4.864;4.080353;0.248799;3.831553;1.031839
4.865;3.448347;-0.134014;3.582361;0.570968
4.866;2.524751;-0.497293;3.022045;0.102016
4.867;1.959957;-0.683788;2.643745;-0.206407
4.868;2.160848;-0.602144;2.762992;-0.250385
4.869;2.961523;-0.264513;3.226036;-0.030009
4.870;3.769653;0.215546;3.554107;0.351132
4.871;4.053262;0.664400;3.388862;0.725984
4.872;3.738620;0.913349;2.825271;0.928245
4.873;3.186140;0.862656;2.323483;0.856189
4.874;2.802508;0.520209;2.282300;0.511751
4.875;2.670518;0.000000;2.670518;0.000000
4.876;2.538727;-0.519143;3.057870;-0.510736
4.877;2.156852;-0.859113;3.015966;-0.852797
4.878;1.608943;-0.907678;2.516621;-0.922735
4.879;1.299382;-0.658781;1.958163;-0.720244
4.880;1.583145;-0.212982;1.796127;-0.347664
4.881;2.383463;0.261805;2.121658;0.029654
4.882;3.172813;0.594145;2.578669;0.246931
4.883;3.368950;0.673109;2.695841;0.203156
4.884;2.812939;0.488285;2.324654;-0.100210
4.885;1.907858;0.130845;1.777013;-0.559749
4.886;1.291220;-0.244272;1.535493;-1.009557
4.887;1.325668;-0.480157;1.805825;-1.284527
4.888;1.847238;-0.479725;2.326963;-1.283253
4.889;2.370626;-0.243661;2.614286;-1.006556
4.890;2.539534;0.130065;2.409470;-0.556978
4.891;2.404209;0.484826;1.919383;-0.099516
4.892;2.290124;0.667175;1.622949;0.201349
4.893;2.413951;0.587933;1.826018;0.244250
4.894;2.636488;0.258900;2.377588;0.029274
4.895;2.601002;-0.209194;2.810195;-0.342527
4.896;2.126364;-0.646997;2.773361;-0.708195
4.897;1.467565;-0.889952;2.357517;-0.905499
4.898;1.167534;-0.840750;2.008283;-0.835208
4.899;1.604440;-0.507049;2.111489;-0.499211
4.900;2.634507;0.000000;2.634507;0.000000
4.901;3.662405;0.506010;3.156394;0.498221
4.902;4.095340;0.837296;3.258043;0.831899
4.903;3.794217;0.884426;2.909791;0.900123
4.904;3.138576;0.641525;2.497051;0.702594
4.905;2.667719;0.206705;2.461014;0.339145
4.906;2.632218;-0.256245;2.888463;-0.028927
4.907;2.851086;-0.580119;3.431205;-0.240879
4.908;2.972373;-0.656753;3.629125;-0.198177
4.909;2.860377;-0.476044;3.336421;0.097754
4.910;2.728537;-0.126989;2.855526;0.546031
4.911;2.894416;0.239218;2.655198;0.984816
4.912;3.404576;0.469473;2.935102;1.253047
4.913;3.910059;0.469051;3.441008;1.251804
4.914;3.940054;0.238618;3.701436;0.981888
4.915;3.339141;-0.126231;3.465372;0.543328
4.916;2.462043;-0.472672;2.934715;0.097077
4.917;1.925376;-0.650961;2.576337;-0.196415
4.918;2.114910;-0.574051;2.688961;-0.238264
4.919;2.873634;-0.253397;3.127032;-0.028556
4.920;3.640316;0.203028;3.437289;0.334133
4.921;3.910536;0.630052;3.280484;0.690838
4.922;3.613689;0.867154;2.746535;0.883306
4.923;3.090479;0.819399;2.271081;0.814738
4.924;2.725902;0.494221;2.231681;0.486975
4.925;2.598801;0.000000;2.598801;0.000000
4.926;2.471893;-0.493209;2.965102;-0.486009
4.927;2.108989;-0.816033;2.925022;-0.811509
4.928;1.590114;-0.861771;2.451884;-0.878061
4.929;1.298077;-0.624723;1.922801;-0.685373
4.930;1.568430;-0.200613;1.769043;-0.330832
4.931;2.327696;0.250795;2.076901;0.028218
4.932;3.075684;0.566418;2.509266;0.234975
4.933;3.260723;0.640790;2.619934;0.193320
4.934;2.732409;0.464109;2.268300;-0.095358
4.935;1.872900;0.123246;1.749655;-0.532647
4.936;1.286605;-0.234259;1.520864;-0.960677
4.937;1.317682;-0.459016;1.776699;-1.222333
4.938;1.811419;-0.458603;2.270022;-1.221120
4.939;2.308362;-0.233670;2.542032;-0.957820
4.940;2.470678;0.122510;2.348167;-0.530010
4.941;2.345095;0.460821;1.884274;-0.094698
4.942;2.238895;0.635138;1.603757;0.191600
4.943;2.356658;0.560491;1.796167;0.232423
4.944;2.566546;0.248003;2.318542;0.027856
4.945;2.531280;-0.197043;2.728324;-0.325942
4.946;2.080151;-0.613551;2.693701;-0.673903
4.947;1.455344;-0.844941;2.300285;-0.861653
4.948;1.171356;-0.798590;1.969946;-0.794766
4.949;1.586231;-0.481718;2.067949;-0.475038
4.950;2.563402;0.000000;2.563402;0.000000
4.951;3.538513;0.480731;3.057782;0.474095
4.952;3.949618;0.795310;3.154309;0.791616
4.953;3.664591;0.839695;2.824895;0.856536
4.954;3.042776;0.608363;2.434414;0.668571
4.955;2.595241;0.194699;2.400541;0.322722
4.956;2.559980;-0.245452;2.805432;-0.027526
4.957;2.766405;-0.553036;3.319440;-0.229215
4.958;2.881756;-0.625211;3.506967;-0.188580
4.959;2.777502;-0.452472;3.229974;0.093020
4.960;2.655165;-0.119613;2.774778;0.519589
4.961;2.814551;0.229393;2.585158;0.937125
4.962;3.298919;0.448783;2.850136;1.192366
4.963;3.777408;0.448378;3.329030;1.191183
4.964;3.804298;0.228815;3.575482;0.934337
4.965;3.232957;-0.118899;3.351856;0.517016
4.966;2.400027;-0.449266;2.849293;0.092376
4.967;1.890095;-0.619695;2.509790;-0.186902
4.968;2.068909;-0.547246;2.616155;-0.226725
4.969;2.787875;-0.242716;3.030591;-0.027173
4.970;3.515229;0.191235;3.323994;0.317951
4.971;3.772683;0.597484;3.175200;0.657380
4.972;3.492635;0.823297;2.669338;0.840528
4.973;2.997147;0.778309;2.218838;0.775280
4.974;2.650677;0.469531;2.181147;0.463391
4.975;2.528308;0.000000;2.528308;0.000000
4.976;2.406124;-0.468569;2.874693;-0.462471
4.977;2.061248;-0.775112;2.836360;-0.772206
4.978;1.569872;-0.818186;2.388058;-0.835534
4.979;1.294377;-0.592432;1.886808;-0.652179
4.980;1.551945;-0.188960;1.740905;-0.314809
4.981;2.272258;0.240215;2.032043;0.026851
4.982;2.981047;0.539963;2.441084;0.223595
4.983;3.155612;0.610008;2.545604;0.183956
4.984;2.653621;0.441126;2.212496;-0.090739
4.985;1.837402;0.116087;1.721315;-0.506849
4.986;1.279965;-0.224620;1.504584;-0.914146
4.987;1.307927;-0.438767;1.746695;-1.163129
4.988;1.775308;-0.438371;2.213679;-1.161974
4.989;2.247135;-0.224053;2.471188;-0.911427
4.990;2.403085;0.115394;2.287691;-0.504338
4.991;2.286597;0.438000;1.848597;-0.090111
4.992;2.187770;0.604625;1.583145;0.182319
4.993;2.299760;0.534308;1.765451;0.221165
4.994;2.497704;0.237533;2.260171;0.026507
4.995;2.462728;-0.185597;2.648325;-0.310154
4.996;2.033946;-0.581838;2.615784;-0.641260
4.997;1.441383;-0.802208;2.243591;-0.819916
4.998;1.172585;-0.758543;1.931128;-0.756268
4.999;1.566538;-0.457651;2.024189;-0.452027
5.000;2.493522;0.000000;2.493522;0.000000
5.001;3.418553;0.456714;2.961839;0.451130
5.002;3.808928;0.755427;3.053500;0.753270
5.003;3.539139;0.797228;2.741911;0.815045
5.004;2.949411;0.576919;2.372492;0.636185
5.005;2.524045;0.183389;2.340656;0.307089
5.006;2.489091;-0.235082;2.724173;-0.026193
5.007;2.683768;-0.527195;3.210963;-0.218111
5.008;2.793467;-0.595171;3.388639;-0.179445
5.009;2.696453;-0.430064;3.126516;0.088514
5.010;2.582987;-0.112664;2.695651;0.494419
5.011;2.736104;0.219937;2.516167;0.891727
5.012;3.195978;0.428966;2.767011;1.134604
5.013;3.648907;0.428579;3.220328;1.133477
5.014;3.672931;0.219381;3.453550;0.889074
5.015;3.129715;-0.111992;3.241707;0.491969
5.016;2.338740;-0.427016;2.765756;0.087901
5.017;1.854218;-0.589918;2.444136;-0.177848
5.018;2.022914;-0.521671;2.544585;-0.215741
5.019;2.704200;-0.232454;2.936654;-0.025857
5.020;3.394238;0.180125;3.214113;0.302547
5.021;3.639523;0.566604;3.072919;0.625533
5.022;3.375331;0.781660;2.593671;0.799807
5.023;2.906099;0.739279;2.166820;0.737720
5.024;2.576836;0.446072;2.130764;0.440941
5.025;2.459044;0.000000;2.459044;0.000000
5.026;2.341431;-0.445159;2.786589;-0.440065
5.027;2.013686;-0.736242;2.749928;-0.734794
5.028;1.548354;-0.776807;2.325161;-0.795054
5.029;1.288471;-0.561814;1.850285;-0.620581
5.030;1.533852;-0.177982;1.711834;-0.299557
5.031;2.217207;0.230052;1.987155;0.025550
5.032;2.888845;0.514723;2.374122;0.212761
5.033;3.053524;0.580692;2.472832;0.175044
5.034;2.576554;0.419279;2.157275;-0.086343
5.035;1.801452;0.109342;1.692110;-0.482291
5.036;1.271461;-0.215343;1.486804;-0.869855
5.037;1.296546;-0.419375;1.715921;-1.106773
5.038;1.738971;-0.418996;2.157967;-1.105674
5.039;2.186945;-0.214798;2.401743;-0.867266
5.040;2.336751;0.108690;2.228061;-0.479902
5.041;2.228752;0.416307;1.812445;-0.085745
5.042;2.136817;0.575566;1.561251;0.173485
5.043;2.243310;0.509328;1.733982;0.210449
5.044;2.429979;0.227476;2.202503;0.025223
5.045;2.395352;-0.174814;2.570167;-0.295126
5.046;1.987814;-0.551769;2.539584;-0.610188
5.047;1.425834;-0.761639;2.187473;-0.780187
5.048;1.171419;-0.720504;1.891923;-0.719623
5.049;1.545503;-0.434786;1.980289;-0.430124
5.050;2.424874;0.000000;2.424874;0.000000
5.051;3.302391;0.433896;2.868496;0.429270
5.052;3.673080;0.717545;2.955535;0.716769
5.053;3.417720;0.756910;2.660809;0.775550
5.054;2.858427;0.547105;2.311322;0.605357
5.055;2.454135;0.172734;2.281401;0.292208
5.056;2.419546;-0.225122;2.644668;-0.024924
5.057;2.603132;-0.502542;3.105674;-0.207542
5.058;2.707451;-0.566562;3.274014;-0.170749
5.059;2.617203;-0.408763;3.025966;0.084225
5.060;2.512017;-0.106118;2.618135;0.470460
5.061;2.659084;0.210837;2.448247;0.848515
5.062;3.095696;0.409990;2.685707;1.079621
5.063;3.524424;0.409618;3.114806;1.078549
5.064;3.545806;0.210302;3.335503;0.845989
5.065;3.029339;-0.105485;3.134824;0.468128
5.066;2.278213;-0.405867;2.684079;0.083641
5.067;1.817843;-0.561560;2.379403;-0.169229
5.068;1.976989;-0.497272;2.474261;-0.205286
5.069;2.622565;-0.222597;2.845162;-0.024604
5.070;3.277197;0.169660;3.107538;0.287885
5.071;3.510881;0.537325;2.973557;0.595218
5.072;3.261656;0.742131;2.519525;0.761046
5.073;2.817290;0.702206;2.115084;0.701967
5.074;2.504380;0.423785;2.080595;0.419571
5.075;2.391013;0.000000;2.391013;0.000000
5.076;2.277819;-0.422917;2.700736;-0.418738
5.077;1.966354;-0.699322;2.665676;-0.699183
5.078;1.525687;-0.737524;2.263211;-0.756522
5.079;1.280540;-0.532783;1.813323;-0.590505
5.080;1.514304;-0.167640;1.681945;-0.285039
5.081;2.162592;0.220290;1.942302;0.024312
5.082;2.799023;0.490644;2.308379;0.202450
5.083;2.954372;0.552774;2.401598;0.166560
5.084;2.501182;0.398511;2.102671;-0.082158
5.085;1.765135;0.102989;1.662146;-0.458916
5.086;1.261245;-0.206418;1.467663;-0.827695
5.087;1.283675;-0.400806;1.684481;-1.053131
5.088;1.702471;-0.400443;2.102913;-1.052085
5.089;2.127792;-0.205893;2.333685;-0.825231
5.090;2.271668;0.102374;2.169294;-0.456642
5.091;2.171591;0.395687;1.775904;-0.081589
5.092;2.086097;0.547891;1.538206;0.165077
5.093;2.187358;0.485497;1.701861;0.200249
5.094;2.363382;0.217817;2.145566;0.024000
5.095;2.329159;-0.164657;2.493816;-0.280821
5.096;1.941815;-0.523259;2.465075;-0.580612
5.097;1.408844;-0.723123;2.131967;-0.742371
5.098;1.168045;-0.684372;1.852418;-0.684742
5.099;1.523262;-0.413063;1.936324;-0.409275
5.100;2.357461;0.000000;2.357461;0.000000
5.101;3.189901;0.412217;2.777685;0.408463
5.102;3.541895;0.681561;2.860333;0.682026
5.103;3.300196;0.718634;2.581562;0.737957
5.104;2.769771;0.518837;2.250934;0.576014
5.105;2.385512;0.162697;2.222815;0.278044
5.106;2.351340;-0.215556;2.566896;-0.023716
5.107;2.524457;-0.479023;3.003479;-0.197482
5.108;2.623653;-0.539318;3.162971;-0.162472
5.109;2.539729;-0.388516;2.928245;0.080142
5.110;2.442268;-0.099952;2.542220;0.447654
5.111;2.583499;0.202084;2.381415;0.807384
5.112;2.998021;0.391820;2.606202;1.027287
5.113;3.403835;0.391464;3.012371;1.026266
5.114;3.422782;0.201569;3.221213;0.804980
5.115;2.931755;-0.099355;3.031110;0.445435
5.116;2.218477;-0.385762;2.604239;0.079586
5.117;1.781062;-0.534553;2.315615;-0.161026
5.118;1.931195;-0.473996;2.405190;-0.195334
5.119;2.542929;-0.213132;2.756061;-0.023411
5.120;3.163968;0.159801;3.004167;0.273929
5.121;3.386594;0.509564;2.877030;0.566363
5.122;3.151494;0.704603;2.446891;0.724152
5.123;2.730677;0.666992;2.063685;0.667937
5.124;2.433307;0.402611;2.030696;0.399231
5.125;2.324218;0.000000;2.324218;0.000000
5.126;2.215297;-0.401787;2.617083;-0.398438
5.127;1.919302;-0.664253;2.583555;-0.665287
5.128;1.501995;-0.700229;2.202223;-0.719846
5.129;1.270755;-0.505257;1.776012;-0.561877
5.130;1.493446;-0.157899;1.651345;-0.271220
5.131;2.108463;0.210917;1.897546;0.023133
5.132;2.711528;0.467673;2.243855;0.192635
5.133;2.858072;0.526187;2.331885;0.158485
5.134;2.427482;0.378771;2.048712;-0.078175
5.135;1.728530;0.097004;1.631526;-0.436667
5.136;1.249463;-0.197833;1.447296;-0.787567
5.137;1.269444;-0.383028;1.652471;-1.002073
5.138;1.665866;-0.382680;2.048546;-1.001077
5.139;2.069675;-0.197329;2.267004;-0.785222
5.140;2.207832;0.096425;2.111407;-0.434502
5.141;2.115145;0.376086;1.739059;-0.077633
5.142;2.035669;0.521537;1.514132;0.157073
5.143;2.131949;0.462763;1.669186;0.190540
5.144;2.297926;0.208542;2.089384;0.022836
5.145;2.264154;-0.155088;2.419241;-0.267206
5.146;1.896005;-0.496227;2.392233;-0.552461
5.147;1.390549;-0.686557;2.077106;-0.706377
5.148;1.162641;-0.650053;1.812694;-0.651542
5.149;1.499941;-0.392424;1.892365;-0.389431
5.150;2.291285;0.000000;2.291285;0.000000
5.151;3.080961;0.391620;2.689341;0.388658
5.152;3.415202;0.647383;2.767818;0.648957
5.153;3.186436;0.682296;2.504141;0.702176
5.154;2.683392;0.492034;2.191358;0.548085
5.155;2.318176;0.153242;2.164935;0.264562
5.156;2.284468;-0.206372;2.490840;-0.022566
5.157;2.447701;-0.456587;2.904288;-0.187906
5.158;2.542022;-0.513373;3.055394;-0.154594
5.159;2.464006;-0.369270;2.833276;0.076256
5.160;2.373752;-0.094143;2.467896;0.425948
5.161;2.509354;0.193665;2.315689;0.768234
5.162;2.902900;0.374425;2.528475;0.977474
5.163;3.287018;0.374085;2.912934;0.976503
5.164;3.303724;0.193171;3.110554;0.765946
5.165;2.836889;-0.093581;2.930470;0.423836
5.166;2.159559;-0.366652;2.526212;0.075727
5.167;1.743960;-0.508836;2.252796;-0.153217
5.168;1.885587;-0.451792;2.337379;-0.185862
5.169;2.465250;-0.204045;2.669295;-0.022276
5.170;3.054416;0.150513;2.903903;0.260646
5.171;3.266502;0.483242;2.783260;0.538899
5.172;3.044734;0.668975;2.375759;0.689036
5.173;2.646220;0.633545;2.012675;0.635547
5.174;2.363617;0.382495;1.981122;0.379871
5.175;2.258662;0.000000;2.258662;0.000000
5.176;2.153869;-0.381712;2.535581;-0.379116
5.177;1.872576;-0.630943;2.503518;-0.633025
5.178;1.477390;-0.664823;2.142213;-0.684938
5.179;1.259276;-0.479159;1.738435;-0.534629
5.180;1.471413;-0.148722;1.620135;-0.258067
5.181;2.054863;0.201918;1.852945;0.022012
5.182;2.626309;0.445761;2.180548;0.183293
5.183;2.764543;0.500868;2.263675;0.150799
5.184;2.355432;0.360007;1.995426;-0.074384
5.185;1.691711;0.091366;1.600345;-0.415491
5.186;1.236250;-0.189579;1.425829;-0.749373
5.187;1.253974;-0.366008;1.619982;-0.953476
5.188;1.629213;-0.365676;1.994889;-0.952528
5.189;2.012593;-0.189093;2.201686;-0.747141
5.190;2.145235;0.090821;2.054415;-0.413430
5.191;2.059440;0.357455;1.701985;-0.073868
5.192;1.985586;0.496441;1.489145;0.149456
5.193;2.077127;0.441078;1.636049;0.181299
5.194;2.233619;0.199639;2.033980;0.021729
5.195;2.200339;-0.146074;2.346413;-0.254247
5.196;1.850437;-0.470597;2.321034;-0.525668
5.197;1.371077;-0.651844;2.022921;-0.672119
5.198;1.155374;-0.617456;1.772830;-0.619943
5.199;1.475660;-0.372817;1.848477;-0.370544
5.200;2.226349;0.000000;2.226349;0.000000
5.201;2.975455;0.372053;2.603401;0.369808
5.202;3.292837;0.614920;2.677917;0.617482
5.203;3.076316;0.647798;2.428519;0.668120
5.204;2.599243;0.466621;2.132622;0.521502
5.205;2.252127;0.144335;2.107792;0.251731
5.206;2.218922;-0.197555;2.416478;-0.021471
5.207;2.372826;-0.435187;2.808013;-0.178792
5.208;2.462506;-0.488667;2.951173;-0.147096
5.209;2.390011;-0.350976;2.740987;0.072558
5.210;2.306478;-0.088671;2.395149;0.405288
5.211;2.436653;0.185571;2.251082;0.730973
5.212;2.810278;0.357774;2.452504;0.930063
5.213;3.173857;0.357448;2.816409;0.929139
5.214;3.188502;0.185096;3.003407;0.728795
5.215;2.744672;-0.088142;2.832814;0.403278
5.216;2.101486;-0.348488;2.449974;0.072054
5.217;1.706619;-0.484347;2.190965;-0.145786
5.218;1.840218;-0.430613;2.270831;-0.176847
5.219;2.389489;-0.195322;2.584811;-0.021195
5.220;2.948416;0.141765;2.806651;0.248003
5.221;3.150454;0.458284;2.692170;0.512759
5.222;2.941269;0.635152;2.306117;0.655614
5.223;2.563877;0.601776;1.962101;0.604719
5.224;2.295306;0.363384;1.931922;0.361445
5.225;2.194345;0.000000;2.194345;0.000000
5.226;2.093541;-0.362640;2.456180;-0.360727
5.227;1.826217;-0.599304;2.425521;-0.602318
5.228;1.451981;-0.631210;2.083191;-0.651713
5.229;1.246254;-0.454413;1.700667;-0.508696
5.230;1.448333;-0.140077;1.588410;-0.245549
5.231;2.001833;0.193281;1.808552;0.020944
5.232;2.543315;0.424860;2.118455;0.174402
5.233;2.673708;0.476760;2.196948;0.143484
5.234;2.285009;0.342171;1.942839;-0.070776
5.235;1.654749;0.086056;1.568693;-0.395335
5.236;1.221736;-0.181643;1.403379;-0.713021
5.237;1.237382;-0.349718;1.587100;-0.907223
5.238;1.592565;-0.349400;1.941965;-0.906321
5.239;1.956545;-0.181177;2.137722;-0.710897
5.240;2.083872;0.085542;1.998330;-0.393374
5.241;2.004502;0.339745;1.664756;-0.070285
5.242;1.935900;0.472544;1.463356;0.142205
5.243;2.022929;0.420393;1.602535;0.172504
5.244;2.170469;0.191093;1.979376;0.020675
5.245;2.137718;-0.137583;2.275301;-0.241913
5.246;1.805160;-0.446295;2.251455;-0.500166
5.247;1.350551;-0.618888;1.969439;-0.639512
5.248;1.146402;-0.586494;1.732896;-0.589868
5.249;1.450532;-0.354189;1.804721;-0.352568
5.250;2.162652;0.000000;2.162652;0.000000
5.251;2.873270;0.353464;2.519806;0.351867
5.252;3.174644;0.584085;2.590558;0.587525
5.253;2.969716;0.615047;2.354668;0.635707
5.254;2.517273;0.442525;2.074748;0.496202
5.255;2.187363;0.135945;2.051418;0.239518
5.256;2.154697;-0.189094;2.343791;-0.020429
5.257;2.299796;-0.414775;2.714571;-0.170118
5.258;2.385059;-0.465141;2.850200;-0.139960
5.259;2.317720;-0.333587;2.651306;0.069037
5.260;2.240452;-0.083517;2.323969;0.385626
5.261;2.365398;0.177791;2.187606;0.695509
5.262;2.720107;0.341837;2.378270;0.884940
5.263;3.064240;0.341526;2.722714;0.884060
5.264;3.076991;0.177334;2.899657;0.693436
5.265;2.655038;-0.083018;2.738057;0.383712
5.266;2.044279;-0.331222;2.375501;0.068558
5.267;1.669114;-0.461027;2.130141;-0.138712
5.268;1.795138;-0.410413;2.205551;-0.168267
5.269;2.315608;-0.186951;2.502559;-0.020167
5.270;2.845845;0.133524;2.712321;0.235971
5.271;3.038308;0.434621;2.603687;0.487881
5.272;2.840997;0.603041;2.237956;0.623804
5.273;2.483607;0.571601;1.912006;0.575379
5.274;2.228371;0.345228;1.883144;0.343908
5.275;2.131268;0.000000;2.131268;0.000000
5.276;2.034315;-0.344521;2.378836;-0.343224
5.277;1.780267;-0.569253;2.349520;-0.573094
5.278;1.425871;-0.599299;2.025170;-0.620092
5.279;1.231833;-0.430950;1.662783;-0.484013
5.280;1.424325;-0.131934;1.556259;-0.233635
5.281;1.949411;0.184992;1.764419;0.019928
5.282;2.462498;0.404926;2.057572;0.165940
5.283;2.585491;0.453803;2.131688;0.136522
5.284;2.216191;0.325218;1.890973;-0.067342
5.285;1.617709;0.081053;1.536656;-0.376153
5.286;1.206043;-0.174016;1.380059;-0.678424
5.287;1.219777;-0.334128;1.553905;-0.863202
5.288;1.555972;-0.333823;1.889795;-0.862344
5.289;1.901531;-0.173568;2.075098;-0.676402
5.290;2.023734;0.080569;1.943165;-0.374286
5.291;1.950353;0.322912;1.627441;-0.066874
5.292;1.886656;0.449789;1.436866;0.135305
5.293;1.969392;0.400666;1.568726;0.164133
5.294;2.108482;0.182893;1.925590;0.019672
5.295;2.076292;-0.129585;2.205877;-0.230174
5.296;1.760219;-0.423253;2.183472;-0.475896
5.297;1.329086;-0.587602;1.916688;-0.608480
5.298;1.135875;-0.557086;1.692961;-0.561244
5.299;1.424663;-0.336493;1.761156;-0.335459
5.300;2.100194;0.000000;2.100194;0.000000
5.301;2.774300;0.335804;2.438496;0.334792
5.302;3.060472;0.554798;2.505674;0.559015
5.303;2.866519;0.583955;2.282563;0.604858
5.304;2.437438;0.419679;2.017760;0.472123
5.305;2.123882;0.128042;1.995840;0.227895
5.306;2.091784;-0.180975;2.272759;-0.019438
5.307;2.228573;-0.395307;2.623880;-0.161863
5.308;2.309632;-0.442740;2.752373;-0.133168
5.309;2.247108;-0.317058;2.564166;0.065687
5.310;2.175680;-0.078661;2.254342;0.366912
5.311;2.295587;0.170315;2.125272;0.661757
5.312;2.632335;0.326586;2.305748;0.841995
5.313;2.958057;0.326288;2.631769;0.841158
5.314;2.969071;0.169875;2.799196;0.659784
5.315;2.567921;-0.078192;2.646113;0.365091
5.316;1.987958;-0.314811;2.302769;0.065231
5.317;1.631517;-0.438823;2.070341;-0.131981
5.318;1.750392;-0.391147;2.141539;-0.160101
5.319;2.243570;-0.178918;2.422488;-0.019188
5.320;2.746587;0.125761;2.620826;0.224519
5.321;2.929924;0.412184;2.517741;0.464204
5.322;2.743820;0.572558;2.171262;0.593530
5.323;2.405372;0.542940;1.862432;0.547455
5.324;2.162808;0.327979;1.834829;0.327217
5.325;2.069429;0.000000;2.069429;0.000000
5.326;1.976195;-0.327307;2.303503;-0.326567
5.327;1.734762;-0.540711;2.275472;-0.545280
5.328;1.399154;-0.569005;1.968159;-0.589997
5.329;1.216147;-0.408703;1.624850;-0.460523
5.330;1.399502;-0.124264;1.523766;-0.222296
5.331;1.897632;0.177039;1.720592;0.018960
5.332;2.383811;0.385914;1.997897;0.157886
5.333;2.499821;0.431945;2.067876;0.129896
5.334;2.148955;0.309104;1.839851;-0.064073
5.335;1.580654;0.076341;1.504313;-0.357897
5.336;1.189286;-0.166687;1.355973;-0.645497
5.337;1.201264;-0.319209;1.520473;-0.821307
5.338;1.519482;-0.318917;1.838399;-0.820490
5.339;1.847548;-0.166256;2.013804;-0.643573
5.340;1.964816;0.075885;1.888931;-0.356120
5.341;1.897016;0.306912;1.590103;-0.063628
5.342;1.837896;0.428123;1.409773;0.128738
5.343;1.916547;0.381851;1.534697;0.156167
5.344;2.047664;0.175025;1.872639;0.018717
5.345;2.016061;-0.122051;2.138112;-0.219002
5.346;1.715657;-0.401405;2.117062;-0.452797
5.347;1.306789;-0.557900;1.864689;-0.578946
5.348;1.123932;-0.529154;1.653086;-0.534003
5.349;1.398152;-0.319681;1.717833;-0.319177
5.350;2.038973;0.000000;2.038973;0.000000
5.351;2.678442;0.319026;2.359416;0.318542
5.352;2.950180;0.526981;2.423199;0.531881
5.353;2.766615;0.554438;2.212177;0.575499
5.354;2.359692;0.398016;1.961676;0.449207
5.355;2.061680;0.120597;1.941082;0.216833
5.356;2.030177;-0.173185;2.203362;-0.018495
5.357;2.159122;-0.376740;2.535863;-0.154006
5.358;2.236182;-0.421411;2.657593;-0.126704
5.359;2.178153;-0.301349;2.479501;0.062499
5.360;2.112166;-0.074088;2.186254;0.349102
5.361;2.227219;0.163131;2.064088;0.629635
5.362;2.546912;0.311992;2.234919;0.801124
5.363;2.855205;0.311707;2.543498;0.800327
5.364;2.864626;0.162709;2.701917;0.627758
5.365;2.483258;-0.073646;2.556904;0.347369
5.366;1.932543;-0.299212;2.231755;0.062065
5.367;1.593894;-0.417682;2.011576;-0.125574
5.368;1.706024;-0.372773;2.078796;-0.152329
5.369;2.173338;-0.171212;2.344550;-0.018257
5.370;2.650532;0.118449;2.532083;0.213620
5.371;2.825171;0.390910;2.434262;0.441670
5.372;2.649642;0.543618;2.106023;0.564719
5.373;2.329133;0.515718;1.813415;0.520880
5.374;2.098610;0.311593;1.787017;0.311333
5.375;2.008826;0.000000;2.008826;0.000000
5.376;1.919182;-0.310955;2.230137;-0.310714
5.377;1.689736;-0.513601;2.203336;-0.518810
5.378;1.371920;-0.540246;1.912166;-0.561356
5.379;1.199322;-0.387610;1.586932;-0.438167
5.380;1.373971;-0.117039;1.491010;-0.211504
5.381;1.846526;0.169410;1.677115;0.018040
5.382;2.307206;0.367782;1.939424;0.150221
5.383;2.416628;0.411133;2.005495;0.123590
5.384;2.083279;0.293788;1.789491;-0.060963
5.385;1.543641;0.071902;1.471739;-0.340522
5.386;1.171575;-0.159646;1.331221;-0.614161
5.387;1.181940;-0.304934;1.486874;-0.781435
5.388;1.483138;-0.304655;1.787793;-0.780658
5.389;1.794594;-0.159233;1.953827;-0.612329
5.390;1.907109;0.071472;1.835636;-0.338832
5.391;1.844508;0.291705;1.552803;-0.060539
5.392;1.789662;0.407494;1.382168;0.122488
5.393;1.864426;0.363907;1.500518;0.148585
5.394;1.988018;0.167478;1.820540;0.017808
5.395;1.957024;-0.114954;2.071978;-0.208370
5.396;1.671514;-0.380690;2.052204;-0.430815
5.397;1.283762;-0.529703;1.813465;-0.550839
5.398;1.110706;-0.502624;1.613331;-0.508078
5.399;1.371094;-0.303710;1.674803;-0.303681
5.400;1.978987;0.000000;1.978987;0.000000
5.401;2.585599;0.303088;2.282511;0.303077
5.402;2.843630;0.500560;2.343069;0.506059
5.403;2.669900;0.526417;2.143483;0.547559
5.404;2.283990;0.377477;1.906514;0.427398
5.405;2.000752;0.113585;1.887167;0.206306
5.406;1.969866;-0.165713;2.135579;-0.017597
5.407;2.091410;-0.359034;2.450444;-0.146529
5.408;2.164664;-0.401103;2.565767;-0.120552
5.409;2.110830;-0.286417;2.397246;0.059464
5.410;2.049912;-0.069780;2.119692;0.332152
5.411;2.160291;0.156231;2.004060;0.599065
5.412;2.463789;0.298030;2.165759;0.762228
5.413;2.755583;0.297757;2.457826;0.761470
5.414;2.763546;0.155825;2.607721;0.597278
5.415;2.400987;-0.069363;2.470350;0.330503
5.416;1.878048;-0.284386;2.162434;0.059051
5.417;1.556308;-0.397552;1.953860;-0.119477
5.418;1.662071;-0.355250;2.017321;-0.144933
5.419;2.104878;-0.163821;2.268699;-0.017370
5.420;2.557572;0.111562;2.446011;0.203248
5.421;2.723923;0.370738;2.353185;0.420225
5.422;2.558373;0.516145;2.042228;0.537299
5.423;2.254852;0.489863;1.764989;0.495589
5.424;2.035771;0.296026;1.739745;0.296217
5.425;1.949456;0.000000;1.949456;0.000000
5.426;1.863277;-0.295420;2.158697;-0.295627
5.427;1.645221;-0.487852;2.133072;-0.493619
5.428;1.344254;-0.512943;1.857197;-0.534099
5.429;1.181478;-0.367609;1.549088;-0.416892
5.430;1.347830;-0.110233;1.458063;-0.201235
5.431;1.796122;0.162093;1.634029;0.017164
5.432;2.232641;0.350491;1.882149;0.142927
5.433;2.335845;0.391317;1.944528;0.117589
5.434;2.019142;0.279230;1.739912;-0.058003
5.435;1.506724;0.067721;1.439003;-0.323988
5.436;1.153011;-0.152884;1.305894;-0.584339
5.437;1.161898;-0.291277;1.453175;-0.743491
5.438;1.446984;-0.291010;1.737994;-0.742751
5.439;1.742668;-0.152487;1.895154;-0.582596
5.440;1.850605;0.067316;1.783289;-0.322379
5.441;1.792846;0.277251;1.515595;-0.057600
5.442;1.741987;0.387852;1.354135;0.116540
5.443;1.813053;0.346797;1.466257;0.141370
5.444;1.929545;0.160240;1.769305;0.016943
5.445;1.899180;-0.108269;2.007449;-0.198252
5.446;1.627825;-0.361048;1.988874;-0.409895
5.447;1.260100;-0.502934;1.763035;-0.524091
5.448;1.096323;-0.477426;1.573749;-0.483406
5.449;1.343575;-0.288537;1.632112;-0.288935
5.450;1.920232;0.000000;1.920232;0.000000
5.451;2.495674;0.287946;2.207728;0.288360
5.452;2.740690;0.475466;2.265224;0.481484
5.453;2.576270;0.499815;2.076455;0.520969
5.454;2.210290;0.358001;1.852289;0.406643
5.455;1.941095;0.106980;1.834115;0.196287
5.456;1.910842;-0.158548;2.069390;-0.016742
5.457;2.025403;-0.342149;2.367552;-0.139413
5.458;2.095036;-0.381768;2.476804;-0.114698
5.459;2.045117;-0.272224;2.317341;0.056577
5.460;1.988918;-0.065722;2.054640;0.316022
5.461;2.094798;0.149604;1.945194;0.569973
5.462;2.382920;0.284672;2.098247;0.725212
5.463;2.659094;0.284411;2.374682;0.724491
5.464;2.665723;0.149215;2.516508;0.568273
5.465;2.321049;-0.065330;2.386379;0.314453
5.466;1.824489;-0.270294;2.094783;0.056184
5.467;1.518815;-0.378387;1.897202;-0.113675
5.468;1.618571;-0.338541;1.957113;-0.137895
5.469;2.038154;-0.156733;2.194887;-0.016527
5.470;2.467607;0.105074;2.362533;0.193377
5.471;2.626059;0.351612;2.274447;0.399817
5.472;2.469925;0.490063;1.979862;0.511205
5.473;2.182491;0.465306;1.717186;0.471521
5.474;1.974283;0.281237;1.693046;0.281831
5.475;1.891315;0.000000;1.891315;0.000000
5.476;1.808479;-0.280661;2.089140;-0.281270
5.477;1.601246;-0.463395;2.064641;-0.469646
5.478;1.316235;-0.487023;1.803259;-0.508160
5.479;1.162727;-0.348646;1.511373;-0.396645
5.480;1.321173;-0.103822;1.424995;-0.191461
5.481;1.746446;0.155076;1.591371;0.016330
5.482;2.160070;0.334003;1.826067;0.135986
5.483;2.257407;0.372451;1.884957;0.111878
5.484;1.956522;0.265394;1.691128;-0.055186
5.485;1.469954;0.063782;1.406172;-0.308252
5.486;1.133692;-0.146390;1.280082;-0.555959
5.487;1.141224;-0.278213;1.419437;-0.707381
5.488;1.411057;-0.277957;1.689015;-0.706677
5.489;1.691765;-0.146009;1.837774;-0.554300
5.490;1.795298;0.063401;1.731896;-0.306721
5.491;1.742045;0.263512;1.478533;-0.054802
5.492;1.694907;0.369152;1.325755;0.110880
5.493;1.762455;0.330480;1.431975;0.134504
5.494;1.872247;0.153299;1.718947;0.016120
5.495;1.842525;-0.101973;1.944498;-0.188623
5.496;1.584625;-0.342424;1.927050;-0.389986
5.497;1.235893;-0.477522;1.713415;-0.498636
5.498;1.080898;-0.453493;1.534392;-0.459927
5.499;1.315678;-0.274123;1.589801;-0.274901
5.500;1.862705;0.000000;1.862705;0.000000
5.501;2.408577;0.273561;2.135016;0.274354
5.502;2.641235;0.451631;2.189604;0.458098
5.503;2.485628;0.474560;2.011068;0.495665
5.504;2.138550;0.339535;1.799014;0.386892
5.505;1.882701;0.100758;1.781943;0.186753
5.506;1.853097;-0.151676;2.004774;-0.015929
5.507;1.961068;-0.326049;2.287117;-0.132642
5.508;2.027256;-0.363359;2.390615;-0.109127
5.509;1.980989;-0.258735;2.239724;0.053829
5.510;1.929184;-0.061900;1.991084;0.300672
5.511;2.030733;0.143241;1.887492;0.542288
5.512;2.304256;0.271895;2.032360;0.689987
5.513;2.565643;0.271645;2.293998;0.689300
5.514;2.571055;0.142867;2.428187;0.540670
5.515;2.243387;-0.061530;2.304917;0.299179
5.516;1.771877;-0.256900;2.028777;0.053455
5.517;1.481470;-0.360141;1.841611;-0.108153
5.518;1.575558;-0.322608;1.898167;-0.131197
5.519;1.973135;-0.149937;2.123072;-0.015724
5.520;2.380538;0.098963;2.281575;0.183984
5.521;2.531463;0.333478;2.197985;0.380396
5.522;2.384214;0.465303;1.918911;0.486374
5.523;2.112015;0.441981;1.670033;0.448617
5.524;1.914139;0.267188;1.646951;0.268141
5.525;1.834399;0.000000;1.834399;0.000000
5.526;1.754786;-0.266641;2.021427;-0.267607
5.527;1.557839;-0.440167;1.998006;-0.446833
5.528;1.287938;-0.462417;1.750355;-0.483476
5.529;1.143174;-0.330664;1.473838;-0.377377
5.530;1.294086;-0.097784;1.391870;-0.182161
5.531;1.697523;0.148348;1.549175;0.015537
5.532;2.089451;0.318281;1.771169;0.129380
5.533;2.181253;0.354489;1.826764;0.106443
5.534;1.895398;0.252243;1.643155;-0.052505
5.535;1.433379;0.060073;1.373306;-0.293278
5.536;1.113708;-0.140156;1.253864;-0.528952
5.537;1.120003;-0.265717;1.385719;-0.673018
5.538;1.375395;-0.265472;1.640868;-0.672348
5.539;1.641884;-0.139790;1.781674;-0.527373
5.540;1.741177;0.059714;1.681463;-0.291821
5.541;1.692118;0.250454;1.441664;-0.052140
5.542;1.648451;0.351348;1.297102;0.105493
5.543;1.712651;0.314922;1.397729;0.127970
5.544;1.816122;0.146645;1.669477;0.015337
5.545;1.787057;-0.096042;1.883099;-0.179459
5.546;1.541944;-0.324766;1.866710;-0.371041
5.547;1.211225;-0.453397;1.664622;-0.474412
5.548;1.064543;-0.430762;1.495305;-0.437583
5.549;1.287481;-0.260429;1.547910;-0.261546
5.550;1.806399;0.000000;1.806399;0.000000
5.551;2.324222;0.259896;2.064326;0.261026
5.552;2.545145;0.428994;2.116152;0.435843
5.553;2.397880;0.450585;1.947295;0.471585
5.554;2.068728;0.322026;1.746701;0.368096
5.555;1.825565;0.094898;1.730667;0.177681
5.556;1.796621;-0.145089;1.941710;-0.015155
5.557;1.898374;-0.310697;2.209071;-0.126198
5.558;1.961284;-0.345833;2.307118;-0.103825
5.559;1.918425;-0.245914;2.164338;0.051213
5.560;1.870708;-0.058300;1.929008;0.286065
5.561;1.968090;0.137133;1.830957;0.515942
5.562;2.227750;0.259674;1.968076;0.656465
5.563;2.475140;0.259436;2.215705;0.655812
5.564;2.479442;0.136774;2.342668;0.514403
5.565;2.167943;-0.057951;2.225895;0.284644
5.566;1.720222;-0.244170;1.964392;0.050858
5.567;1.444322;-0.342769;1.787091;-0.102899
5.568;1.533062;-0.307416;1.840479;-0.124823
5.569;1.909786;-0.143421;2.053207;-0.014960
5.570;2.296271;0.093207;2.203064;0.175046
5.571;2.440024;0.316282;2.123742;0.361915
5.572;2.301159;0.441797;1.859362;0.462744
5.573;2.043386;0.419828;1.623558;0.426821
5.574;1.855328;0.253842;1.601486;0.255113
5.575;1.778702;0.000000;1.778702;0.000000
5.576;1.702197;-0.253322;1.955519;-0.254605
5.577;1.515024;-0.418105;1.933128;-0.425123
5.578;1.259430;-0.439057;1.698487;-0.459986
5.579;1.122917;-0.313615;1.436532;-0.359042
5.580;1.266651;-0.092097;1.358748;-0.173310
5.581;1.649372;0.141898;1.507473;0.014782
5.582;2.020742;0.303290;1.717451;0.123094
5.583;2.107321;0.337388;1.769933;0.101272
5.584;1.835747;0.239743;1.596004;-0.049954
5.585;1.397041;0.056579;1.340462;-0.279029
5.586;1.093147;-0.134171;1.227318;-0.503251
5.587;1.098309;-0.253765;1.352075;-0.640318
5.588;1.340033;-0.253532;1.593564;-0.639681
5.589;1.593021;-0.133820;1.726841;-0.501750
5.590;1.688234;0.056241;1.631993;-0.277642
5.591;1.643077;0.238044;1.405033;-0.049607
5.592;1.602645;0.334399;1.268247;0.100368
5.593;1.663662;0.300087;1.363575;0.121752
5.594;1.761169;0.140265;1.620903;0.014592
5.595;1.732769;-0.090456;1.823225;-0.170740
5.596;1.499811;-0.308022;1.807833;-0.353013
5.597;1.186175;-0.430494;1.616668;-0.451361
5.598;1.047362;-0.409172;1.456534;-0.416322
5.599;1.259054;-0.247421;1.506475;-0.248838
5.600;1.751308;0.000000;1.751308;0.000000
5.601;2.242524;0.246914;1.995609;0.248343
5.602;2.452304;0.407492;2.044812;0.414666
5.603;2.312936;0.427825;1.885111;0.448671
5.604;2.000784;0.305424;1.695359;0.350210
5.605;1.769678;0.089378;1.680299;0.169047
5.606;1.741403;-0.138774;1.880177;-0.014419
5.607;1.837290;-0.296059;2.133349;-0.120066
5.608;1.897082;-0.329148;2.226231;-0.098780
5.609;1.857399;-0.233728;2.091127;0.048725
5.610;1.813486;-0.054909;1.868395;0.272165
5.611;1.906859;0.131270;1.775589;0.490872
5.612;2.153358;0.247987;1.905371;0.624567
5.613;2.387498;0.247759;2.139740;0.623945
5.614;2.390789;0.130926;2.259863;0.489407
5.615;2.094664;-0.054581;2.149245;0.270812
5.616;1.669534;-0.232071;1.901605;0.048386
5.617;1.407418;-0.326231;1.733649;-0.097899
5.618;1.491112;-0.292931;1.784043;-0.118757
5.619;1.848077;-0.137176;1.985252;-0.014233
5.620;2.214717;0.087786;2.126932;0.166540
5.621;2.351636;0.299978;2.051658;0.344328
5.622;2.220681;0.419481;1.801199;0.440257
5.623;1.976570;0.398787;1.577783;0.406080
5.624;1.797841;0.241163;1.556679;0.242716
5.625;1.724216;0.000000;1.724216;0.000000
5.626;1.650708;-0.240669;1.891378;-0.242233
5.627;1.472822;-0.397150;1.869972;-0.404465
5.628;1.230778;-0.416880;1.647659;-0.437633
5.629;1.102049;-0.297449;1.399498;-0.341595
5.630;1.238944;-0.086740;1.325683;-0.164888
5.631;1.602011;0.135716;1.466295;0.014064
5.632;1.953901;0.288997;1.664904;0.117112
5.633;2.035554;0.321109;1.714445;0.096350
5.634;1.777550;0.227864;1.549686;-0.047526
5.635;1.360981;0.053288;1.307693;-0.265469
5.636;1.072087;-0.128428;1.200515;-0.478796
5.637;1.076217;-0.242336;1.318554;-0.609201
5.638;1.305001;-0.242113;1.547113;-0.608594
5.639;1.545170;-0.128091;1.673261;-0.477366
5.640;1.636459;0.052969;1.583490;-0.264150
5.641;1.594931;0.226248;1.368683;-0.047196
5.642;1.557516;0.318262;1.239254;0.095490
5.643;1.615504;0.285943;1.329561;0.115835
5.644;1.707384;0.134151;1.573233;0.013883
5.645;1.679658;-0.085194;1.764852;-0.162442
5.646;1.458251;-0.292145;1.750396;-0.335857
5.647;1.160815;-0.408751;1.569566;-0.429426
5.648;1.029451;-0.388666;1.418117;-0.396089
5.649;1.230465;-0.235063;1.465528;-0.236745
5.650;1.697426;0.000000;1.697426;0.000000
5.651;2.163402;0.234582;1.928820;0.236273
5.652;2.362602;0.387071;1.975531;0.394514
5.653;2.230708;0.406217;1.824491;0.426866
5.654;1.934678;0.289682;1.644996;0.333190
5.655;1.715032;0.084179;1.630852;0.160832
5.656;1.687432;-0.132722;1.820154;-0.013718
5.657;1.777785;-0.282103;2.059888;-0.114231
5.658;1.834612;-0.313264;2.147876;-0.093980
5.659;1.797890;-0.222146;2.020036;0.046357
5.660;1.757513;-0.051715;1.809228;0.258938
5.661;1.847031;0.125644;1.721386;0.467015
5.662;2.081035;0.236811;1.844224;0.594212
5.663;2.302632;0.236592;2.066040;0.593621
5.664;2.305005;0.125314;2.179691;0.465621
5.665;2.023497;-0.051406;2.074903;0.257651
5.666;1.619819;-0.220571;1.840390;0.046035
5.667;1.370800;-0.310487;1.681288;-0.093141
5.668;1.449734;-0.279121;1.728855;-0.112985
5.669;1.787975;-0.131190;1.919165;-0.013541
5.670;2.135790;0.082679;2.053111;0.158445
5.671;2.266197;0.284518;1.981679;0.327593
5.672;2.142705;0.398296;1.744408;0.418860
5.673;1.911531;0.378803;1.532728;0.386344
5.674;1.741668;0.229118;1.512550;0.230920
5.675;1.670936;0.000000;1.670936;0.000000
5.676;1.600316;-0.228649;1.828965;-0.230460
5.677;1.431255;-0.377248;1.808503;-0.384807
5.678;1.202042;-0.395827;1.597869;-0.416363
5.679;1.080656;-0.282120;1.362776;-0.324992
5.680;1.211035;-0.081694;1.292729;-0.156874
5.681;1.555459;0.129791;1.425668;0.013380
5.682;1.888890;0.275370;1.613520;0.111420
5.683;1.965894;0.305610;1.660284;0.091667
5.684;1.720784;0.216572;1.504211;-0.045216
5.685;1.325237;0.050188;1.275049;-0.252566
5.686;1.050604;-0.122917;1.173522;-0.455524
5.687;1.053795;-0.231408;1.285203;-0.579591
5.688;1.270329;-0.231194;1.501523;-0.579014
5.689;1.498328;-0.122594;1.620922;-0.454164
5.690;1.585843;0.049888;1.535955;-0.251311
5.691;1.547689;0.215037;1.332652;-0.044902
5.692;1.513085;0.302901;1.210184;0.090849
5.693;1.568193;0.272459;1.295734;0.110205
5.694;1.654765;0.128292;1.526474;0.013208
5.695;1.627716;-0.080238;1.707954;-0.154547
5.696;1.417288;-0.277091;1.694378;-0.319532
5.697;1.135216;-0.388110;1.523325;-0.408553
5.698;1.010901;-0.369190;1.380091;-0.376837
5.699;1.201777;-0.223324;1.425101;-0.225237
5.700;1.644745;0.000000;1.644745;0.000000
5.701;2.086778;0.222867;1.863911;0.224789
5.702;2.275932;0.367675;1.908258;0.375337
5.703;2.151113;0.385704;1.765409;0.406117
5.704;1.870373;0.274756;1.595618;0.316995
5.705;1.661618;0.079282;1.582336;0.153014
5.706;1.634697;-0.126922;1.761619;-0.013051
5.707;1.719830;-0.268797;1.988627;-0.108678
5.708;1.773835;-0.298143;2.071978;-0.089412
5.709;1.739874;-0.211139;1.951012;0.044104
5.710;1.702784;-0.048706;1.751491;0.246351
5.711;1.788595;0.120247;1.668348;0.444314
5.712;2.010735;0.226124;1.784611;0.565328
5.713;2.220460;0.225915;1.994544;0.564765
5.714;2.222000;0.119930;2.102070;0.442988
5.715;1.954389;-0.048415;2.002804;0.245126
5.716;1.571083;-0.209642;1.780725;0.043797
5.717;1.334509;-0.295499;1.630008;-0.088613
5.718;1.408950;-0.265954;1.674905;-0.107493
5.719;1.729450;-0.125454;1.854904;-0.012883
5.720;2.059406;0.077869;1.981537;0.150743
5.721;2.183608;0.269859;1.913750;0.311669
5.722;2.067157;0.378184;1.688973;0.398499
5.723;1.848234;0.359822;1.488413;0.367563
5.724;1.686796;0.217676;1.469120;0.219695
5.725;1.618852;0.000000;1.618852;0.000000
5.726;1.551016;-0.217230;1.768246;-0.219257
5.727;1.390341;-0.358345;1.748686;-0.366101
5.728;1.173277;-0.375840;1.549118;-0.396123
5.729;1.058820;-0.267585;1.326405;-0.309194
5.730;1.182990;-0.076941;1.259932;-0.149248
5.731;1.509728;0.124114;1.385614;0.012730
5.732;1.825669;0.262379;1.563290;0.106004
5.733;1.898287;0.290857;1.607430;0.087211
5.734;1.665428;0.205841;1.459586;-0.043018
5.735;1.289844;0.047268;1.242576;-0.240288
5.736;1.028770;-0.117631;1.146401;-0.433380
5.737;1.031107;-0.220958;1.252065;-0.551416
5.738;1.236045;-0.220754;1.456799;-0.550866
5.739;1.452489;-0.117320;1.569809;-0.432086
5.740;1.536376;0.046986;1.489390;-0.239094
5.741;1.501356;0.204382;1.296975;-0.042719
5.742;1.469372;0.288277;1.181095;0.086432
5.743;1.521740;0.259603;1.262137;0.104848
5.744;1.603306;0.122677;1.480629;0.012566
5.745;1.576935;-0.075570;1.652505;-0.147033
5.746;1.376942;-0.262816;1.639758;-0.303998
5.747;1.109441;-0.368514;1.477954;-0.388691
5.748;0.991798;-0.350692;1.342490;-0.358517
5.749;1.173048;-0.212171;1.385219;-0.214288
5.750;1.593256;0.000000;1.593256;0.000000
5.751;2.012577;0.211737;1.800840;0.213861
5.752;2.192193;0.349253;1.842940;0.357090
5.753;2.074070;0.366230;1.707840;0.386374
5.754;1.807831;0.260602;1.547229;0.301584
5.755;1.609426;0.074670;1.534756;0.145575
5.756;1.583186;-0.121365;1.704551;-0.012417
5.757;1.663395;-0.256112;1.919507;-0.103395
5.758;1.714717;-0.283748;1.998465;-0.085065
5.759;1.683327;-0.200677;1.884003;0.041959
5.760;1.649292;-0.045873;1.695165;0.234374
5.761;1.731538;0.115069;1.616470;0.422713
5.762;1.942416;0.215907;1.726508;0.537844
5.763;2.140902;0.215708;1.925194;0.537308
5.764;2.141688;0.114765;2.026924;0.421451
5.765;1.887291;-0.045598;1.932889;0.233209
5.766;1.523329;-0.199254;1.722583;0.041668
5.767;1.298579;-0.281231;1.579810;-0.084305
5.768;1.368783;-0.253402;1.622185;-0.102267
5.769;1.672472;-0.119959;1.792431;-0.012257
5.770;1.985485;0.073339;1.912147;0.143415
5.771;2.103776;0.255958;1.847818;0.296516
5.772;1.993969;0.359091;1.634878;0.379125
5.773;1.786647;0.341794;1.444853;0.349693
5.774;1.633214;0.206806;1.426408;0.209013
5.775;1.567956;0.000000;1.567956;0.000000
5.776;1.502802;-0.206383;1.709185;-0.208597
5.777;1.350096;-0.340391;1.690488;-0.348301
5.778;1.144537;-0.356866;1.501403;-0.376864
5.779;1.036617;-0.253802;1.290419;-0.294161
5.780;1.154872;-0.072465;1.227337;-0.141992
5.781;1.464831;0.118675;1.346156;0.012111
5.782;1.764200;0.249994;1.514206;0.100850
5.783;1.832680;0.276812;1.555868;0.082971
5.784;1.611460;0.195642;1.415819;-0.040927
5.785;1.254833;0.044518;1.210315;-0.228605
5.786;1.006650;-0.112560;1.119210;-0.412309
5.787;1.008212;-0.210969;1.219181;-0.524606
5.788;1.202174;-0.210773;1.412947;-0.524083
5.789;1.407647;-0.112262;1.519909;-0.411077
5.790;1.488046;0.044252;1.443794;-0.227469
5.791;1.455939;0.194255;1.261684;-0.040642
5.792;1.426394;0.274356;1.152038;0.082230
5.793;1.476158;0.247348;1.228810;0.099750
5.794;1.553001;0.117298;1.435702;0.011955
5.795;1.527309;-0.071173;1.598483;-0.139884
5.796;1.337233;-0.249280;1.586513;-0.289217
5.797;1.083549;-0.349910;1.433460;-0.369792
5.798;0.972223;-0.333122;1.305345;-0.341085
5.799;1.144332;-0.201577;1.345909;-0.203868
5.800;1.542950;0.000000;1.542950;0.000000
5.801;1.940728;0.201164;1.739564;0.203462
5.802;2.111286;0.331755;1.779531;0.339728
5.803;1.999501;0.347742;1.651759;0.367587
5.804;1.747013;0.247181;1.499833;0.286920
5.805;1.558447;0.070325;1.488121;0.138497
5.806;1.532887;-0.116042;1.648928;-0.011813
5.807;1.608451;-0.244020;1.852471;-0.098367
5.808;1.657221;-0.270045;1.927266;-0.080929
5.809;1.628227;-0.190733;1.818960;0.039919
5.810;1.597029;-0.043204;1.640233;0.222978
5.811;1.675850;0.110103;1.565747;0.402159
5.812;1.876034;0.206140;1.669894;0.511692
5.813;2.063882;0.205949;1.857933;0.511182
5.814;2.063988;0.109811;1.954177;0.400958
5.815;1.822153;-0.042945;1.865098;0.221869
5.816;1.476561;-0.189381;1.665942;0.039642
5.817;1.263045;-0.267649;1.530694;-0.080206
5.818;1.329251;-0.241436;1.570687;-0.097294
5.819;1.617011;-0.114694;1.731705;-0.011661
5.820;1.913952;0.069072;1.844880;0.136441
5.821;2.026611;0.242778;1.783834;0.282098
5.822;1.923071;0.340965;1.582106;0.360689
5.823;1.726734;0.324671;1.402063;0.332689
5.824;1.580909;0.196480;1.384429;0.198850
5.825;1.518238;0.000000;1.518238;0.000000
5.826;1.455667;-0.196078;1.651745;-0.198454
5.827;1.310534;-0.323339;1.633874;-0.331365
5.828;1.115870;-0.338852;1.454723;-0.358538
5.829;1.014116;-0.240733;1.254849;-0.279857
5.830;1.126736;-0.068249;1.194984;-0.135087
5.831;1.420779;0.113464;1.307314;0.011522
5.832;1.704444;0.238187;1.466257;0.095946
5.833;1.769020;0.263442;1.505578;0.078936
5.834;1.558860;0.185948;1.372912;-0.038936
5.835;1.220234;0.041928;1.178306;-0.217489
5.836;0.984307;-0.107696;1.092004;-0.392259
5.837;0.985167;-0.201419;1.186586;-0.499095
5.838;1.168739;-0.201232;1.369972;-0.498598
5.839;1.363797;-0.107411;1.471208;-0.391087
5.840;1.440844;0.041677;1.399167;-0.216407
5.841;1.411440;0.184630;1.226810;-0.038666
5.842;1.384167;0.261105;1.123063;0.078231
5.843;1.431453;0.235665;1.195788;0.094899
5.844;1.503842;0.112146;1.391696;0.011374
5.845;1.478829;-0.067032;1.545861;-0.133082
5.846;1.298178;-0.236445;1.534623;-0.275153
5.847;1.057598;-0.332249;1.389847;-0.351810
5.848;0.952249;-0.316435;1.268684;-0.324498
5.849;1.115679;-0.191512;1.307191;-0.193954
5.850;1.493818;0.000000;1.493818;0.000000
5.851;1.871159;0.191120;1.680039;0.193568
5.852;2.033117;0.315137;1.717981;0.323207
5.853;1.927332;0.330191;1.597141;0.349711
5.854;1.687885;0.234454;1.453430;0.272967
5.855;1.508668;0.066234;1.442434;0.131762
5.856;1.483787;-0.110942;1.594729;-0.011238
5.857;1.554970;-0.232493;1.787463;-0.093584
5.858;1.601314;-0.257000;1.858314;-0.076993
5.859;1.574549;-0.181283;1.755832;0.037978
5.860;1.545986;-0.040690;1.586676;0.212134
5.861;1.621515;0.105340;1.516175;0.382602
5.862;1.811547;0.196803;1.614744;0.486808
5.863;1.989326;0.196621;1.792706;0.486322
5.864;1.988820;0.105061;1.883759;0.381459
5.865;1.758927;-0.040447;1.799374;0.211079
5.866;1.430779;-0.179998;1.610777;0.037714
5.867;1.227937;-0.254720;1.482657;-0.076305
5.868;1.290370;-0.230030;1.520400;-0.092563
5.869;1.563037;-0.109652;1.672689;-0.011094
5.870;1.844732;0.065053;1.779679;0.129805
5.871;1.952025;0.230279;1.721746;0.268379
5.872;1.854398;0.323757;1.530641;0.343148
5.873;1.668464;0.308408;1.360056;0.316509
5.874;1.529868;0.186670;1.343198;0.189179
5.875;1.469688;0.000000;1.469688;0.000000
5.876;1.409606;-0.186288;1.595894;-0.188802
5.877;1.271669;-0.307143;1.578812;-0.315249
5.878;1.087321;-0.321751;1.409073;-0.341101
5.879;0.991384;-0.228340;1.219724;-0.266246
5.880;1.098635;-0.064278;1.162913;-0.128518
5.881;1.377579;0.108474;1.269106;0.010962
5.882;1.646365;0.226933;1.419433;0.091279
5.883;1.707259;0.250715;1.456544;0.075097
5.884;1.507607;0.176735;1.330872;-0.037043
5.885;1.186073;0.039488;1.146585;-0.206911
5.886;0.961798;-0.103033;1.064832;-0.373182
5.887;0.962025;-0.192290;1.154315;-0.474822
5.888;1.135762;-0.192112;1.327874;-0.474348
5.889;1.320931;-0.102760;1.423691;-0.372067
5.890;1.394757;0.039252;1.355505;-0.205882
5.891;1.367863;0.175482;1.192381;-0.036785
5.892;1.342705;0.248490;1.094214;0.074426
5.893;1.387635;0.224528;1.163107;0.090284
5.894;1.455823;0.107211;1.348612;0.010821
5.895;1.431484;-0.063132;1.494616;-0.126609
5.896;1.259791;-0.224275;1.484066;-0.261771
5.897;1.031638;-0.315482;1.347120;-0.334699
5.898;0.931947;-0.300586;1.232533;-0.308716
5.899;1.087136;-0.181951;1.269087;-0.184521
5.900;1.445848;0.000000;1.445848;0.000000
5.901;1.803805;0.181579;1.622226;0.184153
5.902;1.957597;0.299353;1.658244;0.307487
5.903;1.857489;0.313528;1.543961;0.332702
5.904;1.630409;0.222387;1.408023;0.259691
5.905;1.460079;0.062380;1.397699;0.125353
5.906;1.435872;-0.106058;1.541930;-0.010692
5.907;1.502924;-0.221504;1.724429;-0.089032
5.908;1.546961;-0.244583;1.791544;-0.073248
5.909;1.522272;-0.172301;1.694574;0.036131
5.910;1.496154;-0.038322;1.534476;0.201817
5.911;1.568520;0.100774;1.467746;0.363993
5.912;1.748914;0.187879;1.561035;0.463130
5.913;1.917162;0.187704;1.729458;0.462668
5.914;1.916106;0.100506;1.815600;0.362905
5.915;1.697568;-0.038093;1.735661;0.200813
5.916;1.385983;-0.171080;1.557062;0.035879
5.917;1.193283;-0.242413;1.435695;-0.072594
5.918;1.252157;-0.219157;1.471314;-0.088061
5.919;1.510523;-0.104822;1.615345;-0.010554
5.920;1.777754;0.061268;1.716487;0.123492
5.921;1.879936;0.218427;1.661508;0.255325
5.922;1.787885;0.307420;1.480466;0.326458
5.923;1.611803;0.292962;1.318841;0.301114
5.924;1.480077;0.177352;1.302725;0.179978
5.925;1.422296;0.000000;1.422296;0.000000
5.926;1.364609;-0.176989;1.541598;-0.179619
5.927;1.233510;-0.291760;1.525271;-0.299915
5.928;1.058932;-0.305516;1.364448;-0.324510
5.929;0.968482;-0.216589;1.185071;-0.253296
5.930;1.070619;-0.060538;1.131156;-0.122266
5.931;1.335240;0.103694;1.231546;0.010429
5.932;1.589927;0.216205;1.373722;0.086840
5.933;1.647347;0.238601;1.408746;0.071445
5.934;1.457678;0.167979;1.289699;-0.035241
5.935;1.152375;0.037191;1.115185;-0.196847
5.936;0.939178;-0.098562;1.037741;-0.355030
5.937;0.938834;-0.183566;1.122399;-0.451726
5.938;1.103262;-0.183395;1.286657;-0.451275
5.939;1.279042;-0.098300;1.377343;-0.353969
5.940;1.349774;0.036968;1.312806;-0.195868
5.941;1.325207;0.166788;1.158419;-0.034996
5.942;1.302018;0.236483;1.065535;0.070806
5.943;1.344708;0.213913;1.130795;0.085892
5.944;1.408934;0.102485;1.306449;0.010294
5.945;1.385266;-0.059458;1.444724;-0.120451
5.946;1.222086;-0.212734;1.434820;-0.249038
5.947;1.005718;-0.299564;1.305282;-0.318418
5.948;0.911381;-0.285532;1.196913;-0.293699
5.949;1.058745;-0.172868;1.231614;-0.175545
5.950;1.399031;0.000000;1.399031;0.000000
5.951;1.738598;0.172515;1.566084;0.175196
5.952;1.884637;0.284361;1.600276;0.292530
5.953;1.789903;0.297709;1.492194;0.316519
5.954;1.574552;0.210943;1.363609;0.247058
5.955;1.412667;0.058750;1.353917;0.119255
5.956;1.389131;-0.101381;1.490511;-0.010172
5.957;1.452286;-0.211030;1.663317;-0.084701
5.958;1.494128;-0.232764;1.726892;-0.069685
5.959;1.471372;-0.163765;1.635137;0.034373
5.960;1.447521;-0.036092;1.483613;0.191999
5.961;1.516849;0.096397;1.420452;0.346286
5.962;1.688093;0.179349;1.508744;0.440601
5.963;1.847320;0.179183;1.668138;0.440162
5.964;1.845772;0.096140;1.749632;0.345252
5.965;1.638028;-0.035877;1.673905;0.191044
5.966;1.342172;-0.162604;1.504775;0.034134
5.967;1.159107;-0.230698;1.389805;-0.069062
5.968;1.214624;-0.208793;1.423417;-0.083777
5.969;1.459439;-0.100197;1.559636;-0.010041
5.970;1.712950;0.057703;1.655247;0.117485
5.971;1.810261;0.207189;1.603072;0.242904
5.972;1.723473;0.291910;1.431563;0.310577
5.973;1.556719;0.278291;1.278427;0.286466
5.974;1.431521;0.168499;1.263022;0.171222
5.975;1.376050;0.000000;1.376050;0.000000
5.976;1.320670;-0.168154;1.488824;-0.170881
5.977;1.196069;-0.277150;1.473218;-0.285326
5.978;1.030741;-0.290102;1.320844;-0.308724
5.979;0.945466;-0.205446;1.150912;-0.240974
5.980;1.042732;-0.057015;1.099747;-0.116318
5.981;1.293765;0.099117;1.194648;0.009921
5.982;1.535094;0.205979;1.329115;0.082615
5.983;1.589237;0.227070;1.362167;0.067969
5.984;1.409053;0.159656;1.249396;-0.033527
5.985;1.119162;0.035026;1.084136;-0.187271
5.986;0.916497;-0.094277;1.010773;-0.337758
5.987;0.915639;-0.175227;1.090866;-0.429750
5.988;1.071255;-0.175064;1.246320;-0.429322
5.989;1.238123;-0.094025;1.332149;-0.336749
5.990;1.305883;0.034817;1.271066;-0.186339
5.991;1.283474;0.158525;1.124950;-0.033293
5.992;1.262116;0.225054;1.037062;0.067361
5.993;1.302676;0.203794;1.098882;0.081714
5.994;1.363166;0.097959;1.265207;0.009793
5.995;1.340163;-0.055998;1.396161;-0.114591
5.996;1.185074;-0.201790;1.386864;-0.236922
5.997;0.979882;-0.284452;1.264334;-0.302928
5.998;0.890613;-0.271234;1.161847;-0.279411
5.999;1.030547;-0.164240;1.194787;-0.167005
6.000;1.353353;0.000000;1.353353;0.000000
6.001;1.675478;0.163904;1.511574;0.166672
6.002;1.814154;0.270122;1.544032;0.278298
6.003;1.724507;0.282691;1.441816;0.301120
6.004;1.520278;0.200092;1.320186;0.235039
6.005;1.366419;0.055331;1.311088;0.113454
6.006;1.343547;-0.096902;1.440449;-0.009677
6.007;1.403029;-0.201047;1.604076;-0.080580
6.008;1.442784;-0.221514;1.664298;-0.066295
6.009;1.421826;-0.155652;1.577477;0.032701
6.010;1.400077;-0.033992;1.434069;0.182659
6.011;1.466487;0.092201;1.374286;0.329439
6.012;1.629044;0.171198;1.457847;0.419166
6.013;1.779733;0.171039;1.608695;0.418748
6.014;1.777746;0.091955;1.685791;0.328455
6.015;1.580264;-0.033789;1.614053;0.181750
6.016;1.299343;-0.154548;1.453891;0.032473
6.017;1.125432;-0.219547;1.344979;-0.065702
6.018;1.177783;-0.198914;1.376697;-0.079701
6.019;1.409757;-0.095769;1.505527;-0.009552
6.020;1.650253;0.054345;1.595908;0.111769
6.021;1.742925;0.196532;1.546393;0.231087
6.022;1.661100;0.277186;1.383914;0.295467
6.023;1.503179;0.264357;1.238822;0.272529
6.024;1.384185;0.160089;1.224096;0.162892
6.025;1.330938;0.000000;1.330938;0.000000
6.026;1.277777;-0.159761;1.437539;-0.162567
6.027;1.159351;-0.263273;1.422624;-0.271444
6.028;1.002784;-0.275469;1.278254;-0.293703
6.029;0.922391;-0.194879;1.117270;-0.229250
6.030;1.015016;-0.053697;1.068713;-0.110659
6.031;1.253160;0.094735;1.158425;0.009439
6.032;1.481831;0.196232;1.285599;0.078596
6.033;1.532883;0.216093;1.316789;0.064662
6.034;1.361710;0.151747;1.209963;-0.031895
6.035;1.086454;0.032988;1.053466;-0.178160
6.036;0.893800;-0.090169;0.983970;-0.321325
6.037;0.892483;-0.167259;1.059742;-0.408841
6.038;1.039759;-0.167103;1.206862;-0.408434
6.039;1.198165;-0.089928;1.288094;-0.320365
6.040;1.263071;0.032791;1.230280;-0.177273
6.041;1.242663;0.150672;1.091991;-0.031673
6.042;1.223007;0.214174;1.008833;0.064084
6.043;1.261542;0.194150;1.067392;0.077738
6.044;1.318510;0.093626;1.224883;0.009317
6.045;1.296164;-0.052740;1.348904;-0.109016
6.046;1.148765;-0.191412;1.340177;-0.225395
6.047;0.954171;-0.270105;1.224276;-0.288189
6.048;0.869698;-0.257654;1.127352;-0.265816
6.049;1.002578;-0.156043;1.158621;-0.158880
6.050;1.308803;0.000000;1.308803;0.000000
6.051;1.614382;0.155724;1.458658;0.158563
6.052;1.746068;0.256598;1.489470;0.264758
6.053;1.661235;0.268433;1.392802;0.286469
6.054;1.467553;0.189802;1.277751;0.223603
6.055;1.321323;0.052111;1.269212;0.107933
6.056;1.299108;-0.092614;1.391722;-0.009206
6.057;1.355125;-0.191532;1.546656;-0.076660
6.058;1.392897;-0.210805;1.603702;-0.063069
6.059;1.373610;-0.147941;1.521551;0.031110
6.060;1.353809;-0.032014;1.385823;0.173771
6.061;1.417418;0.088180;1.329237;0.313410
6.062;1.571728;0.163408;1.408320;0.398770
6.063;1.714335;0.163256;1.551079;0.398373
6.064;1.711958;0.087944;1.624014;0.312473
6.065;1.524233;-0.031822;1.556056;0.172906
6.066;1.257492;-0.146892;1.404385;0.030893
6.067;1.092279;-0.208933;1.301212;-0.062505
6.068;1.141643;-0.189499;1.331141;-0.075823
6.069;1.361451;-0.091530;1.452981;-0.009087
6.070;1.589600;0.051182;1.538418;0.106330
6.071;1.677852;0.186426;1.491427;0.219843
6.072;1.600709;0.263206;1.337503;0.281090
6.073;1.451154;0.251122;1.200031;0.259268
6.074;1.338054;0.152100;1.185954;0.154966
6.075;1.286947;0.000000;1.286947;0.000000
6.076;1.235923;-0.151789;1.387711;-0.154657
6.077;1.123365;-0.250092;1.373457;-0.258236
6.078;0.975093;-0.261577;1.236670;-0.279412
6.079;0.899305;-0.184858;1.084163;-0.218095
6.080;0.987509;-0.050572;1.038081;-0.105275
6.081;1.213426;0.090540;1.122887;0.008979
6.082;1.430103;0.186942;1.243161;0.074771
6.083;1.478239;0.205646;1.272594;0.061516
6.084;1.315628;0.144230;1.171398;-0.030343
6.085;1.054268;0.031068;1.023200;-0.169490
6.086;0.871133;-0.086233;0.957366;-0.305690
6.087;0.869405;-0.159645;1.029050;-0.388947
6.088;1.008787;-0.159496;1.168283;-0.388559
6.089;1.159160;-0.086002;1.245163;-0.304776
6.090;1.221325;0.030883;1.190442;-0.168647
6.091;1.202770;0.143208;1.059562;-0.030132
6.092;1.184697;0.203819;0.980878;0.060966
6.093;1.221307;0.184958;1.036349;0.073955
6.094;1.274953;0.089479;1.185474;0.008864
6.095;1.253257;-0.049670;1.302928;-0.103711
6.096;1.113166;-0.181570;1.294737;-0.214427
6.097;0.928623;-0.256484;1.185107;-0.274165
6.098;0.848689;-0.244756;1.093445;-0.252881
6.099;0.974871;-0.148256;1.123127;-0.151148
6.100;1.265368;0.000000;1.265368;0.000000
6.101;1.555252;0.147953;1.407299;0.150847
6.102;1.680301;0.243752;1.436548;0.251874
6.103;1.600024;0.254897;1.345127;0.272529
6.104;1.416345;0.180044;1.236301;0.212722
6.105;1.277364;0.049078;1.228286;0.102681
6.106;1.255798;-0.088510;1.344308;-0.008758
6.107;1.308548;-0.182462;1.491011;-0.072929
6.108;1.344434;-0.200612;1.545046;-0.060000
6.109;1.326701;-0.140612;1.467314;0.029596
6.110;1.308705;-0.030151;1.338856;0.165315
6.111;1.369623;0.084327;1.285296;0.298159
6.112;1.516106;0.155966;1.360140;0.379365
6.113;1.651063;0.155820;1.495243;0.378987
6.114;1.648341;0.084101;1.564240;0.297268
6.115;1.469891;-0.029970;1.499862;0.164492
6.116;1.216616;-0.139616;1.356232;0.029390
6.117;1.059666;-0.198830;1.258497;-0.059464
6.118;1.106212;-0.180525;1.286737;-0.072133
6.119;1.314492;-0.087472;1.401964;-0.008645
6.120;1.530928;0.048203;1.482725;0.101156
6.121;1.614971;0.176842;1.438129;0.209144
6.122;1.542244;0.249935;1.292309;0.267411
6.123;1.400610;0.238552;1.162058;0.246651
6.124;1.293113;0.144510;1.148603;0.147425
6.125;1.244064;0.000000;1.244064;0.000000
6.126;1.195096;-0.144214;1.339311;-0.147131
6.127;1.088114;-0.237574;1.325688;-0.245669
6.128;0.947698;-0.248388;1.196086;-0.265815
6.129;0.876253;-0.175355;1.051609;-0.207481
6.130;0.960246;-0.047629;1.007875;-0.100152
6.131;1.174565;0.086524;1.088041;0.008542
6.132;1.379878;0.178089;1.201789;0.071132
6.133;1.425263;0.195701;1.229562;0.058522
6.134;1.270786;0.137086;1.133700;-0.028867
6.135;1.022621;0.029260;0.993361;-0.161242
6.136;0.848534;-0.082462;0.930996;-0.290813
6.137;0.846442;-0.152369;0.998812;-0.370019
6.138;0.978351;-0.152227;1.130578;-0.369650
6.139;1.121099;-0.082240;1.203339;-0.289944
6.140;1.180632;0.029085;1.151547;-0.160440
6.141;1.163792;0.136114;1.027678;-0.028666
6.142;1.147191;0.193963;0.953228;0.057999
6.143;1.181970;0.176197;1.005773;0.070356
6.144;1.232485;0.085508;1.146977;0.008432
6.145;1.211431;-0.046780;1.258210;-0.098664
6.146;1.078285;-0.172238;1.250523;-0.203992
6.147;0.903273;-0.243553;1.146826;-0.260823
6.148;0.827635;-0.232505;1.060140;-0.240575
6.149;0.947457;-0.140859;1.088316;-0.143793
6.150;1.223035;0.000000;1.223035;0.000000
6.151;1.498031;0.140571;1.357460;0.143506
6.152;1.616778;0.231552;1.385226;0.239616
6.153;1.540813;0.242046;1.298767;0.259266
6.154;1.366619;0.170790;1.195829;0.202370
6.155;1.234529;0.046222;1.188307;0.097684
6.156;1.213603;-0.084581;1.298183;-0.008332
6.157;1.263273;-0.173819;1.437092;-0.069380
6.158;1.297366;-0.190910;1.488276;-0.057080
6.159;1.281077;-0.133647;1.414724;0.028156
6.160;1.264751;-0.028396;1.293147;0.157270
6.161;1.323087;0.080636;1.242452;0.283648
6.162;1.462138;0.148854;1.313284;0.360903
6.163;1.589856;0.148715;1.441140;0.360543
6.164;1.586831;0.080419;1.506412;0.282800
6.165;1.417198;-0.028226;1.445424;0.156487
6.166;1.176709;-0.132700;1.309409;0.027960
6.167;1.027609;-0.189214;1.216824;-0.056570
6.168;1.071496;-0.171972;1.243469;-0.068623
6.169;1.268854;-0.083587;1.352442;-0.008224
6.170;1.474180;0.045398;1.428782;0.096233
6.171;1.554212;0.167754;1.386458;0.198966
6.172;1.485651;0.237335;1.248316;0.254396
6.173;1.351518;0.226612;1.124906;0.234647
6.174;1.249344;0.137300;1.112044;0.140250
6.175;1.202277;0.000000;1.202277;0.000000
6.176;1.155287;-0.137019;1.292306;-0.139970
6.177;1.053604;-0.225683;1.279287;-0.233712
6.178;0.920625;-0.235866;1.156491;-0.252878
6.179;0.853278;-0.166344;1.019622;-0.197384
6.180;0.933260;-0.044857;0.978116;-0.095277
6.181;1.136575;0.082680;1.053895;0.008127
6.182;1.331121;0.169651;1.161470;0.067671
6.183;1.373912;0.186236;1.187676;0.055674
6.184;1.227162;0.130296;1.096867;-0.027462
6.185;0.991526;0.027557;0.963969;-0.153395
6.186;0.826042;-0.078848;0.904890;-0.276659
6.187;0.823627;-0.145418;0.969045;-0.352010
6.188;0.948463;-0.145283;1.093746;-0.351659
6.189;1.083971;-0.078636;1.162607;-0.275832
6.190;1.140979;0.027393;1.113587;-0.152631
6.191;1.125727;0.129372;0.996354;-0.027271
6.192;1.110492;0.184582;0.925910;0.055176
6.193;1.143531;0.167848;0.975683;0.066932
6.194;1.191093;0.081708;1.109385;0.008022
6.195;1.170671;-0.044057;1.214728;-0.093862
6.196;1.044126;-0.163388;1.207514;-0.194063
6.197;0.878153;-0.231276;1.109428;-0.248128
6.198;0.806581;-0.220869;1.027450;-0.228866
6.199;0.920363;-0.133831;1.054195;-0.136794
6.200;1.181789;0.000000;1.181789;0.000000
6.201;1.442664;0.133558;1.309106;0.136521
6.202;1.555426;0.219964;1.335462;0.227954
6.203;1.483542;0.229845;1.253697;0.246647
6.204;1.318344;0.162015;1.156329;0.192520
6.205;1.192802;0.043532;1.149270;0.092930
6.206;1.172506;-0.080820;1.253327;-0.007926
6.207;1.219273;-0.165581;1.384854;-0.066003
6.208;1.251661;-0.181676;1.433337;-0.054302
6.209;1.236714;-0.127028;1.363742;0.026785
6.210;1.221933;-0.026743;1.248676;0.149615
6.211;1.277791;0.077099;1.200692;0.269842
6.212;1.409787;0.142060;1.267726;0.343337
6.213;1.530652;0.141928;1.388725;0.342994
6.214;1.527362;0.076892;1.450471;0.269036
6.215;1.366112;-0.026583;1.392695;0.148870
6.216;1.137764;-0.126128;1.263891;0.026599
6.217;0.996122;-0.180062;1.176184;-0.053816
6.218;1.037502;-0.163822;1.201324;-0.065282
6.219;1.224511;-0.079870;1.304380;-0.007824
6.220;1.419296;0.042756;1.376541;0.091549
6.221;1.495509;0.159135;1.336373;0.189281
6.222;1.430876;0.225372;1.205504;0.242014
6.223;1.303846;0.215272;1.088574;0.223226
6.224;1.206732;0.130450;1.076282;0.133423
6.225;1.161570;0.000000;1.161570;0.000000
6.226;1.116482;-0.130184;1.246666;-0.133157
6.227;1.019835;-0.214390;1.234225;-0.222337
6.228;0.893901;-0.223978;1.117879;-0.240569
6.229;0.830417;-0.157798;0.988215;-0.187776
6.230;0.906578;-0.042246;0.948824;-0.090640
6.231;1.099457;0.079001;1.020455;0.007731
6.232;1.283800;0.161609;1.122191;0.064377
6.233;1.324144;0.177227;1.146917;0.052964
6.234;1.184736;0.123842;1.060893;-0.026125
6.235;0.960996;0.025953;0.935043;-0.145928
6.236;0.803689;-0.075387;0.879076;-0.263193
6.237;0.800990;-0.138778;0.939768;-0.334876
6.238;0.919133;-0.138648;1.057781;-0.334542
6.239;1.047767;-0.075184;1.122952;-0.262406
6.240;1.102352;0.025798;1.076554;-0.145202
6.241;1.088567;0.122965;0.965603;-0.025943
6.242;1.074601;0.175652;0.898949;0.052490
6.243;1.105987;0.159891;0.946096;0.063674
6.244;1.150766;0.078071;1.072695;0.007631
6.245;1.130965;-0.041493;1.172458;-0.089293
6.246;1.010694;-0.154995;1.165689;-0.184617
6.247;0.853291;-0.219620;1.072911;-0.236050
6.248;0.785567;-0.209817;0.995384;-0.217725
6.249;0.893616;-0.127155;1.020771;-0.130135
6.250;1.141618;0.000000;1.141618;0.000000
6.251;1.389096;0.126895;1.262201;0.129876
6.252;1.496177;0.208957;1.287220;0.216858
6.253;1.428156;0.218261;1.209894;0.234641
6.254;1.271487;0.153693;1.117795;0.183149
6.255;1.152169;0.040998;1.111171;0.088406
6.256;1.132493;-0.077222;1.209715;-0.007540
6.257;1.176522;-0.157731;1.334253;-0.062790
6.258;1.207290;-0.172887;1.380177;-0.051659
6.259;1.193589;-0.120737;1.314325;0.025481
6.260;1.180237;-0.025187;1.205423;0.142332
6.261;1.233717;0.073712;1.160005;0.256707
6.262;1.359015;0.135570;1.223445;0.326624
6.263;1.473395;0.135443;1.337952;0.326298
6.264;1.469875;0.073513;1.396362;0.255940
6.265;1.316593;-0.025036;1.341629;0.141624
6.266;1.099773;-0.119881;1.219654;0.025304
6.267;0.965218;-0.171351;1.136568;-0.051197
6.268;1.004232;-0.156054;1.160286;-0.062105
6.269;1.181435;-0.076312;1.257747;-0.007443
6.270;1.366222;0.040267;1.325955;0.087092
6.271;1.438796;0.150962;1.287834;0.180067
6.272;1.377869;0.214015;1.163854;0.230233
6.273;1.257566;0.204501;1.053065;0.212360
6.274;1.165259;0.123943;1.041316;0.126928
6.275;1.121930;0.000000;1.121930;0.000000
6.276;1.078672;-0.123690;1.202362;-0.126675
6.277;0.986810;-0.203663;1.190473;-0.211514
6.278;0.867546;-0.212691;1.080237;-0.228859
6.279;0.807706;-0.149694;0.957400;-0.178635
6.280;0.880229;-0.039787;0.920016;-0.086227
6.281;1.063206;0.075481;0.987725;0.007355
6.282;1.237882;0.153945;1.083937;0.061243
6.283;1.275918;0.168653;1.107265;0.050386
6.284;1.143485;0.117709;1.025776;-0.024853
6.285;0.931041;0.024443;0.906598;-0.138824
6.286;0.781508;-0.072072;0.853580;-0.250381
6.287;0.778561;-0.132434;0.910995;-0.318575
6.288;0.890367;-0.132310;1.022678;-0.318257
6.289;1.012478;-0.071878;1.084355;-0.249632
6.290;1.064736;0.024297;1.040440;-0.138133
6.291;1.052308;0.116875;0.935433;-0.024680
6.292;1.039520;0.167154;0.872366;0.049935
6.293;1.069334;0.152308;0.917026;0.060574
6.294;1.111489;0.074591;1.036898;0.007260
6.295;1.092299;-0.039078;1.131377;-0.084946
6.296;0.977990;-0.147035;1.125025;-0.175630
6.297;0.828716;-0.208554;1.037269;-0.224559
6.298;0.764633;-0.199319;0.963952;-0.207126
6.299;0.867237;-0.120813;0.988050;-0.123800
6.300;1.102505;0.000000;1.102505;0.000000
6.301;1.337277;0.120566;1.216711;0.123553
6.302;1.438963;0.198503;1.240460;0.206301
6.303;1.374597;0.207264;1.167333;0.223218
6.304;1.226018;0.145800;1.080218;0.174233
6.305;1.112614;0.038612;1.074002;0.084102
6.306;1.093547;-0.073779;1.167326;-0.007173
6.307;1.134996;-0.150250;1.285246;-0.059734
6.308;1.164224;-0.164522;1.328746;-0.049144
6.309;1.151679;-0.114757;1.266436;0.024241
6.310;1.139647;-0.023721;1.163368;0.135403
6.311;1.190846;0.070467;1.120378;0.244210
6.312;1.309786;0.129370;1.180416;0.310723
6.313;1.418028;0.129249;1.288779;0.310413
6.314;1.414310;0.070277;1.344033;0.243480
6.315;1.268604;-0.023579;1.292183;0.134729
6.316;1.062730;-0.113944;1.176674;0.024072
6.317;0.934906;-0.163060;1.097965;-0.048704
6.318;0.971690;-0.148652;1.120341;-0.059081
6.319;1.139600;-0.072908;1.212508;-0.007081
6.320;1.314903;0.037923;1.276980;0.082853
6.321;1.384011;0.143211;1.240801;0.171301
6.322;1.326580;0.203232;1.123347;0.219025
6.323;1.212646;0.194270;1.018376;0.202022
6.324;1.124909;0.117762;1.007147;0.120749
6.325;1.083342;0.000000;1.083342;0.000000
6.326;1.041843;-0.117521;1.159364;-0.120508
6.327;0.954529;-0.193474;1.148003;-0.201216
6.328;0.841581;-0.201975;1.043556;-0.217717
6.329;0.785178;-0.142008;0.927187;-0.169939
6.330;0.854235;-0.037471;0.891706;-0.082030
6.331;1.027820;0.072113;0.955707;0.006997
6.332;1.193337;0.146642;1.046695;0.058261
6.333;1.229196;0.160492;1.068704;0.047933
6.334;1.103388;0.111880;0.991508;-0.023643
6.335;0.901670;0.023020;0.878650;-0.132066
6.336;0.759528;-0.068897;0.828425;-0.238191
6.337;0.756364;-0.126375;0.882739;-0.303065
6.338;0.862174;-0.126257;0.988431;-0.302763
6.339;0.978091;-0.068711;1.046802;-0.237479
6.340;1.028118;0.022882;1.005236;-0.131408
6.341;1.016943;0.111087;0.905855;-0.023479
6.342;1.005248;0.159065;0.846182;0.047504
6.343;1.033567;0.145082;0.888485;0.057625
6.344;1.073249;0.071262;1.001987;0.006906
6.345;1.054659;-0.036803;1.091462;-0.080810
6.346;0.946016;-0.139487;1.085503;-0.167079
6.347;0.804450;-0.198047;1.002497;-0.213627
6.348;0.743813;-0.189349;0.933162;-0.197042
6.349;0.841248;-0.114788;0.956036;-0.117773
6.350;1.064437;0.000000;1.064437;0.000000
6.351;1.287156;0.114553;1.172603;0.117538
6.352;1.383719;0.188573;1.195146;0.196257
6.353;1.322812;0.196822;1.125990;0.212351
6.354;1.181905;0.138316;1.043589;0.165750
6.355;1.074122;0.036364;1.037758;0.080008
6.356;1.055653;-0.070484;1.126137;-0.006824
6.357;1.094670;-0.143120;1.237790;-0.056825
6.358;1.122434;-0.156560;1.278994;-0.046751
6.359;1.110961;-0.109075;1.220036;0.023061
6.360;1.100148;-0.022340;1.122488;0.128811
6.361;1.149158;0.067361;1.081798;0.232321
6.362;1.262063;0.123448;1.138615;0.295595
6.363;1.364495;0.123332;1.241163;0.295300
6.364;1.360610;0.067178;1.293432;0.231626
6.365;1.222105;-0.022206;1.244311;0.128169
6.366;1.026624;-0.108302;1.134926;0.022900
6.367;0.905195;-0.155169;1.060364;-0.046333
6.368;0.939875;-0.141598;1.081473;-0.056205
6.369;1.098982;-0.069651;1.168633;-0.006736
6.370;1.265288;0.035716;1.229572;0.078819
6.371;1.331095;0.135860;1.195235;0.162961
6.372;1.276959;0.192995;1.083965;0.208361
6.373;1.169058;0.184553;0.984505;0.192186
6.374;1.085662;0.111889;0.973773;0.114870
6.375;1.045790;0.000000;1.045790;0.000000
6.376;1.005984;-0.111660;1.117644;-0.114641
6.377;0.922991;-0.183797;1.106788;-0.191420
6.378;0.816024;-0.191801;1.007826;-0.207117
6.379;0.762863;-0.134720;0.897582;-0.161665
6.380;0.828618;-0.035290;0.863908;-0.078036
6.381;0.993294;0.068891;0.924403;0.006656
6.382;1.150132;0.139683;1.010449;0.055425
6.383;1.183938;0.152725;1.031213;0.045599
6.384;1.064425;0.106340;0.958085;-0.022492
6.385;0.872892;0.021680;0.851211;-0.125636
6.386;0.737774;-0.065857;0.803631;-0.226594
6.387;0.734425;-0.120587;0.855012;-0.288309
6.388;0.834559;-0.120474;0.955033;-0.288022
6.389;0.944595;-0.065679;1.010274;-0.225917
6.390;0.992483;0.021550;0.970932;-0.125010
6.391;0.982463;0.105586;0.876877;-0.022336
6.392;0.971782;0.151367;0.820415;0.045191
6.393;0.998681;0.138196;0.860485;0.054819
6.394;1.036032;0.068076;0.967956;0.006570
6.395;1.018030;-0.034661;1.052690;-0.076876
6.396;0.914772;-0.132328;1.047100;-0.158944
6.397;0.780516;-0.188072;0.968588;-0.203225
6.398;0.723140;-0.179878;0.903018;-0.187448
6.399;0.815667;-0.109064;0.924730;-0.112039
6.400;1.027398;0.000000;1.027398;0.000000
6.401;1.238683;0.108841;1.129843;0.111815
6.402;1.330382;0.179141;1.151241;0.186701
6.403;1.272749;0.186909;1.085840;0.202012
6.404;1.139117;0.131217;1.007900;0.157680
6.405;1.036677;0.034248;1.002429;0.076112
6.406;1.018793;-0.067332;1.086126;-0.006492
6.407;1.055518;-0.136327;1.191845;-0.054059
6.408;1.081890;-0.148983;1.230873;-0.044475
6.409;1.071413;-0.103674;1.175086;0.021938
6.410;1.061725;-0.021040;1.082764;0.122539
6.411;1.108635;0.064386;1.044249;0.221009
6.412;1.215810;0.117792;1.098018;0.281203
6.413;1.312745;0.117681;1.195063;0.280922
6.414;1.308718;0.064211;1.244507;0.220348
6.415;1.177059;-0.020914;1.197973;0.121929
6.416;0.991447;-0.102939;1.094386;0.021785
6.417;0.876094;-0.147658;1.023752;-0.044077
6.418;0.908789;-0.134876;1.043665;-0.053468
6.419;1.059555;-0.066536;1.126090;-0.006408
6.420;1.217325;0.033637;1.183688;0.074981
6.421;1.279988;0.128889;1.151100;0.155026
6.422;1.228962;0.183275;1.045687;0.198216
6.423;1.126772;0.175323;0.951449;0.182828
6.424;1.047503;0.106310;0.941193;0.109277
6.425;1.009260;0.000000;1.009260;0.000000
6.426;0.971080;-0.106093;1.077172;-0.109059
6.427;0.892194;-0.174605;1.066799;-0.182099
6.428;0.790891;-0.182142;0.973033;-0.197032
6.429;0.740786;-0.127807;0.868593;-0.153793
6.430;0.803397;-0.033236;0.836633;-0.074236
6.431;0.959622;0.065808;0.893813;0.006332
6.432;1.108236;0.133051;0.975186;0.052726
6.433;1.140106;0.145332;0.994774;0.043379
6.434;1.026574;0.101074;0.925499;-0.021397
6.435;0.844710;0.020418;0.824292;-0.119518
6.436;0.716272;-0.062946;0.779218;-0.215561
6.437;0.712763;-0.115060;0.827823;-0.274271
6.438;0.807526;-0.114952;0.922478;-0.273997
6.439;0.911980;-0.062776;0.974756;-0.214916
6.440;0.957815;0.020296;0.937519;-0.118923
6.441;0.948861;0.100358;0.848503;-0.021248
6.442;0.939120;0.144040;0.795080;0.042991
6.443;0.964669;0.131634;0.833035;0.052150
6.444;0.999823;0.065029;0.934794;0.006250
6.445;0.982397;-0.032643;1.015040;-0.073133
6.446;0.884258;-0.125539;1.009796;-0.151205
6.447;0.756933;-0.178601;0.935534;-0.193330
6.448;0.702643;-0.170883;0.873526;-0.178321
6.449;0.790509;-0.103626;0.894135;-0.106583
6.450;0.991373;0.000000;0.991373;0.000000
6.451;1.191812;0.103414;1.088398;0.106371
6.452;1.278893;0.170183;1.108710;0.177610
6.453;1.224358;0.177497;1.046861;0.192175
6.454;1.097625;0.124486;0.973139;0.150002
6.455;1.000262;0.032254;0.968008;0.072406
6.456;0.982952;-0.064317;1.047269;-0.006176
6.457;1.017516;-0.129853;1.147369;-0.051426
6.458;1.042566;-0.141771;1.184337;-0.042309
6.459;1.033011;-0.098541;1.131551;0.020870
6.460;1.024360;-0.019815;1.044175;0.116572
6.461;1.069257;0.061538;1.007719;0.210247
6.462;1.170993;0.112390;1.058603;0.267510
6.463;1.262724;0.112284;1.150440;0.267243
6.464;1.258582;0.061371;1.197211;0.209618
6.465;1.133430;-0.019696;1.153126;0.115992
6.466;0.957189;-0.097842;1.055031;0.020724
6.467;0.847607;-0.140510;0.988117;-0.041931
6.468;0.878431;-0.128470;1.006901;-0.050865
6.469;1.021292;-0.063555;1.084847;-0.006096
6.470;1.170967;0.031679;1.139288;0.071330
6.471;1.230635;0.122277;1.108358;0.147477
6.472;1.182540;0.174046;1.008494;0.188564
6.473;1.085760;0.166556;0.919204;0.173925
6.474;1.010412;0.101010;0.909402;0.103956
6.475;0.973735;0.000000;0.973735;0.000000
6.476;0.937118;-0.100804;1.037922;-0.103748
6.477;0.862136;-0.165874;1.028010;-0.173232
6.478;0.766196;-0.172971;0.939167;-0.187437
6.479;0.718974;-0.121251;0.840225;-0.146304
6.480;0.778591;-0.031301;0.809892;-0.070621
6.481;0.926797;0.062860;0.863938;0.006024
6.482;1.067621;0.126732;0.940889;0.050158
6.483;1.097664;0.138297;0.959368;0.041266
6.484;0.989813;0.096070;0.893743;-0.020355
6.485;0.817132;0.019230;0.797902;-0.113698
6.486;0.695042;-0.060160;0.755202;-0.205064
6.487;0.691400;-0.109781;0.801180;-0.260915
6.488;0.781078;-0.109677;0.890756;-0.260654
6.489;0.880234;-0.059996;0.940230;-0.204450
6.490;0.924100;0.019115;0.904985;-0.113132
6.491;0.916129;0.095390;0.820739;-0.020213
6.492;0.907258;0.137067;0.770191;0.040897
6.493;0.931524;0.125382;0.806142;0.049611
6.494;0.964608;0.062114;0.902494;0.005946
6.495;0.947745;-0.030743;0.978488;-0.069571
6.496;0.854470;-0.119100;0.973570;-0.143842
6.497;0.733719;-0.169609;0.903328;-0.183915
6.498;0.682350;-0.162339;0.844689;-0.169637
6.499;0.765791;-0.098460;0.864251;-0.101393
6.500;0.956344;0.000000;0.956344;0.000000
6.501;1.146497;0.098259;1.048238;0.101191
6.502;1.229191;0.161674;1.067517;0.168961
6.503;1.177589;0.168561;1.009028;0.182817
6.504;1.057398;0.118101;0.939297;0.142697
6.505;0.964860;0.030376;0.934484;0.068880
6.506;0.948112;-0.061434;1.009546;-0.005875
6.507;0.980640;-0.123685;1.104325;-0.048922
6.508;1.004433;-0.134907;1.139341;-0.040249
6.509;0.995732;-0.093662;1.089394;0.019853
6.510;0.988037;-0.018661;1.006699;0.110895
6.511;1.031004;0.058812;0.972192;0.200008
6.512;1.127577;0.107231;1.020346;0.254482
6.513;1.214383;0.107130;1.107253;0.254228
6.514;1.210147;0.058652;1.151495;0.199410
6.515;1.091181;-0.018550;1.109731;0.110343
6.516;0.923838;-0.092999;1.016836;0.019715
6.517;0.819739;-0.133708;0.953447;-0.039889
6.518;0.848798;-0.122367;0.971165;-0.048387
6.519;0.984170;-0.060705;1.044875;-0.005799
6.520;1.126165;0.029835;1.096330;0.067856
6.521;1.182981;0.116006;1.066974;0.140295
6.522;1.137651;0.165285;0.972366;0.179381
6.523;1.045992;0.158229;0.887764;0.165455
6.524;0.974372;0.095975;0.878397;0.098893
6.525;0.939199;0.000000;0.939199;0.000000
6.526;0.904085;-0.095779;0.999864;-0.098696
6.527;0.832813;-0.157581;0.990394;-0.164796
6.528;0.741952;-0.164263;0.906215;-0.178309
6.529;0.697448;-0.115033;0.812481;-0.139179
6.530;0.754213;-0.029479;0.783692;-0.067182
6.531;0.894814;0.060039;0.834775;0.005730
6.532;1.028255;0.120710;0.907545;0.047716
6.533;1.056576;0.131601;0.924975;0.039257
6.534;0.954123;0.091314;0.862809;-0.019364
6.535;0.790159;0.018110;0.772049;-0.108161
6.536;0.674104;-0.057493;0.731597;-0.195077
6.537;0.670351;-0.104739;0.775091;-0.248208
6.538;0.755218;-0.104641;0.859859;-0.247961
6.539;0.849344;-0.057336;0.906680;-0.194494
6.540;0.891322;0.018002;0.873320;-0.107623
6.541;0.884256;0.090667;0.793588;-0.019229
6.542;0.876191;0.130430;0.745760;0.038905
6.543;0.899238;0.119424;0.779814;0.047195
6.544;0.930371;0.059326;0.871045;0.005656
6.545;0.914060;-0.028953;0.943013;-0.066183
6.546;0.825407;-0.112993;0.938400;-0.136836
6.547;0.710890;-0.161071;0.871961;-0.174958
6.548;0.662285;-0.154223;0.816508;-0.161376
6.549;0.741523;-0.093552;0.835076;-0.096455
6.550;0.922298;0.000000;0.922298;0.000000
6.551;1.102691;0.093361;1.009330;0.096263
6.552;1.181222;0.153591;1.027630;0.160733
6.553;1.132394;0.160076;0.972318;0.173913
6.554;1.018408;0.112046;0.906362;0.135748
6.555;0.930456;0.028608;0.901848;0.065526
6.556;0.914257;-0.058676;0.972932;-0.005589
6.557;0.944866;-0.117807;1.062673;-0.046539
6.558;0.967465;-0.128375;1.095840;-0.038289
6.559;0.959555;-0.089025;1.048580;0.018886
6.560;0.952740;-0.017575;0.970315;0.105495
6.561;0.993855;0.056202;0.937653;0.190268
6.562;1.085527;0.102305;0.983222;0.242089
6.563;1.167673;0.102208;1.065464;0.241847
6.564;1.163363;0.056049;1.107314;0.189698
6.565;1.050278;-0.017470;1.067748;0.104969
6.566;0.891383;-0.088395;0.979778;0.018755
6.567;0.792494;-0.127233;0.919727;-0.037946
6.568;0.819887;-0.116552;0.936439;-0.046031
6.569;0.948164;-0.057978;1.006142;-0.005517
6.570;1.082873;0.028098;1.054775;0.064551
6.571;1.136972;0.110059;1.026913;0.133463
6.572;1.094250;0.156966;0.937284;0.170645
6.573;1.007442;0.150319;0.857123;0.157397
6.574;0.939364;0.091191;0.848173;0.094077
6.575;0.905637;0.000000;0.905637;0.000000
6.576;0.871967;-0.091005;0.962972;-0.093889
6.577;0.804220;-0.149704;0.953923;-0.156770
6.578;0.718169;-0.155996;0.874165;-0.169625
6.579;0.676228;-0.109136;0.785364;-0.132401
6.580;0.730277;-0.027763;0.758040;-0.063910
6.581;0.863664;0.057342;0.806321;0.005451
6.582;0.990110;0.114973;0.875136;0.045392
6.583;1.016807;0.125228;0.891578;0.037345
6.584;0.919480;0.086794;0.832686;-0.018421
6.585;0.763795;0.017056;0.746739;-0.102893
6.586;0.653477;-0.054940;0.708417;-0.185576
6.587;0.649634;-0.099925;0.749559;-0.236120
6.588;0.729947;-0.099831;0.829779;-0.235884
6.589;0.819298;-0.054790;0.874088;-0.185021
6.590;0.859466;0.016954;0.842512;-0.102381
6.591;0.853232;0.086179;0.767053;-0.018292
6.592;0.845913;0.124114;0.721798;0.037011
6.593;0.867803;0.113748;0.754055;0.044896
6.594;0.897097;0.056660;0.840437;0.005381
6.595;0.881324;-0.027268;0.908592;-0.062960
6.596;0.797065;-0.107201;0.904266;-0.130172
6.597;0.688459;-0.152965;0.841424;-0.166437
6.598;0.642470;-0.146514;0.788984;-0.153516
6.599;0.717718;-0.088890;0.806608;-0.091757
6.600;0.889216;0.000000;0.889216;0.000000
6.601;1.060353;0.088708;0.971644;0.091574
6.602;1.134930;0.145914;0.989015;0.152904
6.603;1.088728;0.152020;0.936708;0.165443
6.604;0.980625;0.106303;0.874322;0.129136
6.605;0.897032;0.026943;0.870089;0.062334
6.606;0.881368;-0.056038;0.937406;-0.005317
6.607;0.910170;-0.112207;1.022377;-0.044273
6.608;0.931633;-0.122158;1.053792;-0.036424
6.609;0.924456;-0.084619;1.009074;0.017967
6.610;0.918450;-0.016552;0.935002;0.100356
6.611;0.957791;0.053705;0.904086;0.181001
6.612;1.044810;0.097600;0.947210;0.230298
6.613;1.122545;0.097509;1.025037;0.230068
6.614;1.118181;0.053558;1.064623;0.180459
6.615;1.010686;-0.016453;1.027139;0.099857
6.616;0.859813;-0.084019;0.943832;0.017841
6.617;0.765872;-0.121072;0.886944;-0.036098
6.618;0.791696;-0.111011;0.902706;-0.043789
6.619;0.913249;-0.055371;0.968620;-0.005248
6.620;1.041046;0.026462;1.014584;0.061407
6.621;1.092559;0.104418;0.988140;0.126962
6.622;1.052295;0.149067;0.903228;0.162333
6.623;0.970081;0.142806;0.827275;0.149731
6.624;0.905369;0.086647;0.818722;0.089495
6.625;0.873032;0.000000;0.873032;0.000000
6.626;0.840749;-0.086470;0.927219;-0.089316
6.627;0.776352;-0.142221;0.918574;-0.149134
6.628;0.694856;-0.148146;0.843002;-0.161363
6.629;0.655332;-0.103543;0.758875;-0.125952
6.630;0.706794;-0.026147;0.732941;-0.060797
6.631;0.833337;0.054763;0.778574;0.005186
6.632;0.953155;0.109507;0.843649;0.043181
6.633;0.978321;0.119164;0.859157;0.035526
6.634;0.885865;0.082498;0.803368;-0.017524
6.635;0.738040;0.016063;0.721977;-0.097882
6.636;0.633176;-0.052496;0.685672;-0.176538
6.637;0.629262;-0.095329;0.724591;-0.224619
6.638;0.705265;-0.095239;0.800504;-0.224395
6.639;0.790083;-0.052353;0.842436;-0.176009
6.640;0.828517;0.015967;0.812550;-0.097394
6.641;0.823047;0.081914;0.741134;-0.017401
6.642;0.816418;0.118104;0.698315;0.035208
6.643;0.837207;0.108339;0.728868;0.042709
6.644;0.864769;0.054111;0.810659;0.005119
6.645;0.849522;-0.025680;0.875202;-0.059893
6.646;0.769438;-0.101708;0.871147;-0.123832
6.647;0.666439;-0.145268;0.811708;-0.158330
6.648;0.622925;-0.139192;0.762117;-0.146039
6.649;0.694385;-0.084461;0.778845;-0.087288
6.650;0.857083;0.000000;0.857083;0.000000
6.651;1.019439;0.084288;0.935150;0.087114
6.652;1.090261;0.138622;0.951639;0.145457
6.653;1.046545;0.144371;0.902173;0.157385
6.654;0.944021;0.100856;0.843166;0.122846
6.655;0.864570;0.025374;0.839196;0.059298
6.656;0.849430;-0.053516;0.902946;-0.005058
6.657;0.876528;-0.106871;0.983399;-0.042116
6.658;0.896913;-0.116242;1.013155;-0.034650
6.659;0.890413;-0.080430;0.970843;0.017091
6.660;0.885151;-0.015588;0.900739;0.095468
6.661;0.922790;0.051314;0.871476;0.172184
6.662;1.005394;0.093109;0.912285;0.219080
6.663;1.078954;0.093021;0.985933;0.218862
6.664;1.074552;0.051174;1.023378;0.171669
6.665;0.972372;-0.015495;0.987867;0.094993
6.666;0.829115;-0.079861;0.908975;0.016972
6.667;0.739875;-0.115208;0.855083;-0.034340
6.668;0.764218;-0.105731;0.869950;-0.041656
6.669;0.879401;-0.052878;0.932279;-0.004993
6.670;1.000642;0.024922;0.975721;0.058416
6.671;1.049691;0.099069;0.950622;0.120778
6.672;1.011746;0.141567;0.870179;0.154426
6.673;0.933882;0.135670;0.798212;0.142438
6.674;0.872369;0.082329;0.790040;0.085136
6.675;0.841367;0.000000;0.841367;0.000000
6.676;0.810417;-0.082161;0.892578;-0.084966
6.677;0.749204;-0.135114;0.884318;-0.141870
6.678;0.672020;-0.140693;0.812714;-0.153504
6.679;0.634776;-0.098239;0.733014;-0.119817
6.680;0.683775;-0.024625;0.708399;-0.057836
6.681;0.803826;0.052296;0.751529;0.004933
6.682;0.917364;0.104298;0.813066;0.041078
6.683;0.941085;0.113392;0.827693;0.033795
6.684;0.853257;0.078415;0.774842;-0.016670
6.685;0.712894;0.015128;0.697766;-0.093114
6.686;0.613214;-0.050158;0.663373;-0.167939
6.687;0.609248;-0.090940;0.700187;-0.213678
6.688;0.681172;-0.090854;0.772026;-0.213465
6.689;0.761687;-0.050021;0.811708;-0.167436
6.690;0.798457;0.015037;0.783420;-0.092650
6.691;0.793690;0.077859;0.715831;-0.016554
6.692;0.787699;0.112383;0.675316;0.033493
6.693;0.807442;0.103186;0.704257;0.040629
6.694;0.833373;0.051673;0.781700;0.004869
6.695;0.818638;-0.024185;0.842823;-0.056976
6.696;0.742523;-0.096498;0.839021;-0.117800
6.697;0.644840;-0.137961;0.782801;-0.150618
6.698;0.603668;-0.132237;0.735904;-0.138925
6.699;0.671530;-0.080252;0.751783;-0.083036
6.700;0.825882;0.000000;0.825882;0.000000
6.701;0.979908;0.080089;0.899819;0.082871
6.702;1.047165;0.131696;0.915470;0.138371
6.703;1.005801;0.137109;0.868692;0.149718
6.704;0.908569;0.095690;0.812879;0.116862
6.705;0.833054;0.023897;0.809157;0.056410
6.706;0.818424;-0.051104;0.869529;-0.004811
6.707;0.843918;-0.101787;0.945705;-0.040065
6.708;0.863278;-0.110611;0.973889;-0.032962
6.709;0.857404;-0.076450;0.933854;0.016259
6.710;0.852824;-0.014681;0.867505;0.090818
6.711;0.888833;0.049027;0.839806;0.163797
6.712;0.967245;0.088820;0.878424;0.208409
6.713;1.036855;0.088737;0.948118;0.208201
6.714;1.032430;0.048893;0.983537;0.163307
6.715;0.935302;-0.014593;0.949895;0.090365
6.716;0.799276;-0.075908;0.875185;0.016146
6.717;0.714503;-0.109627;0.824130;-0.032667
6.718;0.737450;-0.100701;0.838151;-0.039627
6.719;0.846596;-0.050495;0.897091;-0.004749
6.720;0.961618;0.023471;0.938147;0.055571
6.721;1.008320;0.093995;0.914326;0.114895
6.722;0.972562;0.134446;0.838116;0.146904
6.723;0.898817;0.128891;0.769926;0.135499
6.724;0.840345;0.078228;0.762117;0.080989
6.725;0.810625;0.000000;0.810625;0.000000
6.726;0.780955;-0.078068;0.859023;-0.080827
6.727;0.722769;-0.128364;0.851132;-0.134959
6.728;0.649669;-0.133616;0.783286;-0.146026
6.729;0.614573;-0.093207;0.707781;-0.113980
6.730;0.661227;-0.023191;0.684418;-0.055018
6.731;0.775119;0.049938;0.725181;0.004693
6.732;0.882707;0.099336;0.783371;0.039077
6.733;0.905066;0.107899;0.797167;0.032149
6.734;0.821634;0.074534;0.747100;-0.015858
6.735;0.688358;0.014247;0.674110;-0.088578
6.736;0.593606;-0.047921;0.641527;-0.159758
6.737;0.589602;-0.086750;0.676351;-0.203269
6.738;0.657665;-0.086668;0.744333;-0.203066
6.739;0.734095;-0.047790;0.781886;-0.159280
6.740;0.769273;0.014162;0.755111;-0.088137
6.741;0.765150;0.074006;0.691143;-0.015747
6.742;0.759748;0.106939;0.652809;0.031861
6.743;0.778498;0.098276;0.680222;0.038650
6.744;0.802890;0.049342;0.753548;0.004632
6.745;0.788655;-0.022777;0.811433;-0.054200
6.746;0.716312;-0.091556;0.807868;-0.112061
6.747;0.623671;-0.131022;0.754693;-0.143281
6.748;0.584715;-0.125630;0.710345;-0.132158
6.749;0.649162;-0.076254;0.725416;-0.078991
6.750;0.795595;0.000000;0.795595;0.000000
6.751;0.941720;0.076099;0.865621;0.078834
6.752;1.005593;0.125116;0.880477;0.131631
6.753;0.966454;0.130213;0.836240;0.142425
6.754;0.874239;0.090790;0.783450;0.111170
6.755;0.802466;0.022506;0.779961;0.053662
6.756;0.788334;-0.048798;0.837132;-0.004577
6.757;0.812315;-0.096943;0.909259;-0.038113
6.758;0.830701;-0.105253;0.935954;-0.031356
6.759;0.825406;-0.072666;0.898072;0.015467
6.760;0.821452;-0.013826;0.835278;0.086394
6.761;0.855899;0.046839;0.809060;0.155818
6.762;0.930331;0.084726;0.845605;0.198256
6.763;0.996202;0.084646;0.911556;0.198058
6.764;0.991770;0.046711;0.945059;0.155352
6.765;0.899443;-0.013743;0.913186;0.085963
6.766;0.770284;-0.072152;0.842436;0.015359
6.767;0.689754;-0.104316;0.794070;-0.031076
6.768;0.711384;-0.095909;0.807293;-0.037697
6.769;0.814811;-0.048216;0.863026;-0.004518
6.770;0.923933;0.022104;0.901829;0.052864
6.771;0.968401;0.089182;0.879219;0.109298
6.772;0.934704;0.127685;0.807019;0.139747
6.773;0.864860;0.122452;0.742408;0.128899
6.774;0.809278;0.074331;0.734947;0.077043
6.775;0.780790;0.000000;0.780790;0.000000
6.776;0.752349;-0.074179;0.826529;-0.076889
6.777;0.697039;-0.121951;0.818990;-0.128385
6.778;0.627808;-0.126897;0.754705;-0.138912
6.779;0.594738;-0.088435;0.683173;-0.108428
6.780;0.639157;-0.021841;0.660998;-0.052338
6.781;0.747208;0.047684;0.699524;0.004464
6.782;0.849157;0.094608;0.754549;0.037173
6.783;0.870232;0.102672;0.767561;0.030583
6.784;0.790976;0.070846;0.720131;-0.015085
6.785;0.664428;0.013418;0.651010;-0.084263
6.786;0.574361;-0.045781;0.620142;-0.151975
6.787;0.570333;-0.082749;0.653082;-0.193367
6.788;0.634743;-0.082671;0.717414;-0.193174
6.789;0.707296;-0.045656;0.752952;-0.151520
6.790;0.740946;0.013337;0.727609;-0.083843
6.791;0.737414;0.070344;0.667069;-0.014980
6.792;0.732556;0.101758;0.630798;0.030309
6.793;0.750362;0.093598;0.656763;0.036767
6.794;0.773306;0.047114;0.726192;0.004407
6.795;0.759558;-0.021451;0.781009;-0.051560
6.796;0.690799;-0.086869;0.777668;-0.106602
6.797;0.602939;-0.124434;0.727372;-0.136301
6.798;0.566080;-0.119355;0.685435;-0.125720
6.799;0.627284;-0.072456;0.699740;-0.075143
6.800;0.766206;0.000000;0.766206;0.000000
6.801;0.904836;0.072308;0.832528;0.074993
6.802;0.965495;0.118866;0.846628;0.125218
6.803;0.928462;0.123666;0.804796;0.135487
6.804;0.841006;0.086142;0.754864;0.105754
6.805;0.772789;0.021196;0.751593;0.051047
6.806;0.759141;-0.046594;0.805735;-0.004354
6.807;0.781698;-0.092329;0.874027;-0.036256
6.808;0.799159;-0.100153;0.899312;-0.029829
6.809;0.794398;-0.069071;0.863468;0.014713
6.810;0.791017;-0.013021;0.804038;0.082185
6.811;0.823967;0.044746;0.779221;0.148227
6.812;0.894622;0.080818;0.813804;0.188598
6.813;0.956955;0.080741;0.876214;0.188410
6.814;0.952526;0.044623;0.907903;0.147783
6.815;0.864764;-0.012943;0.877708;0.081776
6.816;0.742126;-0.068582;0.810707;0.014611
6.817;0.665626;-0.099262;0.764888;-0.029562
6.818;0.686014;-0.091343;0.777357;-0.035860
6.819;0.784021;-0.046037;0.830059;-0.004298
6.820;0.887548;0.020818;0.866730;0.050288
6.821;0.929887;0.084617;0.845270;0.103973
6.822;0.898134;0.121265;0.776869;0.132939
6.823;0.831984;0.116336;0.715649;0.122619
6.824;0.779149;0.070629;0.708520;0.073290
6.825;0.751843;0.000000;0.751843;0.000000
6.826;0.724584;-0.070485;0.795069;-0.073144
6.827;0.672007;-0.115860;0.787867;-0.122130
6.828;0.606438;-0.120517;0.726955;-0.132145
6.829;0.575279;-0.083909;0.659188;-0.103146
6.830;0.617571;-0.020569;0.638140;-0.049788
6.831;0.720080;0.045529;0.674551;0.004247
6.832;0.816688;0.090104;0.726584;0.035362
6.833;0.836551;0.097697;0.738854;0.029093
6.834;0.761262;0.067340;0.693922;-0.014351
6.835;0.641102;0.012637;0.628466;-0.080158
6.836;0.555488;-0.043734;0.599222;-0.144571
6.837;0.551450;-0.078930;0.630381;-0.183946
6.838;0.612403;-0.078856;0.691259;-0.183763
6.839;0.681275;-0.043614;0.724889;-0.144139
6.840;0.713462;0.012561;0.700901;-0.079759
6.841;0.710470;0.066864;0.643606;-0.014251
6.842;0.706115;0.096827;0.609287;0.028833
6.843;0.723023;0.089142;0.633881;0.034976
6.844;0.744603;0.044984;0.699619;0.004192
6.845;0.731329;-0.020202;0.751532;-0.049048
6.846;0.665976;-0.082424;0.748400;-0.101409
6.847;0.582650;-0.118178;0.700828;-0.129661
6.848;0.547777;-0.113394;0.661170;-0.119595
6.849;0.605901;-0.068848;0.674749;-0.071482
6.850;0.737698;0.000000;0.737698;0.000000
6.851;0.869218;0.068707;0.800511;0.071340
6.852;0.926825;0.112930;0.813895;0.119118
6.853;0.891785;0.117449;0.774336;0.128886
6.854;0.808842;0.081734;0.727108;0.100602
6.855;0.744004;0.019962;0.724043;0.048560
6.856;0.730828;-0.044487;0.775315;-0.004142
6.857;0.752044;-0.087932;0.839976;-0.034490
6.858;0.768625;-0.095301;0.863925;-0.028375
6.859;0.764357;-0.065653;0.830010;0.013997
6.860;0.761501;-0.012263;0.773764;0.078181
6.861;0.793017;0.042743;0.750273;0.141005
6.862;0.860086;0.077087;0.782999;0.179410
6.863;0.919070;0.077014;0.842057;0.179230
6.864;0.914657;0.042626;0.872031;0.140584
6.865;0.831234;-0.012190;0.843424;0.077791
6.866;0.714786;-0.065188;0.779975;0.013899
6.867;0.642115;-0.094452;0.736567;-0.028121
6.868;0.661333;-0.086993;0.748326;-0.034113
6.869;0.754205;-0.043955;0.798160;-0.004088
6.870;0.852423;0.019606;0.832817;0.047838
6.871;0.892735;0.080287;0.812448;0.098908
6.872;0.862815;0.115170;0.747645;0.126463
6.873;0.800164;0.110526;0.689638;0.116645
6.874;0.749939;0.067112;0.682827;0.069719
6.875;0.723769;0.000000;0.723769;0.000000
6.876;0.697644;-0.066975;0.764618;-0.069580
6.877;0.647665;-0.110074;0.757739;-0.116180
6.878;0.585565;-0.114459;0.700024;-0.125707
6.879;0.556206;-0.079615;0.635822;-0.098120
6.880;0.596472;-0.019372;0.615844;-0.047363
6.881;0.693724;0.043469;0.650255;0.004040
6.882;0.785270;0.085813;0.699458;0.033639
6.883;0.803992;0.092963;0.711030;0.027676
6.884;0.732472;0.064009;0.668464;-0.013651
6.885;0.618378;0.011901;0.606477;-0.076253
6.886;0.536997;-0.041775;0.578772;-0.137528
6.887;0.532960;-0.075285;0.608245;-0.174984
6.888;0.590640;-0.075214;0.665854;-0.174810
6.889;0.656019;-0.041660;0.697679;-0.137116
6.890;0.686804;0.011830;0.674975;-0.075873
6.891;0.684305;0.063555;0.620750;-0.013556
6.892;0.680413;0.092135;0.588278;0.027428
6.893;0.696469;0.084896;0.611573;0.033272
6.894;0.716764;0.042948;0.673816;0.003988
6.895;0.703952;-0.019026;0.722978;-0.046658
6.896;0.641836;-0.078207;0.720043;-0.096468
6.897;0.562810;-0.112238;0.675049;-0.123343
6.898;0.529815;-0.107731;0.637546;-0.113768
6.899;0.585015;-0.065419;0.650434;-0.068000
6.900;0.710054;0.000000;0.710054;0.000000
6.901;0.834829;0.065286;0.769543;0.067864
6.902;0.889538;0.107291;0.782247;0.113314
6.903;0.856384;0.111546;0.744838;0.122606
6.904;0.777721;0.077552;0.700168;0.095700
6.905;0.716095;0.018799;0.697295;0.046194
6.906;0.703377;-0.042473;0.745850;-0.003940
6.907;0.723329;-0.083744;0.807073;-0.032809
6.908;0.739075;-0.090682;0.829757;-0.026993
6.909;0.735261;-0.062405;0.797667;0.013315
6.910;0.732885;-0.011549;0.744434;0.074372
6.911;0.763027;0.040828;0.722199;0.134135
6.912;0.826692;0.073525;0.753167;0.170668
6.913;0.882508;0.073455;0.809053;0.170498
6.914;0.878120;0.040716;0.837404;0.133734
6.915;0.798822;-0.011480;0.810302;0.074001
6.916;0.688252;-0.061963;0.750216;0.013222
6.917;0.619218;-0.089875;0.709093;-0.026751
6.918;0.637332;-0.082849;0.720181;-0.032451
6.919;0.725339;-0.041964;0.767303;-0.003889
6.920;0.818520;0.018464;0.800056;0.045507
6.921;0.856903;0.076180;0.780722;0.094089
6.922;0.828711;0.109381;0.719329;0.120301
6.923;0.769373;0.105008;0.664366;0.110962
6.924;0.721629;0.063770;0.657858;0.066322
6.925;0.696550;0.000000;0.696550;0.000000
6.926;0.671513;-0.063640;0.735153;-0.066190
6.927;0.624003;-0.104578;0.728581;-0.110519
6.928;0.565188;-0.108707;0.673895;-0.119582
6.929;0.537528;-0.075543;0.613071;-0.093340
6.930;0.575865;-0.018244;0.594109;-0.045055
6.931;0.668130;0.041500;0.626630;0.003843
6.932;0.754880;0.081725;0.673155;0.032000
6.933;0.772525;0.088457;0.684067;0.026327
6.934;0.704585;0.060842;0.643743;-0.012986
6.935;0.596250;0.011208;0.585042;-0.072537
6.936;0.518893;-0.039902;0.558795;-0.130827
6.937;0.514868;-0.071805;0.586674;-0.166459
6.938;0.569452;-0.071737;0.641189;-0.166292
6.939;0.631513;-0.039792;0.671305;-0.130435
6.940;0.660956;0.011141;0.649815;-0.072176
6.941;0.658907;0.060411;0.598496;-0.012896
6.942;0.655442;0.087670;0.567772;0.026091
6.943;0.670688;0.080852;0.589837;0.031650
6.944;0.689773;0.041002;0.648771;0.003793
6.945;0.677409;-0.017919;0.695328;-0.044385
6.946;0.618371;-0.074207;0.692578;-0.091768
6.947;0.543423;-0.106598;0.650021;-0.117334
6.948;0.512204;-0.102353;0.614557;-0.108225
6.949;0.564627;-0.062162;0.626790;-0.064686
6.950;0.683255;0.000000;0.683255;0.000000
6.951;0.801633;0.062036;0.739597;0.064557
6.952;0.853590;0.101934;0.751656;0.107793
6.953;0.822221;0.105940;0.716280;0.116632
6.954;0.747616;0.073586;0.674030;0.091037
6.955;0.689043;0.017705;0.671338;0.043944
6.956;0.676771;-0.040548;0.717319;-0.003748
6.957;0.695533;-0.079754;0.775287;-0.031211
6.958;0.710485;-0.086287;0.796773;-0.025678
6.959;0.707090;-0.059318;0.766408;0.012666
6.960;0.705151;-0.010877;0.716028;0.070748
6.961;0.733977;0.038996;0.694981;0.127600
6.962;0.794412;0.070125;0.724286;0.162353
6.963;0.847229;0.070059;0.777170;0.162191
6.964;0.842875;0.038889;0.803986;0.127218
6.965;0.767498;-0.010812;0.778310;0.070396
6.966;0.662509;-0.058898;0.721407;0.012578
6.967;0.596931;-0.085519;0.682450;-0.025448
6.968;0.614003;-0.078902;0.692905;-0.030870
6.969;0.697401;-0.040062;0.737462;-0.003700
6.970;0.785804;0.017389;0.768415;0.043290
6.971;0.822349;0.072285;0.750064;0.089504
6.972;0.795786;0.103885;0.691901;0.114439
6.973;0.739586;0.099765;0.639821;0.105555
6.974;0.694200;0.060595;0.633604;0.063091
6.975;0.670168;0.000000;0.670168;0.000000
6.976;0.646176;-0.060472;0.706648;-0.062965
6.977;0.601013;-0.099357;0.700371;-0.105134
6.978;0.545309;-0.103245;0.648554;-0.113755
6.979;0.519250;-0.071680;0.590930;-0.088792
6.980;0.555750;-0.017182;0.572931;-0.042860
6.981;0.643284;0.039618;0.603666;0.003656
6.982;0.725489;0.077830;0.647659;0.030441
6.983;0.742119;0.084170;0.657949;0.025044
6.984;0.677580;0.057832;0.619748;-0.012353
6.985;0.574714;0.010555;0.564159;-0.069003
6.986;0.501182;-0.038110;0.539293;-0.124452
6.987;0.497179;-0.068484;0.565663;-0.158348
6.988;0.548831;-0.068419;0.617250;-0.158190
6.989;0.607745;-0.038005;0.645750;-0.124080
6.990;0.635901;0.010492;0.625409;-0.068659
6.991;0.634263;0.057423;0.576840;-0.012267
6.992;0.631190;0.083421;0.547770;0.024820
6.993;0.645668;0.076998;0.568669;0.030108
6.994;0.663613;0.039142;0.624470;0.003608
6.995;0.651685;-0.016875;0.668560;-0.042222
6.996;0.595571;-0.070413;0.665984;-0.087296
6.997;0.524490;-0.101242;0.625732;-0.111616
6.998;0.494953;-0.097243;0.592197;-0.102951
6.999;0.544739;-0.059068;0.603807;-0.061534
7.000;0.657285;0.000000;0.657285;0.000000
7.001;0.769594;0.058947;0.710647;0.061412
7.002;0.818938;0.096846;0.722092;0.102541
7.003;0.789258;0.100618;0.688640;0.110949
7.004;0.718502;0.069824;0.648678;0.086601
7.005;0.662830;0.016674;0.646156;0.041803
7.006;0.650992;-0.038708;0.689700;-0.003565
7.007;0.668633;-0.075953;0.744586;-0.029690
7.008;0.682832;-0.082105;0.764936;-0.024427
7.009;0.679822;-0.056384;0.736206;0.012049
7.010;0.678281;-0.010243;0.688524;0.067301
7.011;0.705847;0.037244;0.668603;0.121382
7.012;0.763214;0.066881;0.696334;0.154442
7.013;0.813193;0.066817;0.746376;0.154288
7.014;0.808882;0.037142;0.771741;0.121019
7.015;0.737233;-0.010182;0.747415;0.066965
7.016;0.637543;-0.055985;0.693528;0.011965
7.017;0.575247;-0.081374;0.656621;-0.024208
7.018;0.591338;-0.075141;0.666479;-0.029366
7.019;0.670367;-0.038244;0.708611;-0.003519
7.020;0.754239;0.016377;0.737862;0.041181
7.021;0.789033;0.068589;0.720444;0.085143
7.022;0.764007;0.098667;0.665340;0.108863
7.023;0.710778;0.094786;0.615992;0.100412
7.024;0.667633;0.057579;0.610054;0.060016
7.025;0.644606;0.000000;0.644606;0.000000
7.026;0.621618;-0.057462;0.679080;-0.059897
7.027;0.578685;-0.094398;0.673084;-0.100011
7.028;0.525927;-0.098058;0.623985;-0.108212
7.029;0.501377;-0.068016;0.569393;-0.084465
7.030;0.536128;-0.016181;0.552309;-0.040771
7.031;0.619174;0.037819;0.581355;0.003478
7.032;0.697074;0.074120;0.622954;0.028958
7.033;0.712747;0.080090;0.632657;0.023824
7.034;0.651438;0.054972;0.596467;-0.011751
7.035;0.553764;0.009941;0.543824;-0.065641
7.036;0.483869;-0.036397;0.520266;-0.118388
7.037;0.479895;-0.065314;0.545209;-0.150632
7.038;0.528774;-0.065252;0.594026;-0.150482
7.039;0.584699;-0.036297;0.620995;-0.118034
7.040;0.611623;0.009881;0.601742;-0.065314
7.041;0.610359;0.054583;0.555776;-0.011670
7.042;0.607647;0.079377;0.528271;0.023611
7.043;0.621394;0.073328;0.548066;0.028641
7.044;0.638266;0.037365;0.600901;0.003433
7.045;0.626761;-0.015893;0.642654;-0.040165
7.046;0.573427;-0.066814;0.640241;-0.083042
7.047;0.506013;-0.096157;0.602170;-0.106178
7.048;0.478068;-0.092390;0.570458;-0.097935
7.049;0.525350;-0.056128;0.581478;-0.058536
7.050;0.632127;0.000000;0.632127;0.000000
7.051;0.738679;0.056013;0.682665;0.058419
7.052;0.785542;0.092012;0.693529;0.097544
7.053;0.757460;0.095564;0.661895;0.105543
7.054;0.690354;0.066255;0.624098;0.082381
7.055;0.637439;0.015703;0.621736;0.039766
7.056;0.626022;-0.036950;0.662972;-0.003392
7.057;0.642608;-0.072332;0.714939;-0.028243
7.058;0.656090;-0.078125;0.734215;-0.023236
7.059;0.653435;-0.053595;0.707030;0.011462
7.060;0.652256;-0.009647;0.661903;0.064021
7.061;0.678615;0.035569;0.643046;0.115467
7.062;0.733071;0.063784;0.669288;0.146916
7.063;0.780365;0.063723;0.716642;0.146769
7.064;0.776104;0.035471;0.740633;0.115122
7.065;0.707997;-0.009589;0.717586;0.063702
7.066;0.613339;-0.053216;0.666555;0.011382
7.067;0.554161;-0.077429;0.631590;-0.023028
7.068;0.569327;-0.071558;0.640885;-0.027935
7.069;0.644217;-0.036506;0.680723;-0.003348
7.070;0.723789;0.015423;0.708366;0.039174
7.071;0.756917;0.065084;0.691833;0.080994
7.072;0.733339;0.093711;0.639628;0.103558
7.073;0.682924;0.090055;0.592869;0.095519
7.074;0.641909;0.054713;0.587196;0.057092
7.075;0.619847;0.000000;0.619847;0.000000
7.076;0.597822;-0.054602;0.652424;-0.056978
7.077;0.557010;-0.089687;0.646697;-0.095138
7.078;0.507041;-0.093134;0.600175;-0.102939
7.079;0.483914;-0.064540;0.548454;-0.080349
7.080;0.516999;-0.015239;0.532238;-0.038785
7.081;0.595788;0.036101;0.559687;0.003308
7.082;0.669608;0.070586;0.599022;0.027547
7.083;0.684378;0.076208;0.608171;0.022663
7.084;0.626139;0.052253;0.573886;-0.011179
7.085;0.533395;0.009362;0.524033;-0.062442
7.086;0.466956;-0.034759;0.501715;-0.112619
7.087;0.463019;-0.062289;0.525308;-0.143292
7.088;0.509273;-0.062230;0.571503;-0.143149
7.089;0.562361;-0.034663;0.597024;-0.112282
7.090;0.588107;0.009306;0.578800;-0.062131
7.091;0.587181;0.051883;0.535298;-0.011101
7.092;0.584802;0.075529;0.509273;0.022460
7.093;0.597854;0.069831;0.528023;0.027245
7.094;0.613716;0.035667;0.578049;0.003265
7.095;0.602622;-0.014967;0.617590;-0.038208
7.096;0.551929;-0.063400;0.615329;-0.078996
7.097;0.487993;-0.091328;0.579321;-0.101004
7.098;0.461554;-0.087780;0.549333;-0.093162
7.099;0.506459;-0.053335;0.559794;-0.055683
7.100;0.607763;0.000000;0.607763;0.000000
7.101;0.708853;0.053226;0.655628;0.055572
7.102;0.753360;0.087421;0.665939;0.092791
7.103;0.726791;0.090765;0.636025;0.100400
7.104;0.663146;0.062870;0.600276;0.078367
7.105;0.612852;0.014789;0.598063;0.037828
7.106;0.601843;-0.035270;0.637114;-0.003226
7.107;0.617436;-0.068882;0.686318;-0.026867
7.108;0.630238;-0.074337;0.704575;-0.022104
7.109;0.627908;-0.050945;0.678853;0.010903
7.110;0.627059;-0.009085;0.636144;0.060902
7.111;0.652261;0.033967;0.618295;0.109841
7.112;0.703954;0.060828;0.643126;0.139757
7.113;0.748707;0.060770;0.687936;0.139617
7.114;0.744501;0.033873;0.710628;0.109512
7.115;0.679762;-0.009031;0.688793;0.060598
7.116;0.589882;-0.050584;0.640466;0.010827
7.117;0.533667;-0.073675;0.607342;-0.021906
7.118;0.547960;-0.068146;0.616105;-0.026573
7.119;0.618928;-0.034846;0.653774;-0.003185
7.120;0.694422;0.014525;0.679896;0.037265
7.121;0.725962;0.061759;0.664203;0.077047
7.122;0.703750;0.089006;0.614744;0.098512
7.123;0.656000;0.085562;0.570438;0.090864
7.124;0.617010;0.051991;0.565019;0.054310
7.125;0.595873;0.000000;0.595873;0.000000
7.126;0.574773;-0.051885;0.626658;-0.054201
7.127;0.535975;-0.085212;0.621187;-0.090502
7.128;0.488649;-0.088457;0.577106;-0.097923
7.129;0.466863;-0.061243;0.528106;-0.076434
7.130;0.498362;-0.014352;0.512714;-0.036895
7.131;0.573112;0.034459;0.538654;0.003147
7.132;0.643066;0.067219;0.575847;0.026204
7.133;0.656986;0.072513;0.584473;0.021559
7.134;0.601663;0.049669;0.551993;-0.010634
7.135;0.513600;0.008817;0.504783;-0.059399
7.136;0.450446;-0.033193;0.483638;-0.107131
7.137;0.446553;-0.059401;0.505954;-0.136309
7.138;0.490323;-0.059345;0.549668;-0.136173
7.139;0.540718;-0.033101;0.573819;-0.106810
7.140;0.565334;0.008764;0.556570;-0.059103
7.141;0.564716;0.049318;0.515399;-0.010560
7.142;0.562642;0.071867;0.490775;0.021366
7.143;0.575035;0.066500;0.508535;0.025918
7.144;0.589945;0.034044;0.555901;0.003106
7.145;0.579250;-0.014096;0.593346;-0.036346
7.146;0.531068;-0.060161;0.591229;-0.075146
7.147;0.470430;-0.086742;0.557172;-0.096081
7.148;0.445415;-0.083400;0.528815;-0.088622
7.149;0.488063;-0.050681;0.538744;-0.052970
7.150;0.584176;0.000000;0.584176;0.000000
7.151;0.680085;0.050577;0.629508;0.052864
7.152;0.722355;0.083059;0.639296;0.088269
7.153;0.697216;0.086208;0.611008;0.095507
7.154;0.636855;0.059659;0.577196;0.074548
7.155;0.589051;0.013928;0.575123;0.035984
7.156;0.578439;-0.033665;0.612104;-0.003069
7.157;0.593096;-0.065596;0.658692;-0.025558
7.158;0.605252;-0.070733;0.675985;-0.021027
7.159;0.603221;-0.048425;0.651647;0.010372
7.160;0.602670;-0.008556;0.611226;0.057934
7.161;0.626766;0.032435;0.594330;0.104488
7.162;0.675836;0.058008;0.617828;0.132946
7.163;0.718183;0.057953;0.660231;0.132813
7.164;0.714039;0.032346;0.681693;0.104175
7.165;0.652501;-0.008505;0.661007;0.057645
7.166;0.567157;-0.048083;0.615240;0.010299
7.167;0.513756;-0.070103;0.583859;-0.020839
7.168;0.527226;-0.064895;0.592121;-0.025278
7.169;0.594479;-0.033260;0.627738;-0.003030
7.170;0.666103;0.013679;0.652424;0.035449
7.171;0.696133;0.058605;0.637528;0.073292
7.172;0.675207;0.084537;0.590670;0.093711
7.173;0.629981;0.081293;0.548688;0.086436
7.174;0.592916;0.049404;0.543512;0.051663
7.175;0.572668;0.000000;0.572668;0.000000
7.176;0.552454;-0.049303;0.601758;-0.051560
7.177;0.515572;-0.080961;0.596533;-0.086091
7.178;0.470748;-0.084016;0.554764;-0.093151
7.179;0.450226;-0.058115;0.508341;-0.072709
7.180;0.480215;-0.013516;0.493731;-0.035097
7.181;0.551134;0.032890;0.518245;0.002994
7.182;0.617425;0.064012;0.553413;0.024927
7.183;0.630543;0.068997;0.561546;0.020508
7.184;0.577989;0.047213;0.530776;-0.010116
7.185;0.494371;0.008304;0.486067;-0.056504
7.186;0.434340;-0.031695;0.466035;-0.101910
7.187;0.430497;-0.056646;0.487143;-0.129666
7.188;0.471917;-0.056592;0.528509;-0.129536
7.189;0.519756;-0.031607;0.551363;-0.101605
7.190;0.543290;0.008254;0.535036;-0.056223
7.191;0.542950;0.046879;0.496071;-0.010045
7.192;0.541155;0.068382;0.472773;0.020324
7.193;0.552922;0.063327;0.489595;0.024655
7.194;0.566936;0.032493;0.534443;0.002955
7.195;0.556629;-0.013275;0.569904;-0.034574
7.196;0.510833;-0.057089;0.567921;-0.071484
7.197;0.453322;-0.082388;0.535710;-0.091399
7.198;0.429656;-0.079240;0.508896;-0.084303
7.199;0.470160;-0.048159;0.518320;-0.050388
7.200;0.561348;0.000000;0.561348;0.000000
7.201;0.652343;0.048061;0.604282;0.050288
7.202;0.692488;0.078916;0.613572;0.083967
7.203;0.668704;0.081881;0.586823;0.090853
7.204;0.611455;0.056612;0.554843;0.070915
7.205;0.566019;0.013117;0.552902;0.034231
7.206;0.555791;-0.032131;0.587923;-0.002920
7.207;0.569567;-0.062466;0.632034;-0.024312
7.208;0.581109;-0.067303;0.648413;-0.020002
7.209;0.579353;-0.046031;0.625384;0.009866
7.210;0.579071;-0.008058;0.587129;0.055110
7.211;0.602108;0.030971;0.571137;0.099396
7.212;0.648688;0.055316;0.593372;0.126467
7.213;0.688759;0.055263;0.633496;0.126341
7.214;0.684681;0.030885;0.653796;0.099098
7.215;0.626187;-0.008010;0.634197;0.054836
7.216;0.545150;-0.045705;0.590856;0.009797
7.217;0.494422;-0.066704;0.561126;-0.019823
7.218;0.507117;-0.061798;0.568915;-0.024046
7.219;0.570848;-0.031744;0.602592;-0.002882
7.220;0.638802;0.012883;0.625920;0.033721
7.221;0.667393;0.055613;0.611780;0.069720
7.222;0.647681;0.080294;0.567387;0.089144
7.223;0.604845;0.077238;0.527607;0.082223
7.224;0.569608;0.046946;0.522662;0.049145
7.225;0.550213;0.000000;0.550213;0.000000
7.226;0.530851;-0.046851;0.577701;-0.049047
7.227;0.495789;-0.076923;0.572712;-0.081895
7.228;0.453334;-0.079799;0.533134;-0.088611
7.229;0.434004;-0.055148;0.489152;-0.069165
7.230;0.462555;-0.012729;0.475284;-0.033386
7.231;0.529840;0.031390;0.498450;0.002848
7.232;0.592660;0.060957;0.531703;0.023712
7.233;0.605022;0.065651;0.539371;0.019509
7.234;0.555099;0.044879;0.510220;-0.009623
7.235;0.475701;0.007820;0.467881;-0.053751
7.236;0.418639;-0.030263;0.448903;-0.096943
7.237;0.414851;-0.054017;0.468868;-0.123347
7.238;0.454046;-0.053965;0.508011;-0.123223
7.239;0.499458;-0.030180;0.529638;-0.096653
7.240;0.521957;0.007773;0.514184;-0.053483
7.241;0.521869;0.044561;0.477308;-0.009556
7.242;0.520330;0.065066;0.455263;0.019334
7.243;0.531502;0.060305;0.471197;0.023453
7.244;0.544673;0.031012;0.513661;0.002811
7.245;0.534740;-0.012502;0.547243;-0.032889
7.246;0.491212;-0.054175;0.545387;-0.068000
7.247;0.436668;-0.078253;0.514921;-0.086945
7.248;0.414278;-0.075288;0.489565;-0.080195
7.249;0.452746;-0.045764;0.498510;-0.047933
7.250;0.539262;0.000000;0.539262;0.000000
7.251;0.625595;0.045670;0.579925;0.047837
7.252;0.663723;0.074980;0.588743;0.079875
7.253;0.641220;0.077771;0.563449;0.086425
7.254;0.586924;0.053722;0.533202;0.067459
7.255;0.543738;0.012353;0.531385;0.032562
7.256;0.533883;-0.030666;0.564549;-0.002777
7.257;0.546830;-0.059485;0.606314;-0.023127
7.258;0.557789;-0.064040;0.621828;-0.019027
7.259;0.556283;-0.043755;0.600039;0.009385
7.260;0.556245;-0.007589;0.563834;0.052424
7.261;0.578267;0.029571;0.548696;0.094551
7.262;0.622484;0.052748;0.569736;0.120303
7.263;0.660402;0.052697;0.607704;0.120183
7.264;0.656394;0.029489;0.626904;0.094268
7.265;0.600792;-0.007544;0.608336;0.052163
7.266;0.523845;-0.043446;0.567291;0.009320
7.267;0.475657;-0.063469;0.539126;-0.018857
7.268;0.487620;-0.058848;0.546468;-0.022874
7.269;0.548015;-0.030296;0.578311;-0.002742
7.270;0.612488;0.012133;0.600355;0.032078
7.271;0.639708;0.052774;0.586934;0.066322
7.272;0.621140;0.076265;0.544875;0.084799
7.273;0.580567;0.073386;0.507181;0.078216
7.274;0.547069;0.044611;0.502458;0.046750
7.275;0.528492;0.000000;0.528492;0.000000
7.276;0.509947;-0.044520;0.554467;-0.046657
7.277;0.476615;-0.073087;0.549701;-0.077904
7.278;0.436404;-0.075795;0.512199;-0.084292
7.279;0.418198;-0.052334;0.470531;-0.065794
7.280;0.445379;-0.011988;0.457367;-0.031759
7.281;0.509217;0.029958;0.479258;0.002709
7.282;0.568748;0.058048;0.510701;0.022557
7.283;0.580397;0.062467;0.517929;0.018558
7.284;0.532973;0.042660;0.490313;-0.009154
7.285;0.457583;0.007365;0.450218;-0.051131
7.286;0.403343;-0.028895;0.432238;-0.092219
7.287;0.399614;-0.051508;0.451121;-0.117335
7.288;0.436704;-0.051459;0.488162;-0.117218
7.289;0.479813;-0.028815;0.508628;-0.091943
7.290;0.501321;0.007321;0.494000;-0.050876
7.291;0.501458;0.042358;0.459100;-0.009090
7.292;0.500153;0.061911;0.438242;0.018392
7.293;0.510761;0.057426;0.453335;0.022310
7.294;0.523138;0.029597;0.493541;0.002674
7.295;0.513569;-0.011774;0.525343;-0.031286
7.296;0.472196;-0.051410;0.523606;-0.064686
7.297;0.420465;-0.074327;0.494792;-0.082707
7.298;0.399282;-0.071533;0.470815;-0.076286
7.299;0.435818;-0.043488;0.479305;-0.045597
7.300;0.517901;0.000000;0.517901;0.000000
7.301;0.599812;0.043399;0.556413;0.045506
7.302;0.636025;0.071241;0.564784;0.075982
7.303;0.614734;0.073869;0.540865;0.082213
7.304;0.563238;0.050981;0.512257;0.064171
7.305;0.522190;0.011634;0.510556;0.030975
7.306;0.512696;-0.029266;0.541963;-0.002642
7.307;0.524862;-0.056645;0.581507;-0.022000
7.308;0.535268;-0.060934;0.596201;-0.018100
7.309;0.533992;-0.041592;0.575584;0.008928
7.310;0.534172;-0.007147;0.541319;0.049869
7.311;0.555224;0.028234;0.526990;0.089943
7.312;0.597197;0.050297;0.546900;0.114440
7.313;0.633077;0.050249;0.582828;0.114326
7.314;0.629143;0.028155;0.600988;0.089674
7.315;0.576291;-0.007104;0.583396;0.049621
7.316;0.503227;-0.041298;0.544525;0.008866
7.317;0.457451;-0.060391;0.517842;-0.017938
7.318;0.468725;-0.056038;0.524764;-0.021760
7.319;0.525959;-0.028913;0.554872;-0.002608
7.320;0.587128;0.011426;0.575702;0.030514
7.321;0.613044;0.050081;0.562962;0.063090
7.322;0.595554;0.072438;0.523116;0.080666
7.323;0.557126;0.069727;0.487399;0.074404
7.324;0.525280;0.042393;0.482888;0.044472
7.325;0.507488;0.000000;0.507488;0.000000
7.326;0.489726;-0.042306;0.532032;-0.044383
7.327;0.458039;-0.069442;0.527481;-0.074107
7.328;0.419953;-0.071992;0.491945;-0.080184
7.329;0.402805;-0.049663;0.452469;-0.062588
7.330;0.428683;-0.011290;0.439973;-0.030211
7.331;0.489250;0.028590;0.460660;0.002577
7.332;0.545666;0.055276;0.490390;0.021457
7.333;0.556642;0.059438;0.497204;0.017653
7.334;0.511593;0.040551;0.471042;-0.008708
7.335;0.440007;0.006936;0.433071;-0.048639
7.336;0.388449;-0.027587;0.416036;-0.087724
7.337;0.384784;-0.049114;0.433898;-0.111616
7.338;0.419881;-0.049067;0.468949;-0.111505
7.339;0.460804;-0.027510;0.488315;-0.087461
7.340;0.481364;0.006894;0.474469;-0.048396
7.341;0.481704;0.040264;0.441440;-0.008647
7.342;0.480613;0.058908;0.421705;0.017495
7.343;0.490684;0.054684;0.436000;0.021223
7.344;0.502314;0.028245;0.474069;0.002544
7.345;0.493097;-0.011089;0.504186;-0.029762
7.346;0.453773;-0.048787;0.502560;-0.061533
7.347;0.404710;-0.070598;0.475308;-0.078676
7.348;0.384669;-0.067967;0.452636;-0.072568
7.349;0.419369;-0.041325;0.460694;-0.043374
7.350;0.497249;0.000000;0.497249;0.000000
7.351;0.574964;0.041241;0.533723;0.043288
7.352;0.609358;0.067689;0.541668;0.072279
7.353;0.589215;0.070164;0.519051;0.078206
7.354;0.540373;0.048380;0.491993;0.061043
7.355;0.501358;0.010956;0.490401;0.029466
7.356;0.492214;-0.027929;0.520144;-0.002513
7.357;0.503646;-0.053940;0.557585;-0.020928
7.358;0.513525;-0.057978;0.571503;-0.017218
7.359;0.512459;-0.039536;0.551996;0.008493
7.360;0.512836;-0.006731;0.519567;0.047439
7.361;0.532958;0.026955;0.506003;0.085559
7.362;0.572802;0.047958;0.524844;0.108862
7.363;0.606754;0.047913;0.558841;0.108754
7.364;0.602896;0.026880;0.576016;0.085303
7.365;0.552658;-0.006691;0.559349;0.047202
7.366;0.483281;-0.039257;0.522538;0.008434
7.367;0.439797;-0.057462;0.497259;-0.017064
7.368;0.450421;-0.053362;0.503783;-0.020699
7.369;0.504659;-0.027592;0.532251;-0.002481
7.370;0.562695;0.010761;0.551934;0.029027
7.371;0.587368;0.047527;0.539842;0.060015
7.372;0.570895;0.068805;0.502090;0.076735
7.373;0.534497;0.066251;0.468246;0.070778
7.374;0.504222;0.040285;0.463938;0.042304
7.375;0.487183;0.000000;0.487183;0.000000
7.376;0.470172;-0.040202;0.510374;-0.042220
7.377;0.440048;-0.065980;0.506029;-0.070495
7.378;0.403975;-0.068381;0.472357;-0.076276
7.379;0.387826;-0.047130;0.434956;-0.059537
7.380;0.412462;-0.010633;0.423095;-0.028739
7.381;0.469927;0.027283;0.442643;0.002451
7.382;0.523389;0.052636;0.470753;0.020411
7.383;0.533732;0.056555;0.477177;0.016793
7.384;0.490939;0.038547;0.452392;-0.008283
7.385;0.422966;0.006532;0.416434;-0.046268
7.386;0.373958;-0.026337;0.400294;-0.083448
7.387;0.370359;-0.046830;0.417188;-0.106176
7.388;0.403571;-0.046785;0.450356;-0.106070
7.389;0.442419;-0.026263;0.468682;-0.083198
7.390;0.462070;0.006493;0.455577;-0.046038
7.391;0.462592;0.038274;0.424318;-0.008226
7.392;0.461697;0.056051;0.405646;0.016642
7.393;0.471258;0.052072;0.419186;0.020188
7.394;0.482184;0.026953;0.455231;0.002420
7.395;0.473309;-0.010443;0.483752;-0.028311
7.396;0.435932;-0.046299;0.482231;-0.058534
7.397;0.389398;-0.067057;0.456456;-0.074841
7.398;0.370439;-0.064578;0.435017;-0.069031
7.399;0.403396;-0.039270;0.442666;-0.041260
7.400;0.477287;0.000000;0.477287;0.000000
7.401;0.551023;0.039190;0.511832;0.041178
7.402;0.583688;0.064315;0.519374;0.068756
7.403;0.564631;0.066645;0.497987;0.074394
7.404;0.518308;0.045913;0.472396;0.058068
7.405;0.481225;0.010318;0.470906;0.028029
7.406;0.472420;-0.026652;0.499072;-0.002391
7.407;0.483160;-0.051363;0.534523;-0.019908
7.408;0.492540;-0.055166;0.547706;-0.016378
7.409;0.491666;-0.037582;0.529248;0.008079
7.410;0.492217;-0.006339;0.498556;0.045127
7.411;0.511451;0.025733;0.485718;0.081389
7.412;0.549273;0.045727;0.503546;0.103556
7.413;0.581400;0.045684;0.535716;0.103453
7.414;0.577622;0.025661;0.551961;0.081146
7.415;0.529868;-0.006301;0.536169;0.044902
7.416;0.463992;-0.037317;0.501309;0.008023
7.417;0.422685;-0.054675;0.477360;-0.016232
7.418;0.432696;-0.050813;0.483509;-0.019690
7.419;0.484096;-0.026330;0.510426;-0.002360
7.420;0.539160;0.010134;0.529025;0.027612
7.421;0.562650;0.045103;0.517547;0.057090
7.422;0.547134;0.065354;0.481780;0.072995
7.423;0.512659;0.062948;0.449711;0.067328
7.424;0.483878;0.038282;0.445596;0.040242
7.425;0.467560;0.000000;0.467560;0.000000
7.426;0.451270;-0.038204;0.489474;-0.040162
7.427;0.422633;-0.062691;0.485324;-0.067059
7.428;0.388466;-0.064952;0.453418;-0.072558
7.429;0.373257;-0.044727;0.417984;-0.056635
7.430;0.396712;-0.010014;0.406725;-0.027338
7.431;0.451233;0.026035;0.425198;0.002332
7.432;0.501897;0.050121;0.451776;0.019417
7.433;0.511643;0.053811;0.457832;0.015974
7.434;0.470992;0.036642;0.434351;-0.007880
7.435;0.406449;0.006152;0.400298;-0.044013
7.436;0.359865;-0.025142;0.385007;-0.079381
7.437;0.356336;-0.044651;0.400986;-0.101001
7.438;0.387764;-0.044608;0.432372;-0.100900
7.439;0.424642;-0.025072;0.449713;-0.079143
7.440;0.443424;0.006115;0.437309;-0.043794
7.441;0.444108;0.036383;0.407726;-0.007825
7.442;0.443391;0.053332;0.390059;0.015831
7.443;0.452468;0.049584;0.402884;0.019204
7.444;0.462733;0.025720;0.437013;0.002302
7.445;0.454188;-0.009835;0.464022;-0.026931
7.446;0.418661;-0.043938;0.462599;-0.055681
7.447;0.374527;-0.063695;0.438222;-0.071193
7.448;0.356590;-0.061360;0.417950;-0.065666
7.449;0.387892;-0.037318;0.425210;-0.039249
7.450;0.458000;0.000000;0.458000;0.000000
7.451;0.527959;0.037242;0.490717;0.039171
7.452;0.558985;0.061109;0.497876;0.065404
7.453;0.540955;0.063303;0.477652;0.070768
7.454;0.497021;0.043572;0.453448;0.055238
7.455;0.461773;0.009718;0.452055;0.026663
7.456;0.453296;-0.025432;0.478728;-0.002274
7.457;0.463385;-0.048909;0.512294;-0.018937
7.458;0.472290;-0.052490;0.524780;-0.015580
7.459;0.471591;-0.035725;0.507316;0.007685
7.460;0.472299;-0.005970;0.478269;0.042927
7.461;0.490681;0.024565;0.466117;0.077422
7.462;0.526585;0.043599;0.482987;0.098509
7.463;0.556985;0.043557;0.513428;0.098410
7.464;0.553288;0.024496;0.528792;0.077190
7.465;0.507897;-0.005934;0.513831;0.042713
7.466;0.445345;-0.035472;0.480817;0.007632
7.467;0.406106;-0.052022;0.458128;-0.015441
7.468;0.415539;-0.048385;0.463924;-0.018730
7.469;0.464249;-0.025124;0.489374;-0.002245
7.470;0.516493;0.009544;0.506949;0.026266
7.471;0.538857;0.042804;0.496053;0.054307
7.472;0.524245;0.062078;0.462167;0.069437
7.473;0.491590;0.059811;0.431779;0.064046
7.474;0.464229;0.036379;0.427850;0.038281
7.475;0.448603;0.000000;0.448603;0.000000
7.476;0.433005;-0.036305;0.469310;-0.038204
7.477;0.405780;-0.059567;0.465347;-0.063790
7.478;0.373418;-0.061696;0.435114;-0.069021
7.479;0.359096;-0.042447;0.401543;-0.053875
7.480;0.381425;-0.009431;0.390856;-0.026005
7.481;0.433154;0.024843;0.408311;0.002218
7.482;0.481168;0.047726;0.433441;0.018470
7.483;0.490350;0.051201;0.439149;0.015196
7.484;0.451735;0.034831;0.416904;-0.007495
7.485;0.390449;0.005794;0.384656;-0.041868
7.486;0.346169;-0.024000;0.370169;-0.075512
7.487;0.342711;-0.042571;0.385282;-0.096078
7.488;0.372451;-0.042531;0.414982;-0.095982
7.489;0.407459;-0.023933;0.431392;-0.075286
7.490;0.425410;0.005759;0.419651;-0.041659
7.491;0.426238;0.034585;0.391653;-0.007443
7.492;0.425682;0.050745;0.374937;0.015060
7.493;0.434300;0.047215;0.387086;0.018268
7.494;0.443942;0.024542;0.419400;0.002189
7.495;0.435716;-0.009262;0.444979;-0.025618
7.496;0.401948;-0.041699;0.443647;-0.052967
7.497;0.360090;-0.060502;0.420591;-0.067723
7.498;0.343121;-0.058302;0.401423;-0.062466
7.499;0.372851;-0.035463;0.408314;-0.037336
7.500;0.439369;0.000000;0.439369;0.000000
7.501;0.505748;0.035391;0.470357;0.037261
7.502;0.535215;0.058064;0.477151;0.062216
7.503;0.518158;0.060129;0.458028;0.067318
7.504;0.476488;0.041351;0.435137;0.052545
7.505;0.442985;0.009152;0.433833;0.025364
7.506;0.434826;-0.024267;0.459093;-0.002163
7.507;0.444302;-0.046572;0.490874;-0.018014
7.508;0.452757;-0.049944;0.502701;-0.014821
7.509;0.452217;-0.033960;0.486176;0.007311
7.510;0.453064;-0.005622;0.458686;0.040835
7.511;0.470632;0.023448;0.447183;0.073648
7.512;0.504714;0.041568;0.463146;0.093707
7.513;0.533480;0.041528;0.491951;0.093613
7.514;0.529866;0.023383;0.506483;0.073428
7.515;0.486719;-0.005589;0.492308;0.040631
7.516;0.427324;-0.033720;0.461044;0.007260
7.517;0.390049;-0.049498;0.439548;-0.014688
7.518;0.398938;-0.046073;0.445011;-0.017817
7.519;0.445100;-0.023973;0.469073;-0.002135
7.520;0.494669;0.008989;0.485680;0.024986
7.521;0.515960;0.040623;0.475338;0.051660
7.522;0.502199;0.058966;0.443233;0.066052
7.523;0.471269;0.056831;0.414439;0.060924
7.524;0.445257;0.034571;0.410686;0.036415
7.525;0.430296;0.000000;0.430296;0.000000
7.526;0.415360;-0.034500;0.449860;-0.036342
7.527;0.389478;-0.056599;0.446077;-0.060681
7.528;0.358826;-0.058603;0.417429;-0.065657
7.529;0.345339;-0.040284;0.385623;-0.051248
7.530;0.366597;-0.008881;0.375478;-0.024738
7.531;0.415677;0.023704;0.391972;0.002110
7.532;0.461178;0.045445;0.415733;0.017570
7.533;0.469831;0.048717;0.421114;0.014455
7.534;0.433149;0.033110;0.400039;-0.007130
7.535;0.374955;0.005456;0.369499;-0.039827
7.536;0.332865;-0.022909;0.355774;-0.071831
7.537;0.329481;-0.040588;0.370069;-0.091395
7.538;0.357624;-0.040549;0.398173;-0.091303
7.539;0.390856;-0.022845;0.413701;-0.071616
7.540;0.408012;0.005424;0.402588;-0.039628
7.541;0.408967;0.032876;0.376091;-0.007080
7.542;0.408558;0.048283;0.360275;0.014326
7.543;0.416740;0.044958;0.371782;0.017378
7.544;0.425795;0.023417;0.402379;0.002083
7.545;0.417879;-0.008723;0.426602;-0.024370
7.546;0.385783;-0.039574;0.425357;-0.050385
7.547;0.346082;-0.057469;0.403551;-0.064422
7.548;0.330029;-0.055397;0.385426;-0.059421
7.549;0.358267;-0.033701;0.391967;-0.035516
7.550;0.421380;0.000000;0.421380;0.000000
7.551;0.484360;0.033632;0.450728;0.035445
7.552;0.512349;0.055171;0.457178;0.059184
7.553;0.496211;0.057116;0.439096;0.064037
7.554;0.456690;0.039245;0.417445;0.049984
7.555;0.424845;0.008619;0.416226;0.024127
7.556;0.416993;-0.023155;0.440147;-0.002058
7.557;0.425893;-0.044345;0.470239;-0.017136
7.558;0.433920;-0.047520;0.481441;-0.014098
7.559;0.433524;-0.032282;0.465806;0.006954
7.560;0.434494;-0.005295;0.439788;0.038844
7.561;0.451282;0.022382;0.428900;0.070058
7.562;0.483636;0.039631;0.444005;0.089139
7.563;0.510855;0.039593;0.471262;0.089050
7.564;0.507326;0.022319;0.485006;0.069848
7.565;0.466313;-0.005263;0.471576;0.038650
7.566;0.409915;-0.032053;0.441968;0.006906
7.567;0.374506;-0.047097;0.421603;-0.013972
7.568;0.382882;-0.043870;0.426752;-0.016949
7.569;0.426629;-0.022874;0.449502;-0.002031
7.570;0.473660;0.008465;0.465195;0.023768
7.571;0.493930;0.038553;0.455377;0.049142
7.572;0.480971;0.056011;0.424960;0.062832
7.573;0.451675;0.053999;0.397675;0.057954
7.574;0.426945;0.032853;0.394092;0.034640
7.575;0.412620;0.000000;0.412620;0.000000
7.576;0.398321;-0.032786;0.431106;-0.034570
7.577;0.373714;-0.053779;0.427494;-0.057723
7.578;0.344682;-0.055666;0.400348;-0.062457
7.579;0.331983;-0.038232;0.370215;-0.048750
7.580;0.352220;-0.008364;0.360585;-0.023532
7.581;0.398787;0.022617;0.376170;0.002007
7.582;0.441908;0.043272;0.398636;0.016713
7.583;0.450061;0.046353;0.403707;0.013750
7.584;0.415215;0.031474;0.383741;-0.006783
7.585;0.359958;0.005138;0.354820;-0.037885
7.586;0.319950;-0.021867;0.341817;-0.068329
7.587;0.316641;-0.038696;0.355337;-0.086939
7.588;0.343272;-0.038659;0.381931;-0.086853
7.589;0.374819;-0.021806;0.396625;-0.068125
7.590;0.391214;0.005108;0.386106;-0.037697
7.591;0.392281;0.031252;0.361029;-0.006735
7.592;0.392006;0.045940;0.346065;0.013627
7.593;0.399773;0.042808;0.356965;0.016531
7.594;0.408277;0.022343;0.385935;0.001981
7.595;0.400660;-0.008215;0.408875;-0.023182
7.596;0.370152;-0.037559;0.407711;-0.047929
7.597;0.332498;-0.054589;0.387087;-0.061282
7.598;0.317312;-0.052637;0.369949;-0.056524
7.599;0.344132;-0.032026;0.376158;-0.033785
7.600;0.404015;0.000000;0.404015;0.000000
7.601;0.463772;0.031961;0.431811;0.033717
7.602;0.490356;0.052422;0.437933;0.056299
7.603;0.475089;0.054254;0.420835;0.060915
7.604;0.437604;0.037246;0.400358;0.047547
7.605;0.407336;0.008117;0.399219;0.022951
7.606;0.399780;-0.022092;0.421872;-0.001958
7.607;0.408138;-0.042225;0.450364;-0.016301
7.608;0.415759;-0.045215;0.460974;-0.013411
7.609;0.415494;-0.030687;0.446180;0.006615
7.610;0.416571;-0.004987;0.421558;0.036951
7.611;0.432614;0.021363;0.411251;0.066643
7.612;0.463327;0.037782;0.425545;0.084794
7.613;0.489083;0.037746;0.451337;0.084709
7.614;0.485639;0.021303;0.464335;0.066444
7.615;0.446654;-0.004957;0.451611;0.036766
7.616;0.393102;-0.030470;0.423572;0.006569
7.617;0.359466;-0.044812;0.404278;-0.013291
7.618;0.367358;-0.041772;0.409131;-0.016123
7.619;0.408817;-0.021824;0.430641;-0.001932
7.620;0.453440;0.007972;0.445468;0.022610
7.621;0.472738;0.036590;0.436149;0.046746
7.622;0.460535;0.053204;0.407331;0.059769
7.623;0.432786;0.051310;0.381477;0.055129
7.624;0.409275;0.031220;0.378055;0.032951
7.625;0.395561;0.000000;0.395561;0.000000
7.626;0.381871;-0.031157;0.413028;-0.032885
7.627;0.358478;-0.051100;0.409578;-0.054909
7.628;0.330979;-0.052877;0.383856;-0.059412
7.629;0.319022;-0.036285;0.355307;-0.046374
7.630;0.338288;-0.007877;0.346166;-0.022385
7.631;0.382472;0.021579;0.360893;0.001909
7.632;0.423337;0.041203;0.382134;0.015899
7.633;0.431018;0.044104;0.386914;0.013080
7.634;0.397917;0.029919;0.367998;-0.006452
7.635;0.345449;0.004839;0.340609;-0.036039
7.636;0.307419;-0.020871;0.328290;-0.064999
7.637;0.304187;-0.036891;0.341077;-0.082701
7.638;0.329387;-0.036855;0.366242;-0.082619
7.639;0.359335;-0.020812;0.380147;-0.064804
7.640;0.375001;0.004810;0.370191;-0.035859
7.641;0.376166;0.029708;0.346458;-0.006407
7.642;0.376011;0.043711;0.332300;0.012963
7.643;0.383385;0.040761;0.342624;0.015725
7.644;0.391371;0.021317;0.370054;0.001885
7.645;0.384042;-0.007737;0.391779;-0.022052
7.646;0.355045;-0.035646;0.390691;-0.045593
7.647;0.319332;-0.051854;0.371186;-0.058294
7.648;0.304965;-0.050015;0.354980;-0.053769
7.649;0.330439;-0.030435;0.360874;-0.032138
7.650;0.387258;0.000000;0.387258;0.000000
7.651;0.443957;0.030373;0.413584;0.032074
7.652;0.469207;0.049811;0.419395;0.053554
7.653;0.454763;0.051535;0.403228;0.057946
7.654;0.419211;0.035349;0.383861;0.045229
7.655;0.390440;0.007644;0.382796;0.021832
7.656;0.383172;-0.021077;0.404249;-0.001862
7.657;0.391020;-0.040206;0.431226;-0.015506
7.658;0.398255;-0.043021;0.441276;-0.012757
7.659;0.398108;-0.029171;0.427279;0.006293
7.660;0.399279;-0.004696;0.403975;0.035149
7.661;0.414609;0.020389;0.394220;0.063394
7.662;0.443765;0.036019;0.407745;0.080660
7.663;0.468136;0.035985;0.432151;0.080580
7.664;0.464777;0.020332;0.444445;0.063205
7.665;0.427721;-0.004668;0.432389;0.034974
7.666;0.376870;-0.028965;0.405835;0.006249
7.667;0.344919;-0.042637;0.387556;-0.012643
7.668;0.352355;-0.039774;0.392129;-0.015337
7.669;0.391646;-0.020821;0.412467;-0.001838
7.670;0.433985;0.007508;0.426477;0.021507
7.671;0.452357;0.034727;0.417630;0.044467
7.672;0.440866;0.050539;0.390328;0.056856
7.673;0.414583;0.048754;0.365829;0.052442
7.674;0.392230;0.029669;0.362561;0.031345
7.675;0.379102;0.000000;0.379102;0.000000
7.676;0.365997;-0.029609;0.395605;-0.031282
7.677;0.343757;-0.048555;0.392312;-0.052233
7.678;0.317710;-0.050228;0.367938;-0.056516
7.679;0.306452;-0.034438;0.340890;-0.044113
7.680;0.324794;-0.007418;0.332213;-0.021293
7.681;0.366716;0.020587;0.346128;0.001816
7.682;0.405444;0.039232;0.366212;0.015124
7.683;0.412680;0.041964;0.370716;0.012442
7.684;0.381237;0.028441;0.352796;-0.006137
7.685;0.331416;0.004557;0.326858;-0.034282
7.686;0.295267;-0.019919;0.315186;-0.061830
7.687;0.292113;-0.035169;0.327281;-0.078670
7.688;0.315959;-0.035135;0.351094;-0.078591
7.689;0.344388;-0.019863;0.364252;-0.061645
7.690;0.359358;0.004530;0.354828;-0.034111
7.691;0.360608;0.028240;0.332368;-0.006095
7.692;0.360562;0.041590;0.318972;0.012331
7.693;0.367562;0.038811;0.328751;0.014958
7.694;0.375060;0.020337;0.354723;0.001793
7.695;0.368010;-0.007286;0.375296;-0.020977
7.696;0.340448;-0.033831;0.374280;-0.043370
7.697;0.306576;-0.049257;0.355833;-0.055453
7.698;0.292985;-0.047525;0.340510;-0.051148
7.699;0.317181;-0.028923;0.346104;-0.030571
7.700;0.371093;0.000000;0.371093;0.000000
7.701;0.424890;0.028864;0.396026;0.030510
7.702;0.448873;0.047331;0.401543;0.050944
7.703;0.435209;0.048954;0.386256;0.055121
7.704;0.401489;0.033550;0.367939;0.043025
7.705;0.374143;0.007199;0.366944;0.020768
7.706;0.367152;-0.020108;0.387260;-0.001771
7.707;0.374520;-0.038282;0.412803;-0.014750
7.708;0.381389;-0.040933;0.422322;-0.012135
7.709;0.381348;-0.027730;0.409078;0.005986
7.710;0.382601;-0.004423;0.387024;0.033436
7.711;0.397249;0.019459;0.377790;0.060304
7.712;0.424926;0.034338;0.390588;0.076728
7.713;0.447987;0.034305;0.413682;0.076652
7.714;0.444714;0.019405;0.425309;0.060123
7.715;0.409491;-0.004396;0.413888;0.033269
7.716;0.361206;-0.027534;0.388740;0.005944
7.717;0.330854;-0.040568;0.371423;-0.012027
7.718;0.337861;-0.037872;0.375732;-0.014589
7.719;0.375096;-0.019864;0.394960;-0.001749
7.720;0.415269;0.007071;0.408198;0.020459
7.721;0.432760;0.032959;0.399801;0.042300
7.722;0.421941;0.048007;0.373933;0.054084
7.723;0.397045;0.046326;0.350718;0.049885
7.724;0.375794;0.028195;0.347598;0.029817
7.725;0.363227;0.000000;0.363227;0.000000
7.726;0.350682;-0.028138;0.378820;-0.029757
7.727;0.329538;-0.046137;0.375675;-0.049686
7.728;0.304867;-0.047712;0.352579;-0.053761
7.729;0.294268;-0.032685;0.326953;-0.041963
7.730;0.311730;-0.006987;0.318716;-0.020255
7.731;0.351506;0.019641;0.331865;0.001728
7.732;0.388209;0.037355;0.350853;0.014386
7.733;0.395026;0.039927;0.355099;0.011836
7.734;0.365158;0.027036;0.338121;-0.005838
7.735;0.317850;0.004292;0.313558;-0.032611
7.736;0.283490;-0.019010;0.302500;-0.058816
7.737;0.280413;-0.033526;0.313939;-0.074835
7.738;0.302978;-0.033494;0.336472;-0.074760
7.739;0.329966;-0.018957;0.348923;-0.058640
7.740;0.344270;0.004266;0.340003;-0.032448
7.741;0.345592;0.026845;0.318747;-0.005798
7.742;0.345645;0.039572;0.306073;0.011730
7.743;0.352290;0.036954;0.315336;0.014229
7.744;0.359329;0.019402;0.339927;0.001705
7.745;0.352549;-0.006862;0.359411;-0.019954
7.746;0.326351;-0.032110;0.358461;-0.041256
7.747;0.294225;-0.046790;0.341015;-0.052749
7.748;0.281368;-0.045158;0.326526;-0.048654
7.749;0.304350;-0.027486;0.331837;-0.029081
7.750;0.355503;0.000000;0.355503;0.000000
7.751;0.406549;0.027430;0.379119;0.029023
7.752;0.429329;0.044974;0.384355;0.048460
7.753;0.416403;0.046502;0.369900;0.052434
7.754;0.384420;0.031843;0.352577;0.040927
7.755;0.358427;0.006780;0.351647;0.019756
7.756;0.351704;-0.019183;0.370887;-0.001685
7.757;0.358621;-0.036450;0.395072;-0.014031
7.758;0.365142;-0.038947;0.404088;-0.011544
7.759;0.365197;-0.026360;0.391558;0.005694
7.760;0.366520;-0.004165;0.370685;0.031806
7.761;0.380516;0.018571;0.361945;0.057364
7.762;0.406789;0.032734;0.374055;0.072988
7.763;0.428610;0.032702;0.395908;0.072915
7.764;0.425424;0.018519;0.406905;0.057192
7.765;0.391943;-0.004140;0.396083;0.031647
7.766;0.346094;-0.026174;0.372268;0.005654
7.767;0.317262;-0.038599;0.355861;-0.011440
7.768;0.323863;-0.036059;0.359922;-0.013878
7.769;0.359152;-0.018950;0.378102;-0.001663
7.770;0.397269;0.006659;0.390610;0.019462
7.771;0.413921;0.031282;0.382638;0.040238
7.772;0.403734;0.045603;0.358130;0.051447
7.773;0.380152;0.044020;0.336132;0.047453
7.774;0.359949;0.026795;0.333154;0.028363
7.775;0.347920;0.000000;0.347920;0.000000
7.776;0.335912;-0.026741;0.362652;-0.028306
7.777;0.315810;-0.043840;0.359651;-0.047264
7.778;0.292442;-0.045323;0.337765;-0.051140
7.779;0.282464;-0.031022;0.313486;-0.039917
7.780;0.299087;-0.006580;0.305667;-0.019268
7.781;0.336828;0.018737;0.318091;0.001643
7.782;0.371612;0.035568;0.336044;0.013685
7.783;0.378035;0.037990;0.340045;0.011259
7.784;0.349662;0.025701;0.323961;-0.005554
7.785;0.304741;0.004042;0.300699;-0.031021
7.786;0.272080;-0.018142;0.290222;-0.055948
7.787;0.269082;-0.031960;0.301042;-0.071187
7.788;0.290434;-0.031929;0.322364;-0.071115
7.789;0.316055;-0.018091;0.334146;-0.055781
7.790;0.329721;0.004018;0.325703;-0.030866
7.791;0.331106;0.025520;0.305586;-0.005515
7.792;0.331246;0.037651;0.293595;0.011158
7.793;0.337555;0.035186;0.302369;0.013535
7.794;0.344162;0.018508;0.325653;0.001622
7.795;0.337642;-0.006462;0.344105;-0.018981
7.796;0.312741;-0.030476;0.343218;-0.039245
7.797;0.282271;-0.044447;0.326718;-0.050178
7.798;0.270108;-0.042910;0.313018;-0.046282
7.799;0.291938;-0.026121;0.318059;-0.027663
7.800;0.340475;0.000000;0.340475;0.000000
7.801;0.388909;0.026068;0.362841;0.027608
7.802;0.410547;0.042735;0.367812;0.046098
7.803;0.398318;0.044174;0.354144;0.049878
7.804;0.367984;0.030223;0.337761;0.038932
7.805;0.343277;0.006385;0.336892;0.018792
7.806;0.336812;-0.018300;0.355113;-0.001603
7.807;0.343306;-0.034706;0.378012;-0.013347
7.808;0.349496;-0.037056;0.386552;-0.010981
7.809;0.349638;-0.025059;0.374696;0.005417
7.810;0.351020;-0.003923;0.354942;0.030255
7.811;0.364391;0.017722;0.346669;0.054568
7.812;0.389332;0.031204;0.358129;0.069430
7.813;0.409980;0.031174;0.378806;0.069360
7.814;0.406880;0.017672;0.389207;0.054404
7.815;0.375055;-0.003899;0.378954;0.030104
7.816;0.331519;-0.024881;0.356400;0.005379
7.817;0.304131;-0.036726;0.340857;-0.010883
7.818;0.310350;-0.034333;0.344684;-0.013201
7.819;0.343794;-0.018077;0.361871;-0.001582
7.820;0.379961;0.006271;0.373689;0.018513
7.821;0.395814;0.029691;0.366123;0.038276
7.822;0.386223;0.043320;0.342903;0.048939
7.823;0.363887;0.041829;0.322058;0.045140
7.824;0.344679;0.025464;0.319214;0.026980
7.825;0.333165;0.000000;0.333165;0.000000
7.826;0.321672;-0.025413;0.347085;-0.026926
7.827;0.302561;-0.041658;0.344219;-0.044960
7.828;0.280427;-0.043054;0.323481;-0.048647
7.829;0.271034;-0.029444;0.300478;-0.037971
7.830;0.286859;-0.006197;0.293056;-0.018329
7.831;0.322669;0.017874;0.304795;0.001563
7.832;0.355634;0.033865;0.321769;0.013018
7.833;0.361685;0.036146;0.325539;0.010710
7.834;0.334733;0.024432;0.310301;-0.005283
7.835;0.292079;0.003807;0.288272;-0.029509
7.836;0.261033;-0.017312;0.278346;-0.053221
7.837;0.258113;-0.030466;0.288579;-0.067716
7.838;0.278319;-0.030436;0.308755;-0.067648
7.839;0.302641;-0.017264;0.319905;-0.053062
7.840;0.315697;0.003784;0.311913;-0.029361
7.841;0.317135;0.024259;0.292875;-0.005246
7.842;0.317353;0.035824;0.281530;0.010614
7.843;0.323342;0.033502;0.289841;0.012875
7.844;0.329543;0.017656;0.311887;0.001543
7.845;0.323275;-0.006086;0.329362;-0.018056
7.846;0.299607;-0.028926;0.328533;-0.037331
7.847;0.270706;-0.042222;0.312929;-0.047732
7.848;0.259201;-0.040774;0.299975;-0.044026
7.849;0.279936;-0.024824;0.304760;-0.026314
7.850;0.325990;0.000000;0.325990;0.000000
7.851;0.371948;0.024774;0.347174;0.026262
7.852;0.392501;0.040608;0.351893;0.043850
7.853;0.380932;0.041963;0.338970;0.047446
7.854;0.352161;0.028686;0.323475;0.037034
7.855;0.328677;0.006013;0.322664;0.017876
7.856;0.322462;-0.017457;0.339919;-0.001525
7.857;0.328556;-0.033045;0.361601;-0.012697
7.858;0.334433;-0.035258;0.369690;-0.010446
7.859;0.334652;-0.023821;0.358473;0.005152
7.860;0.336084;-0.003694;0.339778;0.028780
7.861;0.348858;0.016911;0.331947;0.051907
7.862;0.372535;0.029745;0.342790;0.066045
7.863;0.392073;0.029716;0.362357;0.065979
7.864;0.389058;0.016864;0.372194;0.051752
7.865;0.358807;-0.003672;0.362479;0.028637
7.866;0.317467;-0.023653;0.341120;0.005117
7.867;0.291451;-0.034943;0.326394;-0.010352
7.868;0.297310;-0.032690;0.330000;-0.012558
7.869;0.329006;-0.017244;0.346250;-0.001505
7.870;0.363322;0.005906;0.357416;0.017610
7.871;0.378415;0.028181;0.350234;0.036410
7.872;0.369386;0.041152;0.328234;0.046553
7.873;0.348229;0.039747;0.308482;0.042939
7.874;0.329967;0.024200;0.305767;0.025665
7.875;0.318948;0.000000;0.318948;0.000000
7.876;0.307948;-0.024151;0.332099;-0.025614
7.877;0.289779;-0.039585;0.329364;-0.042768
7.878;0.268813;-0.040899;0.309712;-0.046275
7.879;0.259971;-0.027947;0.287918;-0.036120
7.880;0.275037;-0.005836;0.280873;-0.017435
7.881;0.309015;0.017050;0.291965;0.001487
7.882;0.340257;0.032244;0.308013;0.012383
7.883;0.345957;0.034391;0.311566;0.010188
7.884;0.320355;0.023226;0.297130;-0.005025
7.885;0.279852;0.003585;0.276267;-0.028070
7.886;0.250343;-0.016520;0.266863;-0.050626
7.887;0.247501;-0.029040;0.276542;-0.064415
7.888;0.266621;-0.029013;0.295634;-0.064350
7.889;0.289711;-0.016474;0.306184;-0.050475
7.890;0.302184;0.003564;0.298621;-0.027930
7.891;0.303665;0.023062;0.280603;-0.004990
7.892;0.303954;0.034085;0.269869;0.010097
7.893;0.309639;0.031898;0.277741;0.012248
7.894;0.315458;0.016842;0.298616;0.001468
7.895;0.309433;-0.005732;0.315165;-0.017176
7.896;0.286936;-0.027456;0.314391;-0.035511
7.897;0.259525;-0.040109;0.299634;-0.045405
7.898;0.248641;-0.038745;0.287386;-0.041880
7.899;0.268336;-0.023592;0.291928;-0.025032
7.900;0.312036;0.000000;0.312036;0.000000
7.901;0.355643;0.023544;0.332100;0.024982
7.902;0.375166;0.038587;0.336579;0.041712
7.903;0.364222;0.039863;0.324359;0.045133
7.904;0.336933;0.027227;0.309706;0.035228
7.905;0.314612;0.005663;0.308948;0.017005
7.906;0.308637;-0.016652;0.325289;-0.001450
7.907;0.314356;-0.031462;0.345819;-0.012078
7.908;0.319935;-0.033546;0.353481;-0.009936
7.909;0.320223;-0.022645;0.342868;0.004901
7.910;0.321696;-0.003479;0.325175;0.027377
7.911;0.333900;0.016137;0.317763;0.049377
7.912;0.356376;0.028353;0.328023;0.062825
7.913;0.374863;0.028326;0.346538;0.062762
7.914;0.371933;0.016092;0.355841;0.049229
7.915;0.343179;-0.003458;0.346637;0.027241
7.916;0.303925;-0.022485;0.326410;0.004867
7.917;0.279211;-0.033247;0.312458;-0.009847
7.918;0.284731;-0.031125;0.315856;-0.011946
7.919;0.314770;-0.016449;0.331219;-0.001432
7.920;0.347332;0.005562;0.341769;0.016752
7.921;0.361700;0.026749;0.334951;0.034635
7.922;0.353201;0.039093;0.314108;0.044284
7.923;0.333160;0.037769;0.295391;0.040846
7.924;0.315798;0.022999;0.292799;0.024414
7.925;0.305252;0.000000;0.305252;0.000000
7.926;0.294726;-0.022952;0.317677;-0.024365
7.927;0.277451;-0.037615;0.315066;-0.040683
7.928;0.257593;-0.038852;0.296445;-0.044019
7.929;0.249270;-0.026526;0.275797;-0.034359
7.930;0.263613;-0.005496;0.269108;-0.016585
7.931;0.295852;0.016263;0.279589;0.001415
7.932;0.325462;0.030700;0.294762;0.011779
7.933;0.330832;0.032722;0.298110;0.009691
7.934;0.306512;0.022079;0.284433;-0.004780
7.935;0.268052;0.003376;0.264676;-0.026701
7.936;0.240003;-0.015763;0.255766;-0.048158
7.937;0.237239;-0.027681;0.264920;-0.061274
7.938;0.255331;-0.027655;0.282986;-0.061213
7.939;0.277251;-0.015719;0.292970;-0.048014
7.940;0.289167;0.003356;0.285811;-0.026568
7.941;0.290682;0.021923;0.268759;-0.004747
7.942;0.291034;0.032430;0.258604;0.009604
7.943;0.296430;0.030370;0.266060;0.011651
7.944;0.301891;0.016065;0.285826;0.001396
7.945;0.296100;-0.005398;0.301498;-0.016338
7.946;0.274716;-0.026060;0.300776;-0.033780
7.947;0.248718;-0.038102;0.286820;-0.043191
7.948;0.238422;-0.036817;0.275239;-0.039838
7.949;0.257130;-0.022421;0.279551;-0.023811
7.950;0.298596;0.000000;0.298596;0.000000
7.951;0.339974;0.022375;0.317599;0.023764
7.952;0.358518;0.036667;0.321851;0.039679
7.953;0.348165;0.037868;0.310297;0.042933
7.954;0.322282;0.025844;0.296439;0.033511
7.955;0.301065;0.005333;0.295732;0.016176
7.956;0.295323;-0.015884;0.311207;-0.001380
7.957;0.300689;-0.029956;0.330645;-0.011489
7.958;0.305985;-0.031918;0.337903;-0.009452
7.959;0.306334;-0.021527;0.327861;0.004662
7.960;0.307840;-0.003277;0.311117;0.026042
7.961;0.319499;0.015398;0.304101;0.046969
7.962;0.340836;0.027025;0.313810;0.059762
7.963;0.358329;0.027000;0.331329;0.059702
7.964;0.355483;0.015354;0.340128;0.046829
7.965;0.328151;-0.003257;0.331408;0.025913
7.966;0.290877;-0.021375;0.312252;0.004630
7.967;0.267401;-0.031633;0.299034;-0.009367
7.968;0.272601;-0.029634;0.302235;-0.011363
7.969;0.301071;-0.015690;0.316761;-0.001362
7.970;0.331967;0.005238;0.326729;0.015935
7.971;0.345646;0.025389;0.320256;0.032946
7.972;0.337645;0.037137;0.300509;0.042125
7.973;0.318662;0.035890;0.282772;0.038855
7.974;0.302155;0.021857;0.280298;0.023224
7.975;0.292064;0.000000;0.292064;0.000000
7.976;0.281990;-0.021813;0.303803;-0.023177
7.977;0.265567;-0.035743;0.301310;-0.038700
7.978;0.246757;-0.036909;0.283665;-0.041873
7.979;0.238924;-0.025178;0.264102;-0.032684
7.980;0.252577;-0.005176;0.257753;-0.015777
7.981;0.283168;0.015513;0.267655;0.001346
7.982;0.311230;0.029229;0.282001;0.011205
7.983;0.316289;0.031133;0.285156;0.009219
7.984;0.293187;0.020989;0.272198;-0.004547
7.985;0.256668;0.003180;0.253488;-0.025400
7.986;0.230006;-0.015041;0.245046;-0.045810
7.987;0.227319;-0.026385;0.253704;-0.058287
7.988;0.244440;-0.026360;0.270799;-0.058229
7.989;0.265248;-0.014998;0.280247;-0.045673
7.990;0.276632;0.003161;0.273471;-0.025273
7.991;0.278174;0.020841;0.257334;-0.004516
7.992;0.278581;0.030856;0.247725;0.009136
7.993;0.283704;0.028915;0.254789;0.011083
7.994;0.288827;0.015323;0.273504;0.001328
7.995;0.283262;-0.005084;0.288346;-0.015542
7.996;0.262937;-0.024736;0.287673;-0.032133
7.997;0.238277;-0.036196;0.274473;-0.041085
7.998;0.228539;-0.034985;0.263524;-0.037896
7.999;0.246309;-0.021308;0.267617;-0.022650
8.000;0.285655;0.000000;0.285655;0.000000
8.001;0.324918;0.021265;0.303653;0.022605
8.002;0.342533;0.034843;0.307690;0.037744
8.003;0.332739;0.035974;0.296766;0.040839
8.004;0.308190;0.024530;0.283659;0.031877
8.005;0.288023;0.005023;0.283000;0.015387
8.006;0.282505;-0.015150;0.297656;-0.001312
8.007;0.287540;-0.028521;0.316060;-0.010929
8.008;0.292567;-0.030368;0.322935;-0.008991
8.009;0.292970;-0.020464;0.313434;0.004435
8.010;0.294502;-0.003086;0.297588;0.024773
8.011;0.305638;0.014692;0.290947;0.044680
8.012;0.325894;0.025760;0.300134;0.056848
8.013;0.342447;0.025735;0.316712;0.056792
8.014;0.339684;0.014650;0.325033;0.044546
8.015;0.313704;-0.003067;0.316771;0.024649
8.016;0.278310;-0.020320;0.298630;0.004404
8.017;0.256010;-0.030098;0.286107;-0.008911
8.018;0.260909;-0.028214;0.289123;-0.010809
8.019;0.287891;-0.014965;0.302856;-0.001295
8.020;0.317207;0.004933;0.312274;0.015158
8.021;0.330230;0.024099;0.306130;0.031340
8.022;0.322699;0.035279;0.287420;0.040071
8.023;0.304718;0.034104;0.270613;0.036960
8.024;0.289024;0.020772;0.268251;0.022091
8.025;0.279367;0.000000;0.279367;0.000000
8.026;0.269728;-0.020730;0.290458;-0.022047
8.027;0.254114;-0.033965;0.288079;-0.036813
8.028;0.236296;-0.035062;0.271359;-0.039831
8.029;0.228924;-0.023899;0.252824;-0.031090
8.030;0.241922;-0.004874;0.246797;-0.015007
8.031;0.270949;0.014796;0.256153;0.001280
8.032;0.297545;0.027829;0.269716;0.010659
8.033;0.302310;0.029622;0.272688;0.008769
8.034;0.280365;0.019953;0.260413;-0.004326
8.035;0.245688;0.002995;0.242694;-0.024161
8.036;0.220345;-0.014351;0.234696;-0.043577
8.037;0.217736;-0.025149;0.242885;-0.055445
8.038;0.233936;-0.025125;0.259061;-0.055390
8.039;0.253691;-0.014310;0.268001;-0.043446
8.040;0.264564;0.002977;0.261588;-0.024041
8.041;0.266128;0.019812;0.246316;-0.004295
8.042;0.266583;0.029358;0.237225;0.008691
8.043;0.271446;0.027530;0.243916;0.010542
8.044;0.276251;0.014615;0.261636;0.001264
8.045;0.270905;-0.004788;0.275693;-0.014784
8.046;0.251585;-0.023479;0.275065;-0.030566
8.047;0.228196;-0.034385;0.262582;-0.039082
8.048;0.218984;-0.033245;0.252230;-0.036048
8.049;0.235865;-0.020250;0.256115;-0.021546
8.050;0.273199;0.000000;0.273199;0.000000
8.051;0.310456;0.020209;0.290246;0.021503
8.052;0.327188;0.033110;0.294078;0.035904
8.053;0.317924;0.034174;0.283749;0.038848
8.054;0.294639;0.023284;0.271354;0.030323
8.055;0.275470;0.004730;0.270739;0.014637
8.056;0.270169;-0.014450;0.284619;-0.001248
8.057;0.274891;-0.027154;0.302045;-0.010396
8.058;0.279664;-0.028894;0.308558;-0.008553
8.059;0.280114;-0.019454;0.299568;0.004219
8.060;0.281665;-0.002906;0.284571;0.023565
8.061;0.292302;0.014017;0.278285;0.042501
8.062;0.311531;0.024552;0.286979;0.054077
8.063;0.327194;0.024529;0.302665;0.054023
8.064;0.324514;0.013978;0.310536;0.042374
8.065;0.299819;-0.002889;0.302708;0.023447
8.066;0.266210;-0.019317;0.285527;0.004189
8.067;0.245027;-0.028636;0.273663;-0.008476
8.068;0.249642;-0.026862;0.276505;-0.010282
8.069;0.275215;-0.014273;0.289488;-0.001232
8.070;0.303032;0.004646;0.298386;0.014419
8.071;0.315430;0.022875;0.292554;0.029812
8.072;0.308342;0.033515;0.274828;0.038117
8.073;0.291309;0.032408;0.258901;0.035158
8.074;0.276388;0.019742;0.256647;0.021014
8.075;0.267149;0.000000;0.267149;0.000000
8.076;0.257925;-0.019701;0.277627;-0.020972
8.077;0.243080;-0.032276;0.275356;-0.035018
8.078;0.226203;-0.033309;0.259512;-0.037889
8.079;0.219266;-0.022686;0.241951;-0.029575
8.080;0.231640;-0.004591;0.236230;-0.014276
8.081;0.259182;0.014112;0.245070;0.001218
8.082;0.284389;0.026496;0.257893;0.010139
8.083;0.288878;0.028184;0.260694;0.008342
8.084;0.268032;0.018968;0.249064;-0.004115
8.085;0.235104;0.002820;0.232283;-0.022983
8.086;0.211014;-0.013692;0.224706;-0.041452
8.087;0.208481;-0.023970;0.232451;-0.052742
8.088;0.223811;-0.023947;0.247758;-0.052689
8.089;0.242565;-0.013653;0.256218;-0.041328
8.090;0.252951;0.002803;0.250148;-0.022869
8.091;0.254529;0.018834;0.235695;-0.004086
8.092;0.255026;0.027932;0.227094;0.008267
8.093;0.259643;0.026211;0.233432;0.010028
8.094;0.264150;0.013939;0.250211;0.001202
8.095;0.259014;-0.004509;0.263523;-0.014063
8.096;0.240650;-0.022287;0.262937;-0.029076
8.097;0.218466;-0.032666;0.251132;-0.037177
8.098;0.209753;-0.031592;0.241345;-0.034290
8.099;0.225787;-0.019246;0.245033;-0.020496
8.100;0.261214;0.000000;0.261214;0.000000
8.101;0.296567;0.019206;0.277360;0.020455
8.102;0.312461;0.031463;0.280998;0.034154
8.103;0.303697;0.032465;0.271232;0.036954
8.104;0.281612;0.022102;0.259510;0.028845
8.105;0.263391;0.004455;0.258936;0.013923
8.106;0.258299;-0.013782;0.272081;-0.001188
8.107;0.262728;-0.025853;0.288581;-0.009889
8.108;0.267259;-0.027491;0.294750;-0.008136
8.109;0.267751;-0.018494;0.286245;0.004013
8.110;0.269315;-0.002737;0.272051;0.022416
8.111;0.279475;0.013373;0.266102;0.040429
8.112;0.297730;0.023401;0.274328;0.051440
8.113;0.312550;0.023379;0.289172;0.051389
8.114;0.309951;0.013336;0.296615;0.040308
8.115;0.286478;-0.002720;0.289199;0.022304
8.116;0.254564;-0.018363;0.272928;0.003985
8.117;0.234442;-0.027246;0.261688;-0.008063
8.118;0.238790;-0.025575;0.264365;-0.009781
8.119;0.263027;-0.013613;0.276640;-0.001172
8.120;0.289422;0.004375;0.285047;0.013716
8.121;0.301224;0.021714;0.279510;0.028358
8.122;0.294554;0.031839;0.262715;0.036259
8.123;0.278420;0.030796;0.247624;0.033444
8.124;0.264234;0.018762;0.245472;0.019990
8.125;0.255394;0.000000;0.255394;0.000000
8.126;0.246569;-0.018724;0.265293;-0.019950
8.127;0.232455;-0.030671;0.263126;-0.033311
8.128;0.216468;-0.031643;0.248112;-0.036042
8.129;0.209940;-0.021534;0.231474;-0.028133
8.130;0.221720;-0.004323;0.226043;-0.013580
8.131;0.247854;0.013459;0.234395;0.001158
8.132;0.271744;0.025226;0.246519;0.009645
8.133;0.275973;0.026815;0.249157;0.007935
8.134;0.256171;0.018032;0.238139;-0.003914
8.135;0.224904;0.002656;0.222248;-0.021863
8.136;0.202006;-0.013062;0.215069;-0.039431
8.137;0.199548;-0.022846;0.222394;-0.050170
8.138;0.214055;-0.022824;0.236879;-0.050120
8.139;0.231858;-0.013026;0.244884;-0.039313
8.140;0.241779;0.002640;0.239139;-0.021754
8.141;0.243365;0.017905;0.225461;-0.003887
8.142;0.243900;0.026576;0.217324;0.007864
8.143;0.248282;0.024955;0.223327;0.009539
8.144;0.252509;0.013294;0.239214;0.001143
8.145;0.247575;-0.004246;0.251822;-0.013377
8.146;0.230120;-0.021156;0.251276;-0.027659
8.147;0.209079;-0.031033;0.240112;-0.035364
8.148;0.200837;-0.030021;0.230858;-0.032619
8.149;0.216068;-0.018291;0.234359;-0.019496
8.150;0.249685;0.000000;0.249685;0.000000
8.151;0.283232;0.018254;0.264978;0.019457
8.152;0.298330;0.029899;0.268431;0.032488
8.153;0.290040;0.030842;0.259198;0.035152
8.154;0.269092;0.020980;0.248112;0.027438
8.155;0.251773;0.004196;0.247578;0.013244
8.156;0.246882;-0.013144;0.260026;-0.001130
8.157;0.251036;-0.024614;0.275649;-0.009407
8.158;0.255336;-0.026156;0.281493;-0.007739
8.159;0.255865;-0.017581;0.273446;0.003817
8.160;0.257436;-0.002577;0.260014;0.021323
8.161;0.267141;0.012759;0.254382;0.038458
8.162;0.284470;0.022304;0.262167;0.048932
8.163;0.298494;0.022282;0.276212;0.048883
8.164;0.295974;0.012723;0.283252;0.038343
8.165;0.273663;-0.002562;0.276225;0.021217
8.166;0.243359;-0.017457;0.260816;0.003791
8.167;0.224244;-0.025923;0.250167;-0.007670
8.168;0.228340;-0.024349;0.252689;-0.009304
8.169;0.251311;-0.012983;0.264294;-0.001115
8.170;0.276358;0.004121;0.272237;0.013047
8.171;0.287593;0.020612;0.266982;0.026976
8.172;0.281316;0.030247;0.251069;0.034491
8.173;0.266033;0.029265;0.236768;0.031813
8.174;0.252546;0.017831;0.234714;0.019015
8.175;0.244088;0.000000;0.244088;0.000000
8.176;0.235645;-0.017795;0.253440;-0.018977
8.177;0.222226;-0.029146;0.251372;-0.031686
8.178;0.207083;-0.030061;0.237145;-0.034285
8.179;0.200940;-0.020441;0.221381;-0.026761
8.180;0.212154;-0.004072;0.216226;-0.012918
8.181;0.236953;0.012836;0.224117;0.001102
8.182;0.259596;0.024017;0.235579;0.009175
8.183;0.263578;0.025513;0.238065;0.007548
8.184;0.244769;0.017142;0.227626;-0.003723
8.185;0.215078;0.002501;0.212577;-0.020797
8.186;0.193314;-0.012462;0.205775;-0.037509
8.187;0.190930;-0.021774;0.212704;-0.047724
8.188;0.204657;-0.021753;0.226410;-0.047677
8.189;0.221559;-0.012426;0.233985;-0.037396
8.190;0.231034;0.002486;0.228547;-0.020693
8.191;0.232624;0.017021;0.215603;-0.003697
8.192;0.233190;0.025286;0.207905;0.007480
8.193;0.237350;0.023758;0.213592;0.009074
8.194;0.241314;0.012679;0.228635;0.001088
8.195;0.236576;-0.003999;0.240575;-0.012725
8.196;0.219984;-0.020082;0.240066;-0.026310
8.197;0.200027;-0.029481;0.229508;-0.033640
8.198;0.192231;-0.028528;0.220759;-0.031028
8.199;0.206699;-0.017384;0.224083;-0.018546
8.200;0.238599;0.000000;0.238599;0.000000
8.201;0.270432;0.017348;0.253084;0.018509
8.202;0.284774;0.028412;0.256362;0.030904
8.203;0.276933;0.029301;0.247632;0.033439
8.204;0.257064;0.019915;0.237148;0.026100
8.205;0.240602;0.003951;0.236650;0.012599
8.206;0.235904;-0.012535;0.248439;-0.001075
8.207;0.239799;-0.023434;0.263233;-0.008948
8.208;0.243881;-0.024886;0.268768;-0.007362
8.209;0.244441;-0.016714;0.261154;0.003631
8.210;0.246015;-0.002427;0.248442;0.020283
8.211;0.255284;0.012172;0.243112;0.036583
8.212;0.271735;0.021257;0.250478;0.046546
8.213;0.285005;0.021236;0.263769;0.046500
8.214;0.282564;0.012137;0.270427;0.036473
8.215;0.261356;-0.002413;0.263769;0.020182
8.216;0.232581;-0.016596;0.249177;0.003606
8.217;0.214423;-0.024664;0.239087;-0.007296
8.218;0.218281;-0.023182;0.241463;-0.008850
8.219;0.240053;-0.012382;0.252435;-0.001061
8.220;0.263820;0.003881;0.259939;0.012411
8.221;0.274516;0.019566;0.254950;0.025661
8.222;0.268609;0.028735;0.239874;0.032809
8.223;0.254133;0.027810;0.226322;0.030262
8.224;0.241309;0.016947;0.224362;0.018088
8.225;0.233218;0.000000;0.233218;0.000000
8.226;0.225141;-0.016912;0.242053;-0.018052
8.227;0.212382;-0.027697;0.240079;-0.030142
8.228;0.198039;-0.028559;0.226598;-0.032613
8.229;0.192259;-0.019404;0.211662;-0.025456
8.230;0.202934;-0.003834;0.206769;-0.012288
8.231;0.226466;0.012241;0.214225;0.001048
8.232;0.247926;0.022865;0.225061;0.008727
8.233;0.251678;0.024274;0.227403;0.007180
8.234;0.233810;0.016296;0.217514;-0.003542
8.235;0.205617;0.002356;0.203262;-0.019783
8.236;0.184929;-0.011888;0.196817;-0.035680
8.237;0.182618;-0.020752;0.203370;-0.045397
8.238;0.195608;-0.020732;0.216340;-0.045352
8.239;0.211654;-0.011854;0.223508;-0.035573
8.240;0.220703;0.002342;0.218362;-0.019684
8.241;0.222293;0.016181;0.206112;-0.003517
8.242;0.222886;0.024058;0.198828;0.007116
8.243;0.226835;0.022619;0.204215;0.008632
8.244;0.230551;0.012091;0.218459;0.001035
8.245;0.226001;-0.003766;0.229767;-0.012105
8.246;0.210231;-0.019063;0.229294;-0.025027
8.247;0.191301;-0.028008;0.219309;-0.032000
8.248;0.183927;-0.027110;0.211037;-0.029515
8.249;0.197671;-0.016521;0.214193;-0.017641
8.250;0.227942;0.000000;0.227942;0.000000
8.251;0.258149;0.016488;0.241661;0.017606
8.252;0.271773;0.027000;0.244773;0.029397
8.253;0.264356;0.027836;0.236519;0.031808
8.254;0.245510;0.018905;0.226605;0.024828
8.255;0.229862;0.003721;0.226141;0.011984
8.256;0.225352;-0.011954;0.237306;-0.001022
8.257;0.229003;-0.022310;0.251313;-0.008512
8.258;0.232879;-0.023678;0.256556;-0.007003
8.259;0.233464;-0.015889;0.249353;0.003454
8.260;0.235037;-0.002286;0.237323;0.019294
8.261;0.243889;0.011611;0.232278;0.034799
8.262;0.259507;0.020259;0.239248;0.044277
8.263;0.272063;0.020239;0.251824;0.044233
8.264;0.269699;0.011578;0.258121;0.034695
8.265;0.249541;-0.002272;0.251814;0.019198
8.266;0.222217;-0.015777;0.237994;0.003430
8.267;0.204969;-0.023466;0.228435;-0.006940
8.268;0.208603;-0.022070;0.230673;-0.008419
8.269;0.229238;-0.011808;0.241046;-0.001009
8.270;0.251791;0.003655;0.248136;0.011806
8.271;0.261974;0.018573;0.243400;0.024409
8.272;0.256415;0.027299;0.229116;0.031210
8.273;0.242702;0.026428;0.216275;0.028787
8.274;0.230510;0.016106;0.214404;0.017206
8.275;0.222770;0.000000;0.222770;0.000000
8.276;0.215043;-0.016074;0.231117;-0.017172
8.277;0.202913;-0.026320;0.229233;-0.028672
8.278;0.189326;-0.027132;0.216458;-0.031023
8.279;0.183888;-0.018419;0.202308;-0.024215
8.280;0.194051;-0.003611;0.197662;-0.011689
8.281;0.216381;0.011674;0.204707;0.000997
8.282;0.236720;0.021769;0.214952;0.008302
8.283;0.240254;0.023096;0.217158;0.006830
8.284;0.223281;0.015492;0.207789;-0.003369
8.285;0.196510;0.002218;0.194292;-0.018818
8.286;0.176846;-0.011340;0.188187;-0.033940
8.287;0.174607;-0.019777;0.194384;-0.043184
8.288;0.186899;-0.019758;0.206657;-0.043141
8.289;0.202132;-0.011308;0.213440;-0.033838
8.290;0.210774;0.002205;0.208569;-0.018724
8.291;0.212359;0.015383;0.196976;-0.003345
8.292;0.212975;0.022890;0.190086;0.006769
8.293;0.216723;0.021534;0.195189;0.008211
8.294;0.220207;0.011531;0.208676;0.000984
8.295;0.215838;-0.003547;0.219385;-0.011515
8.296;0.200848;-0.018096;0.218945;-0.023807
8.297;0.182894;-0.026608;0.209503;-0.030439
8.298;0.175919;-0.025763;0.201682;-0.028076
8.299;0.188975;-0.015702;0.204678;-0.016781
8.300;0.217700;0.000000;0.217700;0.000000
8.301;0.246364;0.015670;0.230694;0.016748
8.302;0.259307;0.025658;0.233649;0.027964
8.303;0.252291;0.026445;0.225845;0.030257
8.304;0.234416;0.017946;0.216469;0.023617
8.305;0.219542;0.003504;0.216038;0.011400
8.306;0.215212;-0.011400;0.226612;-0.000972
8.307;0.218634;-0.021240;0.239875;-0.008097
8.308;0.222313;-0.022528;0.244841;-0.006661
8.309;0.222921;-0.015105;0.238026;0.003286
8.310;0.224488;-0.002153;0.226641;0.018354
8.311;0.232942;0.011076;0.221866;0.033102
8.312;0.247769;0.019307;0.228462;0.042118
8.313;0.259650;0.019288;0.240362;0.042076
8.314;0.257362;0.011045;0.246317;0.033003
8.315;0.238201;-0.002140;0.240341;0.018262
8.316;0.212255;-0.014999;0.227253;0.003263
8.317;0.195870;-0.022327;0.218197;-0.006602
8.318;0.199294;-0.021012;0.220306;-0.008008
8.319;0.218852;-0.011260;0.230112;-0.000960
8.320;0.240252;0.003442;0.236810;0.011230
8.321;0.249947;0.017631;0.232315;0.023219
8.322;0.244717;0.025935;0.218781;0.029688
8.323;0.231727;0.025114;0.206613;0.027383
8.324;0.220135;0.015308;0.204827;0.016367
8.325;0.212731;0.000000;0.212731;0.000000
8.326;0.205340;-0.015277;0.220616;-0.016334
8.327;0.193807;-0.025012;0.218819;-0.027274
8.328;0.180937;-0.025776;0.206713;-0.029510
8.329;0.175821;-0.017485;0.193307;-0.023034
8.330;0.185496;-0.003401;0.188897;-0.011119
8.331;0.206685;0.011132;0.195552;0.000948
8.332;0.225963;0.020724;0.205238;0.007897
8.333;0.229291;0.021974;0.207317;0.006497
8.334;0.213168;0.014728;0.198440;-0.003205
8.335;0.187748;0.002089;0.185659;-0.017901
8.336;0.169056;-0.010818;0.179874;-0.032285
8.337;0.166888;-0.018848;0.185736;-0.041078
8.338;0.178519;-0.018830;0.197349;-0.041037
8.339;0.192981;-0.010787;0.203768;-0.032188
8.340;0.201235;0.002077;0.199158;-0.017811
8.341;0.202811;0.014624;0.188187;-0.003182
8.342;0.203446;0.021778;0.181668;0.006439
8.343;0.207004;0.020502;0.186502;0.007811
8.344;0.210269;0.010996;0.199273;0.000936
8.345;0.206075;-0.003340;0.209415;-0.010953
8.346;0.191826;-0.017179;0.209005;-0.022646
8.347;0.174797;-0.025279;0.200076;-0.028955
8.348;0.168200;-0.024482;0.192682;-0.026707
8.349;0.180603;-0.014923;0.195526;-0.015963
8.350;0.207861;0.000000;0.207861;0.000000
8.351;0.235061;0.014893;0.220168;0.015931
8.352;0.247356;0.024383;0.222973;0.026601
8.353;0.240720;0.025124;0.215596;0.028782
8.354;0.223765;0.017036;0.206729;0.022466
8.355;0.209628;0.003300;0.206327;0.010844
8.356;0.205470;-0.010871;0.216342;-0.000925
8.357;0.208679;-0.020221;0.228900;-0.007702
8.358;0.212171;-0.021434;0.233605;-0.006337
8.359;0.212797;-0.014360;0.227157;0.003126
8.360;0.214355;-0.002028;0.216383;0.017459
8.361;0.222428;0.010565;0.211863;0.031488
8.362;0.236504;0.018400;0.218104;0.040064
8.363;0.247746;0.018382;0.229365;0.040024
8.364;0.245532;0.010535;0.234997;0.031394
8.365;0.227320;-0.002015;0.229335;0.017372
8.366;0.202682;-0.014259;0.216940;0.003104
8.367;0.187118;-0.021243;0.208361;-0.006280
8.368;0.190343;-0.020004;0.210347;-0.007618
8.369;0.208880;-0.010738;0.219618;-0.000913
8.370;0.229187;0.003241;0.225946;0.010683
8.371;0.238416;0.016738;0.221679;0.022087
8.372;0.233496;0.024640;0.208856;0.028240
8.373;0.221192;0.023866;0.197325;0.026048
8.374;0.210170;0.014549;0.195621;0.015569
8.375;0.203088;0.000000;0.203088;0.000000
8.376;0.196018;-0.014519;0.210537;-0.015538
8.377;0.185053;-0.023769;0.208823;-0.025944
8.378;0.172862;-0.024489;0.197351;-0.028071
8.379;0.168050;-0.016599;0.184649;-0.021911
8.380;0.177260;-0.003203;0.180463;-0.010576
8.381;0.197366;0.010616;0.186751;0.000902
8.382;0.215638;0.019730;0.195908;0.007512
8.383;0.218773;0.020907;0.197866;0.006180
8.384;0.203458;0.014001;0.189457;-0.003048
8.385;0.179320;0.001968;0.177352;-0.017028
8.386;0.161553;-0.010319;0.171872;-0.030711
8.387;0.159454;-0.017962;0.177416;-0.039075
8.388;0.170460;-0.017945;0.188405;-0.039036
8.389;0.184190;-0.010289;0.194480;-0.030619
8.390;0.192072;0.001956;0.190116;-0.016943
8.391;0.193636;0.013903;0.179734;-0.003027
8.392;0.194286;0.020720;0.173566;0.006125
8.393;0.197663;0.019518;0.178145;0.007430
8.394;0.200723;0.010485;0.190238;0.000890
8.395;0.196698;-0.003146;0.199843;-0.010419
8.396;0.183154;-0.016308;0.199462;-0.021542
8.397;0.167002;-0.024017;0.191018;-0.027543
8.398;0.160762;-0.023266;0.184028;-0.025405
8.399;0.172544;-0.014184;0.186728;-0.015185
8.400;0.198411;0.000000;0.198411;0.000000
8.401;0.224223;0.014155;0.210068;0.015154
8.402;0.235903;0.023171;0.212732;0.025304
8.403;0.229626;0.023869;0.205756;0.027379
8.404;0.213544;0.016173;0.197372;0.021370
8.405;0.200106;0.003108;0.196998;0.010315
8.406;0.196116;-0.010366;0.206482;-0.000880
8.407;0.199122;-0.019251;0.218373;-0.007326
8.408;0.202437;-0.020393;0.222830;-0.006028
8.409;0.203078;-0.013652;0.216730;0.002973
8.410;0.204624;-0.001909;0.206533;0.016607
8.411;0.212333;0.010078;0.202255;0.029953
8.412;0.225696;0.017534;0.208162;0.038111
8.413;0.236334;0.017518;0.218817;0.038073
8.414;0.234193;0.010049;0.224144;0.029863
8.415;0.216881;-0.001898;0.218779;0.016525
8.416;0.193486;-0.013555;0.207041;0.002952
8.417;0.178702;-0.020211;0.198913;-0.005974
8.418;0.181739;-0.019044;0.200783;-0.007246
8.419;0.199309;-0.010239;0.209548;-0.000868
8.420;0.218579;0.003053;0.215527;0.010162
8.421;0.227366;0.015889;0.211476;0.021010
8.422;0.222737;0.023409;0.199327;0.026863
8.423;0.211081;0.022681;0.188400;0.024778
8.424;0.200602;0.013828;0.186774;0.014810
8.425;0.193828;0.000000;0.193828;0.000000
8.426;0.187066;-0.013800;0.200866;-0.014780
8.427;0.176641;-0.022588;0.199230;-0.024679
8.428;0.165094;-0.023266;0.188359;-0.026703
8.429;0.160567;-0.015758;0.176324;-0.020843
8.430;0.169334;-0.003016;0.172351;-0.010061
8.431;0.188414;0.010123;0.178291;0.000858
8.432;0.205732;0.018783;0.186949;0.007146
8.433;0.208685;0.019891;0.188793;0.005879
8.434;0.194137;0.013311;0.180826;-0.002900
8.435;0.171216;0.001853;0.169363;-0.016198
8.436;0.154329;-0.009842;0.164171;-0.029213
8.437;0.152297;-0.017117;0.169414;-0.037170
8.438;0.162712;-0.017101;0.179813;-0.037133
8.439;0.175747;-0.009814;0.185562;-0.029126
8.440;0.183274;0.001842;0.181432;-0.016117
8.441;0.184823;0.013217;0.171606;-0.002880
8.442;0.185485;0.019714;0.165771;0.005826
8.443;0.188691;0.018581;0.170110;0.007067
8.444;0.191558;0.009998;0.181560;0.000847
8.445;0.187695;-0.002963;0.190657;-0.009911
8.446;0.174821;-0.015482;0.190303;-0.020491
8.447;0.159501;-0.022817;0.182318;-0.026200
8.448;0.153599;-0.022110;0.175709;-0.024166
8.449;0.164792;-0.013481;0.178272;-0.014444
8.450;0.189338;0.000000;0.189338;0.000000
8.451;0.213833;0.013453;0.200380;0.014415
8.452;0.224928;0.022020;0.202908;0.024070
8.453;0.218991;0.022677;0.196314;0.026044
8.454;0.203738;0.015353;0.188385;0.020328
8.455;0.190965;0.002927;0.188037;0.009812
8.456;0.187135;-0.009885;0.197019;-0.000837
8.457;0.189952;-0.018327;0.208279;-0.006969
8.458;0.193099;-0.019402;0.212501;-0.005734
8.459;0.193752;-0.012978;0.206730;0.002828
8.460;0.195282;-0.001798;0.197080;0.015798
8.461;0.202643;0.009612;0.193031;0.028492
8.462;0.215330;0.016710;0.198620;0.036252
8.463;0.225396;0.016694;0.208702;0.036216
8.464;0.223325;0.009585;0.213741;0.028407
8.465;0.206870;-0.001788;0.208658;0.015719
8.466;0.184655;-0.012887;0.197542;0.002809
8.467;0.170612;-0.019229;0.189841;-0.005682
8.468;0.173473;-0.018130;0.191603;-0.006893
8.469;0.190126;-0.009763;0.199889;-0.000826
8.470;0.208412;0.002875;0.205537;0.009666
8.471;0.216776;0.015084;0.201692;0.019986
8.472;0.212422;0.022240;0.190182;0.025553
8.473;0.201381;0.021554;0.179827;0.023570
8.474;0.191418;0.013142;0.178276;0.014088
8.475;0.184939;0.000000;0.184939;0.000000
8.476;0.178472;-0.013116;0.191588;-0.014060
8.477;0.168560;-0.021466;0.190027;-0.023476
8.478;0.157622;-0.022104;0.179726;-0.025401
8.479;0.153364;-0.014959;0.168323;-0.019826
8.480;0.161711;-0.002841;0.164551;-0.009570
8.481;0.179816;0.009652;0.170164;0.000816
8.482;0.196231;0.017882;0.178349;0.006797
8.483;0.199012;0.018925;0.180086;0.005592
8.484;0.185193;0.012654;0.172538;-0.002758
8.485;0.163427;0.001745;0.161682;-0.015408
8.486;0.147376;-0.009387;0.156763;-0.027789
8.487;0.145411;-0.016312;0.161723;-0.035358
8.488;0.155267;-0.016296;0.171563;-0.035322
8.489;0.167642;-0.009361;0.177002;-0.027706
8.490;0.174828;0.001735;0.173094;-0.015331
8.491;0.176361;0.012565;0.163796;-0.002739
8.492;0.177032;0.018756;0.158275;0.005542
8.493;0.180075;0.017690;0.162385;0.006723
8.494;0.182761;0.009533;0.173227;0.000806
8.495;0.179053;-0.002790;0.181843;-0.009428
8.496;0.166817;-0.014697;0.181514;-0.019492
8.497;0.152285;-0.021678;0.173963;-0.024923
8.498;0.146703;-0.021012;0.167715;-0.022988
8.499;0.157336;-0.012812;0.170149;-0.013740
8.500;0.180630;0.000000;0.180630;0.000000
8.501;0.203875;0.012786;0.191089;0.013712
8.502;0.214416;0.020926;0.193489;0.022896
8.503;0.208800;0.021545;0.187255;0.024774
8.504;0.194332;0.014575;0.179757;0.019337
8.505;0.182191;0.002757;0.179434;0.009334
8.506;0.178516;-0.009425;0.187941;-0.000796
8.507;0.181154;-0.017448;0.198602;-0.006629
8.508;0.184142;-0.018460;0.202601;-0.005454
8.509;0.184803;-0.012338;0.197142;0.002690
8.510;0.186316;-0.001694;0.188009;0.015027
8.511;0.193345;0.009168;0.184177;0.027103
8.512;0.205389;0.015923;0.189466;0.034485
8.513;0.214914;0.015908;0.199006;0.034450
8.514;0.212913;0.009142;0.203771;0.027022
8.515;0.197273;-0.001683;0.198956;0.014952
8.516;0.176177;-0.012251;0.188429;0.002672
8.517;0.162837;-0.018295;0.181133;-0.005405
8.518;0.165532;-0.017260;0.182792;-0.006557
8.519;0.181317;-0.009309;0.190626;-0.000786
8.520;0.198669;0.002708;0.195962;0.009195
8.521;0.206632;0.014320;0.192312;0.019011
8.522;0.202536;0.021130;0.181406;0.024307
8.523;0.192078;0.020483;0.171594;0.022420
8.524;0.182605;0.012491;0.170114;0.013401
8.525;0.176409;0.000000;0.176409;0.000000
8.526;0.170224;-0.012466;0.182690;-0.013374
8.527;0.160800;-0.020400;0.181200;-0.022331
8.528;0.150439;-0.021001;0.171439;-0.024162
8.529;0.146434;-0.014202;0.160636;-0.018860
8.530;0.154380;-0.002675;0.157055;-0.009104
8.531;0.171561;0.009203;0.162358;0.000776
8.532;0.187119;0.017024;0.170096;0.006466
8.533;0.189739;0.018006;0.171733;0.005319
8.534;0.176612;0.012030;0.164582;-0.002624
8.535;0.155944;0.001644;0.154301;-0.014656
8.536;0.140687;-0.008953;0.149640;-0.026434
8.537;0.138787;-0.015544;0.154331;-0.033633
8.538;0.148113;-0.015529;0.163642;-0.033600
8.539;0.159862;-0.008928;0.168790;-0.026355
8.540;0.166724;0.001634;0.165091;-0.014583
8.541;0.168237;0.011945;0.156292;-0.002606
8.542;0.168915;0.017845;0.151069;0.005272
8.543;0.171803;0.016840;0.154963;0.006395
8.544;0.174319;0.009090;0.165229;0.000766
8.545;0.170761;-0.002628;0.173389;-0.008968
8.546;0.159130;-0.013953;0.173083;-0.018542
8.547;0.145347;-0.020596;0.165943;-0.023707
8.548;0.140068;-0.019968;0.160036;-0.021867
8.549;0.150170;-0.012177;0.162347;-0.013070
8.550;0.172275;0.000000;0.172275;0.000000
8.551;0.194334;0.012153;0.182181;0.013044
8.552;0.204347;0.019887;0.184460;0.021780
8.553;0.199036;0.020470;0.178566;0.023566
8.554;0.185313;0.013837;0.171475;0.018394
8.555;0.173772;0.002596;0.171176;0.008879
8.556;0.170246;-0.008987;0.179232;-0.000757
8.557;0.172718;-0.016610;0.189328;-0.006306
8.558;0.175553;-0.017563;0.193116;-0.005188
8.559;0.176221;-0.011730;0.187951;0.002559
8.560;0.177714;-0.001595;0.179309;0.014295
8.561;0.184426;0.008744;0.175682;0.025781
8.562;0.195860;0.015174;0.180686;0.032803
8.563;0.204873;0.015159;0.189714;0.032770
8.564;0.202940;0.008719;0.194221;0.025704
8.565;0.188073;-0.001585;0.189658;0.014223
8.566;0.168042;-0.011647;0.179689;0.002541
8.567;0.155370;-0.017406;0.172776;-0.005142
8.568;0.157908;-0.016431;0.174339;-0.006237
8.569;0.172869;-0.008876;0.181745;-0.000748
8.570;0.189336;0.002550;0.186786;0.008747
8.571;0.196917;0.013595;0.183322;0.018084
8.572;0.193064;0.020075;0.172989;0.023122
8.573;0.183157;0.019466;0.163691;0.021327
8.574;0.174151;0.011872;0.162279;0.012747
8.575;0.168226;0.000000;0.168226;0.000000
8.576;0.162311;-0.011848;0.174159;-0.012722
8.577;0.153351;-0.019387;0.172738;-0.021242
8.578;0.143536;-0.019952;0.163488;-0.022984
8.579;0.139770;-0.013482;0.153252;-0.017940
8.580;0.147334;-0.002519;0.149854;-0.008660
8.581;0.163638;0.008775;0.154863;0.000739
8.582;0.178385;0.016206;0.162179;0.006150
8.583;0.180852;0.017131;0.163721;0.005060
8.584;0.168383;0.011437;0.156946;-0.002496
8.585;0.148757;0.001548;0.147210;-0.013942
8.586;0.134255;-0.008539;0.142794;-0.025145
8.587;0.132419;-0.014812;0.147231;-0.031993
8.588;0.141244;-0.014798;0.156042;-0.031962
8.589;0.152398;-0.008515;0.160913;-0.025070
8.590;0.158951;0.001539;0.157412;-0.013872
8.591;0.160441;0.011356;0.149085;-0.002479
8.592;0.161123;0.016978;0.144145;0.005015
8.593;0.163865;0.016032;0.147833;0.006083
8.594;0.166221;0.008667;0.157554;0.000729
8.595;0.162808;-0.002475;0.165283;-0.008531
8.596;0.151752;-0.013246;0.164999;-0.017638
8.597;0.138679;-0.019568;0.158247;-0.022551
8.598;0.133686;-0.018977;0.152663;-0.020801
8.599;0.143283;-0.011574;0.154857;-0.012433
8.600;0.164260;0.000000;0.164260;0.000000
8.601;0.185194;0.011551;0.173643;0.012408
8.602;0.194707;0.018900;0.175807;0.020718
8.603;0.189683;0.019448;0.170235;0.022417
8.604;0.176667;0.013137;0.163530;0.017497
8.605;0.165697;0.002445;0.163252;0.008446
8.606;0.162314;-0.008568;0.170882;-0.000720
8.607;0.164629;-0.015813;0.180441;-0.005999
8.608;0.167321;-0.016710;0.184031;-0.004935
8.609;0.167992;-0.011152;0.179144;0.002434
8.610;0.169463;-0.001502;0.170965;0.013598
8.611;0.175872;0.008339;0.167532;0.024524
8.612;0.186727;0.014459;0.172268;0.031204
8.613;0.195256;0.014445;0.180811;0.031173
8.614;0.193389;0.008315;0.185073;0.024451
8.615;0.179258;-0.001493;0.180751;0.013530
8.616;0.160236;-0.011073;0.171309;0.002417
8.617;0.148199;-0.016561;0.164760;-0.004891
8.618;0.150590;-0.015642;0.166232;-0.005933
8.619;0.164771;-0.008463;0.173234;-0.000711
8.620;0.180398;0.002401;0.177996;0.008320
8.621;0.187614;0.012907;0.174708;0.017202
8.622;0.183991;0.019073;0.164918;0.021995
8.623;0.174607;0.018500;0.156107;0.020287
8.624;0.166043;0.011284;0.154759;0.012126
8.625;0.160377;0.000000;0.160377;0.000000
8.626;0.154721;-0.011261;0.165982;-0.012102
8.627;0.146202;-0.018425;0.164626;-0.020206
8.628;0.136905;-0.018957;0.155861;-0.021863
8.629;0.133363;-0.012800;0.146163;-0.017065
8.630;0.140564;-0.002373;0.142937;-0.008237
8.631;0.156036;0.008366;0.147670;0.000703
8.632;0.170014;0.015428;0.154586;0.005851
8.633;0.172337;0.016299;0.156038;0.004813
8.634;0.160493;0.010873;0.149620;-0.002374
8.635;0.141857;0.001458;0.140400;-0.013262
8.636;0.128073;-0.008144;0.136216;-0.023919
8.637;0.126299;-0.014114;0.140413;-0.030433
8.638;0.134650;-0.014101;0.148750;-0.030403
8.639;0.145240;-0.008121;0.153360;-0.023847
8.640;0.151496;0.001449;0.150047;-0.013196
8.641;0.152963;0.010796;0.142167;-0.002358
8.642;0.153647;0.016154;0.137493;0.004770
8.643;0.156249;0.015262;0.140987;0.005787
8.644;0.158456;0.008263;0.150192;0.000694
8.645;0.155181;-0.002330;0.157512;-0.008115
8.646;0.144673;-0.012576;0.157249;-0.016778
8.647;0.132272;-0.018592;0.150864;-0.021452
8.648;0.127550;-0.018035;0.145585;-0.019786
8.649;0.136667;-0.011001;0.147668;-0.011826
8.650;0.156575;0.000000;0.156575;0.000000
8.651;0.176441;0.010978;0.165462;0.011803
8.652;0.185479;0.017961;0.167517;0.019707
8.653;0.180727;0.018478;0.162250;0.021323
8.654;0.168381;0.012472;0.155909;0.016644
8.655;0.157954;0.002303;0.155651;0.008034
8.656;0.154709;-0.008169;0.162878;-0.000685
8.657;0.156876;-0.015053;0.171929;-0.005706
8.658;0.159431;-0.015898;0.175330;-0.004695
8.659;0.160105;-0.010602;0.170707;0.002316
8.660;0.161552;-0.001415;0.162967;0.012935
8.661;0.167671;0.007953;0.159718;0.023328
8.662;0.177977;0.013778;0.164199;0.029682
8.663;0.186047;0.013764;0.172283;0.029652
8.664;0.184244;0.007930;0.176314;0.023259
8.665;0.170812;-0.001406;0.172219;0.012870
8.666;0.152750;-0.010527;0.163277;0.002299
8.667;0.141316;-0.015756;0.157073;-0.004652
8.668;0.143568;-0.014891;0.158459;-0.005644
8.669;0.157010;-0.008069;0.165078;-0.000676
8.670;0.171839;0.002262;0.169578;0.007914
8.671;0.178709;0.012254;0.166456;0.016363
8.672;0.175302;0.018122;0.157180;0.020922
8.673;0.166412;0.017581;0.148831;0.019298
8.674;0.158270;0.010725;0.147545;0.011534
8.675;0.152852;0.000000;0.152852;0.000000
8.676;0.147444;-0.010703;0.158147;-0.011511
8.677;0.139344;-0.017510;0.156854;-0.019221
8.678;0.130537;-0.018011;0.148548;-0.020797
8.679;0.127207;-0.012152;0.139360;-0.016233
8.680;0.134063;-0.002235;0.136297;-0.007836
8.681;0.148745;0.007977;0.140769;0.000668
8.682;0.161994;0.014687;0.147307;0.005565
8.683;0.164182;0.015507;0.148675;0.004579
8.684;0.152931;0.010337;0.142594;-0.002258
8.685;0.135235;0.001373;0.133863;-0.012615
8.686;0.122133;-0.007767;0.129899;-0.022753
8.687;0.120419;-0.013449;0.133868;-0.028949
8.688;0.128322;-0.013436;0.141758;-0.028920
8.689;0.138376;-0.007744;0.146120;-0.022684
8.690;0.144349;0.001365;0.142985;-0.012552
8.691;0.145792;0.010264;0.135527;-0.002243
8.692;0.146475;0.015369;0.131106;0.004538
8.693;0.148945;0.014529;0.134416;0.005504
8.694;0.151011;0.007878;0.143133;0.000660
8.695;0.147870;-0.002195;0.150065;-0.007719
8.696;0.137882;-0.011940;0.149821;-0.015960
8.697;0.126120;-0.017664;0.143784;-0.020406
8.698;0.121654;-0.017139;0.138793;-0.018822
8.699;0.130315;-0.010456;0.140771;-0.011250
8.700;0.149208;0.000000;0.149208;0.000000
8.701;0.168061;0.010435;0.157626;0.011227
8.702;0.176647;0.017070;0.159577;0.018746
8.703;0.172153;0.017556;0.154597;0.020284
8.704;0.160443;0.011841;0.148602;0.015832
8.705;0.150531;0.002169;0.148363;0.007642
8.706;0.147419;-0.007789;0.155207;-0.000652
8.707;0.149448;-0.014330;0.163778;-0.005428
8.708;0.151873;-0.015126;0.166999;-0.004466
8.709;0.152547;-0.010079;0.162626;0.002203
8.710;0.153969;-0.001332;0.155301;0.012304
8.711;0.159811;0.007584;0.152226;0.022191
8.712;0.169595;0.013128;0.156467;0.028235
8.713;0.177232;0.013115;0.164116;0.028207
8.714;0.175492;0.007563;0.167929;0.022124
8.715;0.162725;-0.001324;0.164049;0.012242
8.716;0.145573;-0.010008;0.155581;0.002187
8.717;0.134712;-0.014991;0.149703;-0.004426
8.718;0.136833;-0.014176;0.151009;-0.005369
8.719;0.149574;-0.007692;0.157266;-0.000643
8.720;0.163647;0.002130;0.161517;0.007529
8.721;0.170187;0.011634;0.158554;0.015566
8.722;0.166983;0.017218;0.149765;0.019902
8.723;0.158562;0.016709;0.141853;0.018357
8.724;0.150821;0.010194;0.140627;0.010972
8.725;0.145640;0.000000;0.145640;0.000000
8.726;0.140469;-0.010173;0.150642;-0.010950
8.727;0.132768;-0.016641;0.149408;-0.018284
8.728;0.124425;-0.017112;0.141538;-0.019783
8.729;0.121295;-0.011537;0.132832;-0.015442
8.730;0.127821;-0.002104;0.129925;-0.007454
8.731;0.141754;0.007605;0.134149;0.000636
8.732;0.154313;0.013982;0.140331;0.005294
8.733;0.156373;0.014754;0.141619;0.004355
8.734;0.145686;0.009828;0.135858;-0.002148
8.735;0.128882;0.001293;0.127589;-0.012000
8.736;0.116428;-0.007406;0.123835;-0.021643
8.737;0.114774;-0.012815;0.127588;-0.027538
8.738;0.122252;-0.012802;0.135054;-0.027510
8.739;0.131797;-0.007385;0.139183;-0.021578
8.740;0.137500;0.001285;0.136215;-0.011940
8.741;0.138916;0.009758;0.129158;-0.002133
8.742;0.139598;0.014622;0.124975;0.004316
8.743;0.141943;0.013831;0.128111;0.005236
8.744;0.143876;0.007511;0.136365;0.000628
8.745;0.140864;-0.002067;0.142931;-0.007343
8.746;0.131370;-0.011336;0.142705;-0.015181
8.747;0.120213;-0.016783;0.136996;-0.019411
8.748;0.115990;-0.016289;0.132278;-0.017904
8.749;0.124219;-0.009938;0.134157;-0.010701
8.750;0.142148;0.000000;0.142148;0.000000
8.751;0.160040;0.009918;0.150122;0.010680
8.752;0.168197;0.016223;0.151975;0.017832
8.753;0.163947;0.016680;0.147267;0.019295
8.754;0.152839;0.011242;0.141597;0.015060
8.755;0.143418;0.002042;0.141376;0.007270
8.756;0.140433;-0.007425;0.147858;-0.000620
8.757;0.142332;-0.013642;0.155974;-0.005163
8.758;0.144635;-0.014391;0.159026;-0.004248
8.759;0.145306;-0.009582;0.154888;0.002095
8.760;0.146702;-0.001255;0.147957;0.011704
8.761;0.152279;0.007233;0.145047;0.021109
8.762;0.161569;0.012509;0.149060;0.026858
8.763;0.168795;0.012497;0.156298;0.026831
8.764;0.167116;0.007212;0.159904;0.021046
8.765;0.154981;-0.001247;0.156228;0.011645
8.766;0.138694;-0.009515;0.148209;0.002081
8.767;0.128377;-0.014263;0.142640;-0.004210
8.768;0.130375;-0.013495;0.143869;-0.005107
8.769;0.142451;-0.007334;0.149785;-0.000612
8.770;0.155806;0.002006;0.153801;0.007161
8.771;0.162033;0.011045;0.150988;0.014807
8.772;0.159020;0.016359;0.142661;0.018932
8.773;0.151043;0.015879;0.135164;0.017462
8.774;0.143683;0.009689;0.133994;0.010437
8.775;0.138730;0.000000;0.138730;0.000000
8.776;0.133786;-0.009669;0.143455;-0.010416
8.777;0.126463;-0.015815;0.142278;-0.017392
8.778;0.118561;-0.016259;0.134820;-0.018818
8.779;0.115618;-0.010954;0.126571;-0.014689
8.780;0.121830;-0.001982;0.123812;-0.007090
8.781;0.135053;0.007250;0.127803;0.000605
8.782;0.146957;0.013310;0.133647;0.005036
8.783;0.148897;0.014037;0.134860;0.004143
8.784;0.138746;0.009343;0.129403;-0.002044
8.785;0.122789;0.001218;0.121572;-0.011415
8.786;0.110952;-0.007063;0.118014;-0.020588
8.787;0.109355;-0.012210;0.121565;-0.026195
8.788;0.116431;-0.012199;0.128630;-0.026169
8.789;0.125494;-0.007043;0.132537;-0.020526
8.790;0.130938;0.001210;0.129728;-0.011358
8.791;0.132327;0.009277;0.123050;-0.002029
8.792;0.133005;0.013912;0.119093;0.004106
8.793;0.135231;0.013167;0.122064;0.004981
8.794;0.137040;0.007161;0.129880;0.000597
8.795;0.134152;-0.001947;0.136099;-0.006985
8.796;0.125127;-0.010762;0.135890;-0.014441
8.797;0.114545;-0.015946;0.130491;-0.018464
8.798;0.110551;-0.015480;0.126032;-0.017031
8.799;0.118369;-0.009446;0.127815;-0.010179
8.800;0.135384;0.000000;0.135384;0.000000
8.801;0.152364;0.009427;0.142937;0.010159
8.802;0.160114;0.015418;0.144697;0.016963
8.803;0.156095;0.015848;0.140246;0.018354
8.804;0.145559;0.010673;0.134885;0.014326
8.805;0.136604;0.001923;0.134680;0.006915
8.806;0.133741;-0.007079;0.140820;-0.000590
8.807;0.135519;-0.012986;0.148505;-0.004911
8.808;0.137704;-0.013692;0.151396;-0.004041
8.809;0.138372;-0.009110;0.147482;0.001993
8.810;0.139741;-0.001182;0.140922;0.011133
8.811;0.145065;0.006897;0.138168;0.020079
8.812;0.153885;0.011919;0.141966;0.025548
8.813;0.160722;0.011907;0.148815;0.025523
8.814;0.159103;0.006877;0.152225;0.020019
8.815;0.147568;-0.001174;0.148743;0.011078
8.816;0.132103;-0.009046;0.141149;0.001979
8.817;0.122303;-0.013570;0.135872;-0.004005
8.818;0.124184;-0.012846;0.137030;-0.004858
8.819;0.135632;-0.006992;0.142623;-0.000582
8.820;0.148306;0.001889;0.146417;0.006812
8.821;0.154233;0.010487;0.143747;0.014085
8.822;0.151401;0.015543;0.135858;0.018008
8.823;0.143844;0.015091;0.128753;0.016610
8.824;0.136846;0.009209;0.127637;0.009928
8.825;0.132111;0.000000;0.132111;0.000000
8.826;0.127384;-0.009190;0.136574;-0.009908
8.827;0.120421;-0.015030;0.135452;-0.016544
8.828;0.112936;-0.015448;0.128384;-0.017901
8.829;0.110169;-0.010400;0.120569;-0.013972
8.830;0.116083;-0.001866;0.117950;-0.006744
8.831;0.128632;0.006912;0.121720;0.000575
8.832;0.139916;0.012670;0.127245;0.004790
8.833;0.141743;0.013355;0.128388;0.003941
8.834;0.132100;0.008883;0.123217;-0.001944
8.835;0.116948;0.001147;0.115801;-0.010858
8.836;0.105696;-0.006735;0.112431;-0.019584
8.837;0.104155;-0.011634;0.115789;-0.024918
8.838;0.110852;-0.011623;0.122475;-0.024893
8.839;0.119456;-0.006716;0.126172;-0.019525
8.840;0.124654;0.001140;0.123514;-0.010804
8.841;0.126015;0.008820;0.117195;-0.001930
8.842;0.126687;0.013236;0.113451;0.003906
8.843;0.128800;0.012534;0.116266;0.004738
8.844;0.130493;0.006826;0.123667;0.000568
8.845;0.127724;-0.001833;0.129557;-0.006644
8.846;0.119146;-0.010218;0.129364;-0.013737
8.847;0.109108;-0.015151;0.124259;-0.017564
8.848;0.105331;-0.014712;0.120043;-0.016200
8.849;0.112759;-0.008978;0.121737;-0.009683
8.850;0.128907;0.000000;0.128907;0.000000
8.851;0.145021;0.008960;0.136061;0.009664
8.852;0.152384;0.014653;0.137732;0.016136
8.853;0.148583;0.015058;0.133525;0.017459
8.854;0.138589;0.010134;0.128456;0.013627
8.855;0.130077;0.001811;0.128266;0.006578
8.856;0.127333;-0.006749;0.134081;-0.000561
8.857;0.128996;-0.012362;0.141358;-0.004672
8.858;0.131071;-0.013026;0.144097;-0.003844
8.859;0.131733;-0.008661;0.140394;0.001896
8.860;0.133074;-0.001113;0.134187;0.010590
8.861;0.138157;0.006577;0.131580;0.019100
8.862;0.146530;0.011356;0.135174;0.024302
8.863;0.153001;0.011345;0.141655;0.024278
8.864;0.151439;0.006558;0.144881;0.019043
8.865;0.140475;-0.001106;0.141581;0.010537
8.866;0.125789;-0.008600;0.134389;0.001883
8.867;0.116481;-0.012910;0.129391;-0.003809
8.868;0.118252;-0.012229;0.130481;-0.004621
8.869;0.129103;-0.006665;0.135769;-0.000554
8.870;0.141131;0.001779;0.139352;0.006480
8.871;0.146774;0.009957;0.136818;0.013398
8.872;0.144112;0.014768;0.129343;0.017130
8.873;0.136953;0.014343;0.122611;0.015800
8.874;0.130299;0.008753;0.121546;0.009444
8.875;0.125772;0.000000;0.125772;0.000000
8.876;0.121253;-0.008735;0.129988;-0.009425
8.877;0.114634;-0.014284;0.128918;-0.015737
8.878;0.107543;-0.014678;0.122221;-0.017028
8.879;0.104942;-0.009874;0.114817;-0.013291
8.880;0.110572;-0.001758;0.112330;-0.006416
8.881;0.122481;0.006589;0.115892;0.000547
8.882;0.133177;0.012062;0.121115;0.004557
8.883;0.134898;0.012706;0.122192;0.003749
8.884;0.125738;0.008445;0.117293;-0.001849
8.885;0.111350;0.001080;0.110270;-0.010329
8.886;0.100655;-0.006422;0.107077;-0.018629
8.887;0.099169;-0.011085;0.110254;-0.023702
8.888;0.105506;-0.011074;0.116580;-0.023679
8.889;0.113675;-0.006404;0.120079;-0.018573
8.890;0.118637;0.001073;0.117563;-0.010277
8.891;0.119969;0.008385;0.111583;-0.001836
8.892;0.120635;0.012593;0.108042;0.003715
8.893;0.122641;0.011932;0.110709;0.004507
8.894;0.124225;0.006508;0.117717;0.000540
8.895;0.121570;-0.001726;0.123296;-0.006320
8.896;0.113416;-0.009702;0.123117;-0.013067
8.897;0.103895;-0.014396;0.118291;-0.016707
8.898;0.100323;-0.013982;0.114306;-0.015410
8.899;0.107380;-0.008534;0.115913;-0.009211
8.900;0.122705;0.000000;0.122705;0.000000
8.901;0.137998;0.008516;0.129482;0.009192
8.902;0.144994;0.013926;0.131068;0.015349
8.903;0.141399;0.014308;0.127092;0.016607
8.904;0.131920;0.009622;0.122298;0.012963
8.905;0.123829;0.001706;0.122123;0.006257
8.906;0.121197;-0.006433;0.127631;-0.000534
8.907;0.122753;-0.011768;0.134521;-0.004444
8.908;0.124723;-0.012393;0.137116;-0.003656
8.909;0.125379;-0.008234;0.133613;0.001803
8.910;0.126691;-0.001048;0.127739;0.010074
8.911;0.131544;0.006271;0.125272;0.018169
8.912;0.139494;0.010820;0.128673;0.023117
8.913;0.145616;0.010810;0.134806;0.023094
8.914;0.144110;0.006253;0.137857;0.018114
8.915;0.133689;-0.001042;0.134731;0.010024
8.916;0.119744;-0.008176;0.127920;0.001791
8.917;0.110902;-0.012283;0.123185;-0.003624
8.918;0.112570;-0.011641;0.124211;-0.004396
8.919;0.122856;-0.006354;0.129210;-0.000527
8.920;0.134271;0.001675;0.132595;0.006164
8.921;0.139643;0.009453;0.130190;0.012744
8.922;0.137140;0.014032;0.123108;0.016295
8.923;0.130359;0.013631;0.116728;0.015030
8.924;0.124032;0.008320;0.115713;0.008983
8.925;0.119705;0.000000;0.119705;0.000000
8.926;0.115385;-0.008303;0.123687;-0.008965
8.927;0.109091;-0.013576;0.122667;-0.014970
8.928;0.102374;-0.013946;0.116320;-0.016197
8.929;0.099930;-0.009375;0.109305;-0.012643
8.930;0.105290;-0.001655;0.106945;-0.006103
8.931;0.116591;0.006281;0.110310;0.000521
8.932;0.126730;0.011482;0.115248;0.004334
8.933;0.128350;0.012089;0.116262;0.003566
8.934;0.119650;0.008029;0.111621;-0.001759
8.935;0.105987;0.001017;0.104970;-0.009825
8.936;0.095822;-0.006124;0.101945;-0.017720
8.937;0.094388;-0.010561;0.104949;-0.022547
8.938;0.100385;-0.010551;0.110936;-0.022524
8.939;0.108141;-0.006106;0.114247;-0.017667
8.940;0.112878;0.001011;0.111867;-0.009776
8.941;0.114180;0.007972;0.106208;-0.001747
8.942;0.114839;0.011981;0.102858;0.003534
8.943;0.116743;0.011358;0.105385;0.004287
8.944;0.118225;0.006204;0.112021;0.000514
8.945;0.115679;-0.001626;0.117305;-0.006012
8.946;0.107929;-0.009211;0.117140;-0.012430
8.947;0.098898;-0.013678;0.112576;-0.015893
8.948;0.095520;-0.013289;0.108809;-0.014659
8.949;0.102225;-0.008111;0.110336;-0.008762
8.950;0.116769;0.000000;0.116769;0.000000
8.951;0.131283;0.008095;0.123189;0.008744
8.952;0.137930;0.013235;0.124695;0.014600
8.953;0.134530;0.013594;0.120936;0.015798
8.954;0.125539;0.009135;0.116404;0.012331
8.955;0.117848;0.001606;0.116242;0.005952
8.956;0.115326;-0.006133;0.121458;-0.000508
8.957;0.116781;-0.011202;0.127983;-0.004227
8.958;0.118651;-0.011791;0.130442;-0.003478
8.959;0.119300;-0.007828;0.127128;0.001716
8.960;0.120582;-0.000987;0.121569;0.009583
8.961;0.125214;0.005980;0.119235;0.017283
8.962;0.132762;0.010309;0.122453;0.021990
8.963;0.138556;0.010299;0.128257;0.021968
8.964;0.137105;0.005963;0.131142;0.017231
8.965;0.127200;-0.000981;0.128181;0.009535
8.966;0.113957;-0.007773;0.121731;0.001704
8.967;0.105558;-0.011686;0.117244;-0.003447
8.968;0.107129;-0.011082;0.118211;-0.004181
8.969;0.116880;-0.006057;0.122936;-0.000501
8.970;0.127712;0.001578;0.126135;0.005863
8.971;0.132827;0.008976;0.123851;0.012123
8.972;0.130474;0.013333;0.117141;0.015500
8.973;0.124051;0.012955;0.111096;0.014297
8.974;0.118035;0.007908;0.110127;0.008545
8.975;0.113898;0.000000;0.113898;0.000000
8.976;0.109769;-0.007892;0.117660;-0.008528
8.977;0.103784;-0.012903;0.116687;-0.014240
8.978;0.097422;-0.013251;0.110673;-0.015408
8.979;0.095125;-0.008902;0.104026;-0.012026
8.980;0.100227;-0.001559;0.101786;-0.005805
8.981;0.110953;0.005988;0.104965;0.000495
8.982;0.120563;0.010930;0.109634;0.004123
8.983;0.122089;0.011501;0.110588;0.003392
8.984;0.113825;0.007633;0.106192;-0.001673
8.985;0.100851;0.000958;0.099893;-0.009346
8.986;0.091189;-0.005839;0.097028;-0.016856
8.987;0.089807;-0.010062;0.099869;-0.021447
8.988;0.095481;-0.010053;0.105534;-0.021426
8.989;0.102846;-0.005822;0.108668;-0.016806
8.990;0.107367;0.000952;0.106415;-0.009299
8.991;0.108639;0.007579;0.101060;-0.001662
8.992;0.109290;0.011399;0.097892;0.003362
8.993;0.111098;0.010812;0.100286;0.004078
8.994;0.112483;0.005913;0.106570;0.000489
8.995;0.110043;-0.001531;0.111574;-0.005719
8.996;0.102676;-0.008746;0.111422;-0.011824
8.997;0.094110;-0.012996;0.107107;-0.015118
8.998;0.090916;-0.012630;0.103546;-0.013944
8.999;0.097286;-0.007710;0.104996;-0.008334
9.000;0.111090;0.000000;0.111090;0.000000
9.001;0.124865;0.007694;0.117171;0.008318
9.002;0.131180;0.012579;0.118601;0.013888
9.003;0.127965;0.012917;0.115048;0.015027
9.004;0.119436;0.008674;0.110762;0.011729
9.005;0.112126;0.001513;0.110613;0.005662
9.006;0.109708;-0.005846;0.115554;-0.000483
9.007;0.111069;-0.010664;0.121733;-0.004021
9.008;0.112844;-0.011218;0.124062;-0.003308
9.009;0.113484;-0.007443;0.120927;0.001632
9.010;0.114737;-0.000929;0.115667;0.009115
9.011;0.119159;0.005701;0.113457;0.016440
9.012;0.126325;0.009822;0.116503;0.020918
9.013;0.131807;0.009812;0.121995;0.020897
9.014;0.130409;0.005685;0.124724;0.016391
9.015;0.120994;-0.000924;0.121918;0.009070
9.016;0.108420;-0.007390;0.115810;0.001621
9.017;0.100441;-0.011118;0.111559;-0.003279
9.018;0.101921;-0.010549;0.112470;-0.003977
9.019;0.111164;-0.005774;0.116937;-0.000477
9.020;0.121444;0.001486;0.119958;0.005578
9.021;0.126313;0.008522;0.117791;0.011532
9.022;0.124102;0.012669;0.111434;0.014744
9.023;0.118017;0.012313;0.105705;0.013600
9.024;0.112298;0.007516;0.104781;0.008129
9.025;0.108343;0.000000;0.108343;0.000000
9.026;0.104396;-0.007501;0.111897;-0.008112
9.027;0.098706;-0.012263;0.110969;-0.013545
9.028;0.092679;-0.012591;0.105270;-0.014656
9.029;0.090521;-0.008452;0.098973;-0.011440
9.030;0.095378;-0.001468;0.096846;-0.005522
9.031;0.105557;0.005708;0.099850;0.000471
9.032;0.114667;0.010404;0.104263;0.003922
9.033;0.116104;0.010942;0.105162;0.003227
9.034;0.108254;0.007257;0.100997;-0.001592
9.035;0.095934;0.000902;0.095032;-0.008890
9.036;0.086750;-0.005567;0.092317;-0.016034
9.037;0.085418;-0.009587;0.095005;-0.020401
9.038;0.090788;-0.009578;0.100366;-0.020381
9.039;0.097780;-0.005551;0.103331;-0.015986
9.040;0.102096;0.000897;0.101200;-0.008846
9.041;0.103338;0.007206;0.096132;-0.001581
9.042;0.103980;0.010845;0.093135;0.003198
9.043;0.105695;0.010292;0.095403;0.003879
9.044;0.106991;0.005637;0.101354;0.000465
9.045;0.104652;-0.001442;0.106094;-0.005440
9.046;0.097649;-0.008304;0.105954;-0.011247
9.047;0.089525;-0.012349;0.101874;-0.014380
9.048;0.086504;-0.012004;0.098508;-0.013264
9.049;0.092557;-0.007328;0.099885;-0.007928
9.050;0.105657;0.000000;0.105657;0.000000
9.051;0.118731;0.007313;0.111417;0.007912
9.052;0.124731;0.011955;0.112776;0.013211
9.053;0.121690;0.012273;0.109417;0.014294
9.054;0.113601;0.008236;0.105365;0.011157
9.055;0.106652;0.001425;0.105227;0.005386
9.056;0.104335;-0.005572;0.109907;-0.000459
9.057;0.105607;-0.010151;0.115758;-0.003825
9.058;0.107292;-0.010673;0.117965;-0.003147
9.059;0.107923;-0.007076;0.115000;0.001552
9.060;0.109146;-0.000875;0.110022;0.008671
9.061;0.113367;0.005436;0.107931;0.015638
9.062;0.120171;0.009358;0.110813;0.019898
9.063;0.125358;0.009348;0.116010;0.019878
9.064;0.124012;0.005420;0.118591;0.015592
9.065;0.115063;-0.000870;0.115933;0.008628
9.066;0.103122;-0.007026;0.110148;0.001541
9.067;0.095544;-0.010578;0.106121;-0.003119
9.068;0.096937;-0.010042;0.106979;-0.003783
9.069;0.105699;-0.005503;0.111202;-0.000453
9.070;0.115455;0.001399;0.114056;0.005306
9.071;0.120091;0.008092;0.111999;0.010969
9.072;0.118013;0.012037;0.105975;0.014025
9.073;0.112249;0.011702;0.100547;0.012937
9.074;0.106811;0.007145;0.099666;0.007732
9.075;0.103031;0.000000;0.103031;0.000000
9.076;0.099258;-0.007130;0.106388;-0.007717
9.077;0.093848;-0.011655;0.105503;-0.012885
9.078;0.088139;-0.011964;0.100102;-0.013941
9.079;0.086111;-0.008025;0.094136;-0.010882
9.080;0.090735;-0.001383;0.092117;-0.005253
9.081;0.100395;0.005440;0.094955;0.000448
9.082;0.109031;0.009904;0.099127;0.003731
9.083;0.110384;0.010411;0.099974;0.003069
9.084;0.102927;0.006900;0.096028;-0.001514
9.085;0.091229;0.000849;0.090379;-0.008457
9.086;0.082499;-0.005308;0.087807;-0.015252
9.087;0.081216;-0.009134;0.090349;-0.019406
9.088;0.086297;-0.009125;0.095422;-0.019387
9.089;0.092936;-0.005293;0.098229;-0.015207
9.090;0.097056;0.000844;0.096212;-0.008415
9.091;0.098267;0.006851;0.091416;-0.001503
9.092;0.098899;0.010318;0.088581;0.003042
9.093;0.100527;0.009797;0.090730;0.003690
9.094;0.101738;0.005373;0.096365;0.000442
9.095;0.099497;-0.001358;0.100855;-0.005175
9.096;0.092841;-0.007885;0.100726;-0.010699
9.097;0.085134;-0.011734;0.096868;-0.013679
9.098;0.082278;-0.011408;0.093687;-0.012617
9.099;0.088029;-0.006966;0.094994;-0.007541
9.100;0.100463;0.000000;0.100463;0.000000
9.101;0.112870;0.006951;0.105919;0.007526
9.102;0.118571;0.011362;0.107209;0.012567
9.103;0.115696;0.011662;0.104034;0.013597
9.104;0.108023;0.007820;0.100203;0.010613
9.105;0.101418;0.001342;0.100076;0.005123
9.106;0.099197;-0.005312;0.104508;-0.000437
9.107;0.100386;-0.009663;0.110049;-0.003639
9.108;0.101986;-0.010154;0.112140;-0.002994
9.109;0.102607;-0.006727;0.109335;0.001477
9.110;0.103800;-0.000824;0.104624;0.008248
9.111;0.107828;0.005183;0.102646;0.014876
9.112;0.114288;0.008915;0.105373;0.018927
9.113;0.119197;0.008906;0.110291;0.018908
9.114;0.117900;0.005168;0.112732;0.014831
9.115;0.109395;-0.000819;0.110214;0.008207
9.116;0.098056;-0.006680;0.104736;0.001466
9.117;0.090857;-0.010064;0.100921;-0.002967
9.118;0.092169;-0.009559;0.101728;-0.003599
9.119;0.100475;-0.005246;0.105721;-0.000431
9.120;0.109735;0.001318;0.108417;0.005047
9.121;0.114148;0.007684;0.106464;0.010434
9.122;0.112195;0.011438;0.100757;0.013341
9.123;0.106735;0.011122;0.095613;0.012306
9.124;0.101564;0.006791;0.094773;0.007355
9.125;0.097951;0.000000;0.097951;0.000000
9.126;0.094345;-0.006777;0.101122;-0.007340
9.127;0.089202;-0.011077;0.100278;-0.012257
9.128;0.083793;-0.011368;0.095161;-0.013262
9.129;0.081888;-0.007620;0.089508;-0.010351
9.130;0.086290;-0.001302;0.087592;-0.004997
9.131;0.095458;0.005186;0.090273;0.000426
9.132;0.103645;0.009428;0.094217;0.003549
9.133;0.104919;0.009905;0.095014;0.002920
9.134;0.097836;0.006560;0.091276;-0.001440
9.135;0.086727;0.000800;0.085927;-0.008044
9.136;0.078430;-0.005061;0.083490;-0.014509
9.137;0.077193;-0.008702;0.085895;-0.018460
9.138;0.082002;-0.008693;0.090695;-0.018442
9.139;0.088306;-0.005046;0.093352;-0.014465
9.140;0.092238;0.000795;0.091443;-0.008004
9.141;0.093419;0.006513;0.086905;-0.001430
9.142;0.094039;0.009816;0.084223;0.002894
9.143;0.095585;0.009326;0.086260;0.003510
9.144;0.096717;0.005121;0.091596;0.000421
9.145;0.094569;-0.001279;0.095848;-0.004922
9.146;0.088243;-0.007487;0.095730;-0.010177
9.147;0.080933;-0.011149;0.092082;-0.013012
9.148;0.078232;-0.010843;0.089075;-0.012002
9.149;0.083696;-0.006621;0.090317;-0.007174
9.150;0.095497;0.000000;0.095497;0.000000
9.151;0.107273;0.006607;0.100665;0.007159
9.152;0.112689;0.010799;0.101890;0.011954
9.153;0.109970;0.011081;0.098889;0.012934
9.154;0.102692;0.007425;0.095267;0.010096
9.155;0.096414;0.001264;0.095150;0.004873
9.156;0.094286;-0.005063;0.099349;-0.000416
9.157;0.095397;-0.009198;0.104595;-0.003461
9.158;0.096915;-0.009661;0.106576;-0.002848
9.159;0.097527;-0.006396;0.103923;0.001405
9.160;0.098689;-0.000776;0.099465;0.007846
9.161;0.102534;0.004941;0.097593;0.014150
9.162;0.108668;0.008493;0.100174;0.018004
9.163;0.113313;0.008485;0.104828;0.017986
9.164;0.112064;0.004927;0.107137;0.014108
9.165;0.103979;-0.000772;0.104751;0.007807
9.166;0.093212;-0.006351;0.099563;0.001395
9.167;0.086374;-0.009575;0.095949;-0.002822
9.168;0.087610;-0.009099;0.096709;-0.003423
9.169;0.095483;-0.005000;0.100484;-0.000410
9.170;0.104272;0.001241;0.103031;0.004801
9.171;0.108473;0.007296;0.101177;0.009926
9.172;0.106638;0.010868;0.095770;0.012691
9.173;0.101466;0.010571;0.090895;0.011706
9.174;0.096550;0.006455;0.090094;0.006996
9.175;0.093097;0.000000;0.093097;0.000000
9.176;0.089650;-0.006442;0.096092;-0.006982
9.177;0.084760;-0.010528;0.095287;-0.011659
9.178;0.079636;-0.010802;0.090438;-0.012615
9.179;0.077847;-0.007236;0.085082;-0.009847
9.180;0.082037;-0.001226;0.083264;-0.004753
9.181;0.090739;0.004943;0.085796;0.000405
9.182;0.098499;0.008974;0.089525;0.003376
9.183;0.099699;0.009423;0.090276;0.002777
9.184;0.092971;0.006237;0.086734;-0.001370
9.185;0.082422;0.000753;0.081668;-0.007652
9.186;0.074535;-0.004825;0.079360;-0.013801
9.187;0.073345;-0.008290;0.081635;-0.017560
9.188;0.077895;-0.008282;0.086177;-0.017542
9.189;0.083880;-0.004811;0.088691;-0.013760
9.190;0.087634;0.000749;0.086885;-0.007614
9.191;0.088784;0.006193;0.082591;-0.001360
9.192;0.089393;0.009339;0.080054;0.002752
9.193;0.090861;0.008877;0.081984;0.003339
9.194;0.091918;0.004882;0.087037;0.000400
9.195;0.089860;-0.001204;0.091065;-0.004682
9.196;0.083847;-0.007109;0.090956;-0.009681
9.197;0.076913;-0.010594;0.087507;-0.012378
9.198;0.074359;-0.010305;0.084665;-0.011417
9.199;0.079551;-0.006293;0.085844;-0.006824
9.200;0.090751;0.000000;0.090751;0.000000
9.201;0.101927;0.006281;0.095647;0.006810
9.202;0.107074;0.010264;0.096811;0.011371
9.203;0.104503;0.010529;0.093974;0.012303
9.204;0.097599;0.007051;0.090549;0.009603
9.205;0.091632;0.001190;0.090442;0.004636
9.206;0.089593;-0.004826;0.094418;-0.000395
9.207;0.090631;-0.008756;0.099387;-0.003292
9.208;0.092073;-0.009191;0.101264;-0.002709
9.209;0.092673;-0.006081;0.098754;0.001336
9.210;0.093805;-0.000731;0.094536;0.007463
9.211;0.097475;0.004711;0.092764;0.013460
9.212;0.103298;0.008091;0.095207;0.017126
9.213;0.107694;0.008084;0.099611;0.017109
9.214;0.106492;0.004697;0.101795;0.013420
9.215;0.098808;-0.000727;0.099534;0.007426
9.216;0.088583;-0.006038;0.094621;0.001327
9.217;0.082088;-0.009109;0.091197;-0.002684
9.218;0.083252;-0.008661;0.091913;-0.003256
9.219;0.090715;-0.004766;0.095481;-0.000390
9.220;0.099056;0.001169;0.097887;0.004567
9.221;0.103056;0.006928;0.096128;0.009442
9.222;0.101332;0.010327;0.091005;0.012072
9.223;0.096432;0.010047;0.086386;0.011135
9.224;0.091758;0.006136;0.085622;0.006655
9.225;0.088458;0.000000;0.088458;0.000000
9.226;0.085164;-0.006123;0.091287;-0.006642
9.227;0.080514;-0.010006;0.090520;-0.011090
9.228;0.075661;-0.010264;0.085925;-0.012000
9.229;0.073980;-0.006871;0.080850;-0.009366
9.230;0.077969;-0.001155;0.079124;-0.004521
9.231;0.086228;0.004711;0.081516;0.000386
9.232;0.093584;0.008542;0.085042;0.003211
9.233;0.094714;0.008965;0.085749;0.002642
9.234;0.088323;0.005929;0.082394;-0.001303
9.235;0.078306;0.000710;0.077597;-0.007279
9.236;0.070810;-0.004600;0.075410;-0.013128
9.237;0.069664;-0.007898;0.077561;-0.016704
9.238;0.073970;-0.007890;0.081860;-0.016687
9.239;0.079653;-0.004586;0.084239;-0.013089
9.240;0.083235;0.000705;0.082530;-0.007243
9.241;0.084355;0.005888;0.078467;-0.001294
9.242;0.084952;0.008885;0.076067;0.002618
9.243;0.086346;0.008450;0.077895;0.003176
9.244;0.087333;0.004653;0.082681;0.000381
9.245;0.085362;-0.001134;0.086496;-0.004454
9.246;0.079646;-0.006751;0.086396;-0.009208
9.247;0.073069;-0.010067;0.083135;-0.011774
9.248;0.070654;-0.009795;0.080449;-0.010860
9.249;0.075587;-0.005982;0.081569;-0.006491
9.250;0.086217;0.000000;0.086217;0.000000
9.251;0.096825;0.005970;0.090855;0.006478
9.252;0.101715;0.009755;0.091960;0.010817
9.253;0.099284;0.010005;0.089279;0.011703
9.254;0.092736;0.006695;0.086041;0.009135
9.255;0.087064;0.001121;0.085943;0.004410
9.256;0.085110;-0.004599;0.089709;-0.000376
9.257;0.086080;-0.008334;0.094414;-0.003132
9.258;0.087448;-0.008745;0.096193;-0.002577
9.259;0.088037;-0.005782;0.093818;0.001271
9.260;0.089138;-0.000689;0.089827;0.007099
9.261;0.092641;0.004491;0.088150;0.012804
9.262;0.098171;0.007708;0.090462;0.016291
9.263;0.102330;0.007701;0.094629;0.016275
9.264;0.101173;0.004478;0.096695;0.012766
9.265;0.093869;-0.000684;0.094554;0.007064
9.266;0.084160;-0.005741;0.089901;0.001262
9.267;0.077991;-0.008666;0.086657;-0.002554
9.268;0.079087;-0.008244;0.087331;-0.003098
9.269;0.086162;-0.004542;0.090704;-0.000371
9.270;0.094078;0.001101;0.092977;0.004344
9.271;0.097886;0.006578;0.091307;0.008981
9.272;0.096267;0.009813;0.086454;0.011483
9.273;0.091625;0.009549;0.082076;0.010592
9.274;0.087181;0.005832;0.081348;0.006331
9.275;0.084027;0.000000;0.084027;0.000000
9.276;0.080879;-0.005820;0.086700;-0.006318
9.277;0.076458;-0.009510;0.085968;-0.010549
9.278;0.071861;-0.009753;0.081614;-0.011415
9.279;0.070282;-0.006524;0.076806;-0.008910
9.280;0.074080;-0.001088;0.075168;-0.004301
9.281;0.081918;0.004490;0.077427;0.000367
9.282;0.088892;0.008131;0.080760;0.003055
9.283;0.089955;0.008529;0.081426;0.002513
9.284;0.083885;0.005637;0.078247;-0.001240
9.285;0.074373;0.000668;0.073705;-0.006924
9.286;0.067248;-0.004385;0.071633;-0.012488
9.287;0.066144;-0.007524;0.073668;-0.015889
9.288;0.070220;-0.007516;0.077736;-0.015873
9.289;0.075615;-0.004372;0.079988;-0.012450
9.290;0.079035;0.000664;0.078370;-0.006889
9.291;0.080123;0.005598;0.074526;-0.001231
9.292;0.080709;0.008453;0.072256;0.002490
9.293;0.082032;0.008044;0.073988;0.003021
9.294;0.082954;0.004435;0.078520;0.000362
9.295;0.081065;-0.001068;0.082134;-0.004237
9.296;0.075632;-0.006410;0.082042;-0.008759
9.297;0.069394;-0.009566;0.078959;-0.011200
9.298;0.067111;-0.009309;0.076420;-0.010330
9.299;0.071798;-0.005686;0.077484;-0.006174
9.300;0.081887;0.000000;0.081887;0.000000
9.301;0.091955;0.005675;0.086280;0.006162
9.302;0.096602;0.009272;0.087330;0.010289
9.303;0.094303;0.009507;0.084796;0.011133
9.304;0.088092;0.006357;0.081734;0.008690
9.305;0.082700;0.001056;0.081645;0.004194
9.306;0.080828;-0.004384;0.085212;-0.000358
9.307;0.081734;-0.007933;0.089668;-0.002979
9.308;0.083033;-0.008320;0.091353;-0.002451
9.309;0.083610;-0.005497;0.089107;0.001209
9.310;0.084682;-0.000648;0.085330;0.006753
9.311;0.088025;0.004281;0.083743;0.012180
9.312;0.093275;0.007343;0.085931;0.015497
9.313;0.097211;0.007336;0.089875;0.015481
9.314;0.096098;0.004269;0.091829;0.012143
9.315;0.089155;-0.000645;0.089800;0.006719
9.316;0.079936;-0.005458;0.085394;0.001201
9.317;0.074076;-0.008245;0.082321;-0.002429
9.318;0.075108;-0.007848;0.082955;-0.002947
9.319;0.081815;-0.004329;0.086144;-0.000353
9.320;0.089328;0.001037;0.088291;0.004132
9.321;0.092953;0.006247;0.086706;0.008543
9.322;0.091432;0.009325;0.082108;0.010923
9.323;0.087035;0.009076;0.077960;0.010075
9.324;0.082809;0.005544;0.077266;0.006022
9.325;0.079796;0.000000;0.079796;0.000000
9.326;0.076788;-0.005533;0.082320;-0.006010
9.327;0.072584;-0.009039;0.081623;-0.010035
9.328;0.068229;-0.009268;0.077497;-0.010858
9.329;0.066747;-0.006195;0.072942;-0.008475
9.330;0.070362;-0.001024;0.071387;-0.004091
9.331;0.077801;0.004280;0.073521;0.000349
9.332;0.084412;0.007740;0.076672;0.002906
9.333;0.085414;0.008115;0.077299;0.002390
9.334;0.079648;0.005360;0.074288;-0.001179
9.335;0.070615;0.000629;0.069986;-0.006586
9.336;0.063843;-0.004180;0.068023;-0.011879
9.337;0.062781;-0.007167;0.069948;-0.015114
9.338;0.066638;-0.007160;0.073798;-0.015099
9.339;0.071761;-0.004168;0.075929;-0.011843
9.340;0.075024;0.000626;0.074399;-0.006553
9.341;0.076083;0.005322;0.070761;-0.001171
9.342;0.076656;0.008042;0.068614;0.002369
9.343;0.077912;0.007656;0.070255;0.002874
9.344;0.078773;0.004227;0.074546;0.000344
9.345;0.076964;-0.001006;0.077970;-0.004030
9.346;0.071799;-0.006087;0.077886;-0.008332
9.347;0.065882;-0.009090;0.074971;-0.010654
9.348;0.063723;-0.008848;0.072571;-0.009827
9.349;0.068177;-0.005405;0.073582;-0.005873
9.350;0.077753;0.000000;0.077753;0.000000
9.351;0.087309;0.005394;0.081915;0.005862
9.352;0.091724;0.008812;0.082912;0.009787
9.353;0.089551;0.009034;0.080517;0.010590
9.354;0.083659;0.006037;0.077622;0.008266
9.355;0.078534;0.000994;0.077540;0.003990
9.356;0.076741;-0.004178;0.080919;-0.000340
9.357;0.077587;-0.007551;0.085138;-0.002834
9.358;0.078820;-0.007915;0.086735;-0.002331
9.359;0.079385;-0.005226;0.084611;0.001150
9.360;0.080426;-0.000611;0.081037;0.006424
9.361;0.083617;0.004081;0.079535;0.011586
9.362;0.088602;0.006995;0.081606;0.014741
9.363;0.092326;0.006989;0.085338;0.014726
9.364;0.091256;0.004070;0.087186;0.011551
9.365;0.084657;-0.000607;0.085264;0.006392
9.366;0.075902;-0.005189;0.081092;0.001142
9.367;0.070336;-0.007844;0.078180;-0.002311
9.368;0.071308;-0.007470;0.078777;-0.002803
9.369;0.077666;-0.004126;0.081792;-0.000336
9.370;0.084797;0.000976;0.083821;0.003931
9.371;0.088248;0.005932;0.082316;0.008127
9.372;0.086820;0.008860;0.077959;0.010391
9.373;0.082654;0.008626;0.074028;0.009584
9.374;0.078636;0.005270;0.073367;0.005728
9.375;0.075757;0.000000;0.075757;0.000000
9.376;0.072882;-0.005259;0.078141;-0.005717
9.377;0.068885;-0.008591;0.077477;-0.009546
9.378;0.064760;-0.008806;0.073567;-0.010328
9.379;0.063368;-0.005883;0.069251;-0.008062
9.380;0.066810;-0.000965;0.067775;-0.003891
9.381;0.073870;0.004079;0.069791;0.000332
9.382;0.080138;0.007367;0.072770;0.002764
9.383;0.081081;0.007720;0.073360;0.002274
9.384;0.075604;0.005096;0.070508;-0.001122
9.385;0.067027;0.000593;0.066434;-0.006265
9.386;0.060590;-0.003985;0.064575;-0.011300
9.387;0.059568;-0.006828;0.066395;-0.014377
9.388;0.063218;-0.006821;0.070039;-0.014363
9.389;0.068082;-0.003973;0.072056;-0.011266
9.390;0.071196;0.000589;0.070607;-0.006234
9.391;0.072225;0.005060;0.067165;-0.001114
9.392;0.072786;0.007651;0.065134;0.002254
9.393;0.073978;0.007288;0.066690;0.002734
9.394;0.074782;0.004028;0.070754;0.000328
9.395;0.073049;-0.000947;0.073996;-0.003834
9.396;0.068140;-0.005780;0.073920;-0.007926
9.397;0.062527;-0.008637;0.071164;-0.010134
9.398;0.060486;-0.008410;0.068896;-0.009347
9.399;0.064718;-0.005138;0.069856;-0.005587
9.400;0.073807;0.000000;0.073807;0.000000
9.401;0.082877;0.005127;0.077749;0.005576
9.402;0.087072;0.008376;0.078697;0.009310
9.403;0.085017;0.008584;0.076433;0.010073
9.404;0.079428;0.005733;0.073696;0.007863
9.405;0.074557;0.000936;0.073621;0.003795
9.406;0.072840;-0.003982;0.076822;-0.000324
9.407;0.073630;-0.007188;0.080817;-0.002696
9.408;0.074800;-0.007530;0.082331;-0.002218
9.409;0.075352;-0.004969;0.080321;0.001094
9.410;0.076364;-0.000575;0.076939;0.006110
9.411;0.079409;0.003891;0.075519;0.011021
9.412;0.084142;0.006664;0.077478;0.014022
9.413;0.087667;0.006657;0.081010;0.014008
9.414;0.086637;0.003880;0.082758;0.010988
9.415;0.080365;-0.000572;0.080937;0.006080
9.416;0.072052;-0.004934;0.076986;0.001086
9.417;0.066764;-0.007463;0.074228;-0.002198
9.418;0.067680;-0.007110;0.074790;-0.002666
9.419;0.073708;-0.003932;0.077640;-0.000320
9.420;0.080476;0.000919;0.079556;0.003739
9.421;0.083761;0.005633;0.078128;0.007730
9.422;0.082420;0.008420;0.074000;0.009884
9.423;0.078474;0.008199;0.070275;0.009117
9.424;0.074654;0.005009;0.069644;0.005449
9.425;0.071902;0.000000;0.071902;0.000000
9.426;0.069156;-0.004999;0.074155;-0.005438
9.427;0.065355;-0.008166;0.073521;-0.009080
9.428;0.061448;-0.008368;0.069816;-0.009825
9.429;0.060140;-0.005586;0.065727;-0.007669
9.430;0.063417;-0.000909;0.064326;-0.003702
9.431;0.070118;0.003887;0.066231;0.000316
9.432;0.076060;0.007013;0.069047;0.002629
9.433;0.076948;0.007345;0.069603;0.002163
9.434;0.071745;0.004845;0.066900;-0.001067
9.435;0.063601;0.000558;0.063042;-0.005960
9.436;0.057483;-0.003799;0.061281;-0.010749
9.437;0.056499;-0.006504;0.063003;-0.013676
9.438;0.059953;-0.006498;0.066451;-0.013662
9.439;0.064572;-0.003788;0.068360;-0.010716
9.440;0.067544;0.000555;0.066990;-0.005930
9.441;0.068543;0.004811;0.063732;-0.001059
9.442;0.069091;0.007279;0.061812;0.002144
9.443;0.070223;0.006937;0.063286;0.002600
9.444;0.070973;0.003839;0.067134;0.000312
9.445;0.069313;-0.000892;0.070206;-0.003647
9.446;0.064647;-0.005489;0.070136;-0.007539
9.447;0.059323;-0.008207;0.067531;-0.009640
9.448;0.057394;-0.007993;0.065387;-0.008891
9.449;0.061415;-0.004884;0.066299;-0.005314
9.450;0.070042;0.000000;0.070042;0.000000
9.451;0.078650;0.004874;0.073777;0.005304
9.452;0.082637;0.007961;0.074676;0.008856
9.453;0.080694;0.008157;0.072537;0.009582
9.454;0.075393;0.005444;0.069949;0.007479
9.455;0.070763;0.000882;0.069881;0.003610
9.456;0.069118;-0.003795;0.072913;-0.000308
9.457;0.069855;-0.006842;0.076697;-0.002564
9.458;0.070966;-0.007164;0.078130;-0.002110
9.459;0.071506;-0.004724;0.076230;0.001041
9.460;0.072488;-0.000542;0.073030;0.005812
9.461;0.075394;0.003709;0.071685;0.010483
9.462;0.079888;0.006348;0.073540;0.013338
9.463;0.083224;0.006342;0.076882;0.013325
9.464;0.082233;0.003698;0.078535;0.010452
9.465;0.076272;-0.000538;0.076811;0.005783
9.466;0.068378;-0.004691;0.073069;0.001033
9.467;0.063355;-0.007100;0.070456;-0.002091
9.468;0.064217;-0.006768;0.070985;-0.002536
9.469;0.069932;-0.003748;0.073680;-0.000304
9.470;0.076356;0.000866;0.075490;0.003557
9.471;0.079483;0.005349;0.074134;0.007353
9.472;0.078224;0.008001;0.070223;0.009402
9.473;0.074486;0.007793;0.066693;0.008672
9.474;0.070854;0.004761;0.066092;0.005183
9.475;0.068225;0.000000;0.068225;0.000000
9.476;0.065600;-0.004752;0.070352;-0.005173
9.477;0.061987;-0.007761;0.069748;-0.008637
9.478;0.058285;-0.007952;0.066237;-0.009346
9.479;0.057058;-0.005305;0.062363;-0.007295
9.480;0.060178;-0.000856;0.061033;-0.003521
9.481;0.066538;0.003705;0.062833;0.000300
9.482;0.072171;0.006675;0.065496;0.002501
9.483;0.073007;0.006988;0.066019;0.002058
9.484;0.068065;0.004607;0.063458;-0.001015
9.485;0.060331;0.000526;0.059805;-0.005669
9.486;0.054516;-0.003621;0.058137;-0.010224
9.487;0.053570;-0.006196;0.059766;-0.013009
9.488;0.056839;-0.006190;0.063028;-0.012996
9.489;0.061225;-0.003611;0.064835;-0.010194
9.490;0.064061;0.000522;0.063539;-0.005641
9.491;0.065031;0.004574;0.060456;-0.001008
9.492;0.065566;0.006926;0.058640;0.002039
9.493;0.066640;0.006603;0.060037;0.002474
9.494;0.067340;0.003659;0.063681;0.000296
9.495;0.065750;-0.000840;0.066591;-0.003469
9.496;0.061315;-0.005212;0.066527;-0.007172
9.497;0.056265;-0.007799;0.064064;-0.009170
9.498;0.054441;-0.007597;0.062038;-0.008458
9.499;0.058262;-0.004642;0.062904;-0.005055
9.500;0.066450;0.000000;0.066450;0.000000
9.501;0.074621;0.004633;0.069988;0.005045
9.502;0.078409;0.007567;0.070843;0.008424
9.503;0.076572;0.007752;0.068821;0.009115
9.504;0.071544;0.005169;0.066374;0.007115
9.505;0.067143;0.000830;0.066312;0.003434
9.506;0.065568;-0.003617;0.069184;-0.000293
9.507;0.066255;-0.006512;0.072768;-0.002439
9.508;0.067310;-0.006816;0.074126;-0.002007
9.509;0.067837;-0.004492;0.072329;0.000990
9.510;0.068790;-0.000510;0.069301;0.005529
9.511;0.071564;0.003535;0.068028;0.009972
9.512;0.075831;0.006047;0.069784;0.012688
9.513;0.078987;0.006041;0.072946;0.012675
9.514;0.078035;0.003525;0.074510;0.009942
9.515;0.072369;-0.000507;0.072876;0.005501
9.516;0.064873;-0.004460;0.069333;0.000983
9.517;0.060102;-0.006755;0.066857;-0.001989
9.518;0.060914;-0.006442;0.067356;-0.002412
9.519;0.066331;-0.003572;0.069903;-0.000289
9.520;0.072428;0.000816;0.071613;0.003383
9.521;0.075406;0.005079;0.070327;0.006995
9.522;0.074224;0.007603;0.066621;0.008943
9.523;0.070683;0.007407;0.063276;0.008249
9.524;0.067229;0.004526;0.062703;0.004930
9.525;0.064717;0.000000;0.064717;0.000000
9.526;0.062210;-0.004517;0.066727;-0.004921
9.527;0.058774;-0.007377;0.066151;-0.008216
9.528;0.055268;-0.007556;0.062824;-0.008890
9.529;0.054116;-0.005038;0.059153;-0.006939
9.530;0.057086;-0.000806;0.057892;-0.003349
9.531;0.063122;0.003531;0.059592;0.000286
9.532;0.068462;0.006354;0.062109;0.002379
9.533;0.069250;0.006648;0.062601;0.001957
9.534;0.064556;0.004380;0.060176;-0.000965
9.535;0.057211;0.000495;0.056716;-0.005392
9.536;0.051684;-0.003452;0.055136;-0.009726
9.537;0.050775;-0.005902;0.056677;-0.012375
9.538;0.053868;-0.005896;0.059764;-0.012362
9.539;0.058033;-0.003442;0.061474;-0.009697
9.540;0.060740;0.000492;0.060248;-0.005366
9.541;0.061680;0.004349;0.057331;-0.000959
9.542;0.062202;0.006589;0.055613;0.001940
9.543;0.063222;0.006285;0.056937;0.002353
9.544;0.063875;0.003487;0.060388;0.000282
9.545;0.062353;-0.000791;0.063144;-0.003300
9.546;0.058137;-0.004950;0.063087;-0.006822
9.547;0.053347;-0.007411;0.060758;-0.008723
9.548;0.051622;-0.007221;0.058843;-0.008045
9.549;0.055253;-0.004413;0.059666;-0.004809
9.550;0.063025;0.000000;0.063025;0.000000
9.551;0.070781;0.004404;0.066377;0.004799
9.552;0.074381;0.007192;0.067189;0.008013
9.553;0.072644;0.007366;0.065278;0.008670
9.554;0.067874;0.004909;0.062965;0.006768
9.555;0.063691;0.000782;0.062909;0.003267
9.556;0.062183;-0.003447;0.065629;-0.000279
9.557;0.062824;-0.006199;0.069023;-0.002320
9.558;0.063825;-0.006485;0.070310;-0.001909
9.559;0.064339;-0.004271;0.068610;0.000942
9.560;0.065264;-0.000480;0.065745;0.005259
9.561;0.067911;0.003370;0.064541;0.009486
9.562;0.071963;0.005760;0.066202;0.012069
9.563;0.074950;0.005755;0.069195;0.012057
9.564;0.074034;0.003360;0.070674;0.009457
9.565;0.068649;-0.000478;0.069126;0.005233
9.566;0.061530;-0.004241;0.065771;0.000935
9.567;0.056999;-0.006427;0.063426;-0.001892
9.568;0.057763;-0.006132;0.063895;-0.002295
9.569;0.062899;-0.003404;0.066303;-0.000275
9.570;0.068686;0.000768;0.067918;0.003218
9.571;0.071521;0.004824;0.066697;0.006654
9.572;0.070411;0.007225;0.063186;0.008507
9.573;0.067057;0.007040;0.060017;0.007847
9.574;0.063773;0.004302;0.059471;0.004690
9.575;0.061373;0.000000;0.061373;0.000000
9.576;0.058978;-0.004294;0.063271;-0.004681
9.577;0.055711;-0.007012;0.062723;-0.007815
9.578;0.052389;-0.007181;0.059570;-0.008456
9.579;0.051308;-0.004784;0.056092;-0.006601
9.580;0.054136;-0.000759;0.054894;-0.003186
9.581;0.059865;0.003365;0.056501;0.000272
9.582;0.064928;0.006048;0.058880;0.002263
9.583;0.065669;0.006325;0.059344;0.001862
9.584;0.061211;0.004164;0.057046;-0.000918
9.585;0.054236;0.000466;0.053770;-0.005129
9.586;0.048983;-0.003290;0.052273;-0.009251
9.587;0.048109;-0.005622;0.053731;-0.011771
9.588;0.051036;-0.005616;0.056653;-0.011759
9.589;0.054991;-0.003280;0.058271;-0.009224
9.590;0.057574;0.000463;0.057110;-0.005104
9.591;0.058486;0.004135;0.054351;-0.000912
9.592;0.058994;0.006269;0.052726;0.001845
9.593;0.059962;0.005982;0.053980;0.002238
9.594;0.060571;0.003323;0.057249;0.000268
9.595;0.059114;-0.000745;0.059859;-0.003139
9.596;0.055107;-0.004701;0.059808;-0.006489
9.597;0.050563;-0.007043;0.057606;-0.008297
9.598;0.048933;-0.006864;0.055797;-0.007653
9.599;0.052383;-0.004195;0.056578;-0.004574
9.600;0.059760;0.000000;0.059760;0.000000
9.601;0.067122;0.004186;0.062936;0.004565
9.602;0.070543;0.006836;0.063707;0.007622
9.603;0.068900;0.007000;0.061901;0.008248
9.604;0.064376;0.004662;0.059714;0.006438
9.605;0.060400;0.000736;0.059663;0.003107
9.606;0.058956;-0.003284;0.062240;-0.000265
9.607;0.059554;-0.005900;0.065454;-0.002207
9.608;0.060505;-0.006169;0.066674;-0.001816
9.609;0.061005;-0.004060;0.065066;0.000896
9.610;0.061902;-0.000452;0.062355;0.005003
9.611;0.064428;0.003212;0.061216;0.009023
9.612;0.068275;0.005487;0.062788;0.011481
9.613;0.071102;0.005481;0.065620;0.011469
9.614;0.070222;0.003203;0.067019;0.008996
9.615;0.065104;-0.000450;0.065553;0.004978
9.616;0.058344;-0.004032;0.062376;0.000889
9.617;0.054039;-0.006114;0.060154;-0.001799
9.618;0.054759;-0.005836;0.060595;-0.002183
9.619;0.059628;-0.003244;0.062872;-0.000262
9.620;0.065121;0.000723;0.064398;0.003061
9.621;0.067820;0.004581;0.063239;0.006329
9.622;0.066778;0.006865;0.059913;0.008092
9.623;0.063601;0.006692;0.056909;0.007464
9.624;0.060478;0.004090;0.056389;0.004461
9.625;0.058186;0.000000;0.058186;0.000000
9.626;0.055897;-0.004082;0.059979;-0.004452
9.627;0.052791;-0.006664;0.059456;-0.007434
9.628;0.049645;-0.006824;0.056468;-0.008044
9.629;0.048630;-0.004543;0.053173;-0.006279
9.630;0.051322;-0.000715;0.052036;-0.003031
9.631;0.056760;0.003206;0.053554;0.000259
9.632;0.061560;0.005756;0.055803;0.002153
9.633;0.062258;0.006018;0.056240;0.001771
9.634;0.058023;0.003959;0.054063;-0.000874
9.635;0.051400;0.000439;0.050961;-0.004879
9.636;0.046407;-0.003136;0.049543;-0.008800
9.637;0.045567;-0.005355;0.050922;-0.011197
9.638;0.048337;-0.005350;0.053687;-0.011186
9.639;0.052092;-0.003127;0.055219;-0.008774
9.640;0.054557;0.000436;0.054121;-0.004855
9.641;0.055441;0.003931;0.051509;-0.000867
9.642;0.055936;0.005964;0.049973;0.001755
9.643;0.056855;0.005694;0.051161;0.002129
9.644;0.057423;0.003166;0.054257;0.000255
9.645;0.056028;-0.000702;0.056730;-0.002986
9.646;0.052219;-0.004464;0.056683;-0.006173
9.647;0.047909;-0.006693;0.054602;-0.007893
9.648;0.046368;-0.006524;0.052892;-0.007280
9.649;0.049646;-0.003987;0.053634;-0.004351
9.650;0.056649;0.000000;0.056649;0.000000
9.651;0.063636;0.003979;0.059657;0.004342
9.652;0.066887;0.006497;0.060389;0.007251
9.653;0.065334;0.006652;0.058682;0.007845
9.654;0.061043;0.004427;0.056615;0.006124
9.655;0.057263;0.000694;0.056570;0.002956
9.656;0.055881;-0.003130;0.059011;-0.000252
9.657;0.056438;-0.005616;0.062054;-0.002099
9.658;0.057341;-0.005869;0.063210;-0.001727
9.659;0.057829;-0.003861;0.061689;0.000852
9.660;0.058698;-0.000426;0.059124;0.004759
9.661;0.061108;0.003061;0.058046;0.008583
9.662;0.064761;0.005226;0.059535;0.010921
9.663;0.067436;0.005221;0.062215;0.010910
9.664;0.066591;0.003053;0.063538;0.008557
9.665;0.061726;-0.000424;0.062149;0.004735
9.666;0.055307;-0.003833;0.059140;0.000846
9.667;0.051218;-0.005817;0.057035;-0.001712
9.668;0.051896;-0.005555;0.057451;-0.002076
9.669;0.056512;-0.003091;0.059603;-0.000249
9.670;0.061726;0.000681;0.061045;0.002912
9.671;0.064295;0.004350;0.059945;0.006020
9.672;0.063317;0.006524;0.056793;0.007698
9.673;0.060308;0.006360;0.053947;0.007100
9.674;0.057339;0.003888;0.053451;0.004244
9.675;0.055148;0.000000;0.055148;0.000000
9.676;0.052962;-0.003880;0.056842;-0.004235
9.677;0.050009;-0.006335;0.056344;-0.007072
9.678;0.047028;-0.006484;0.053513;-0.007652
9.679;0.046076;-0.004314;0.050391;-0.005972
9.680;0.048639;-0.000673;0.049312;-0.002883
9.681;0.053801;0.003055;0.050745;0.000246
9.682;0.058351;0.005479;0.052872;0.002048
9.683;0.059008;0.005725;0.053283;0.001685
9.684;0.054986;0.003764;0.051221;-0.000831
9.685;0.048697;0.000413;0.048283;-0.004641
9.686;0.043951;-0.002989;0.046940;-0.008371
9.687;0.043143;-0.005101;0.048244;-0.010651
9.688;0.045765;-0.005096;0.050861;-0.010640
9.689;0.049331;-0.002980;0.052311;-0.008346
9.690;0.051683;0.000411;0.051272;-0.004618
9.691;0.052539;0.003738;0.048801;-0.000825
9.692;0.053022;0.005674;0.047348;0.001669
9.693;0.053894;0.005420;0.048474;0.002025
9.694;0.054423;0.003017;0.051406;0.000243
9.695;0.053087;-0.000661;0.053749;-0.002840
9.696;0.049467;-0.004239;0.053706;-0.005872
9.697;0.045379;-0.006360;0.051739;-0.007508
9.698;0.043922;-0.006201;0.050123;-0.006925
9.699;0.047038;-0.003790;0.050828;-0.004139
9.700;0.053684;0.000000;0.053684;0.000000
9.701;0.060317;0.003783;0.056534;0.004131
9.702;0.063406;0.006176;0.057230;0.006897
9.703;0.061938;0.006321;0.055617;0.007463
9.704;0.057867;0.004204;0.053663;0.005825
9.705;0.054275;0.000653;0.053622;0.002812
9.706;0.052951;-0.002983;0.055934;-0.000240
9.707;0.053471;-0.005345;0.058816;-0.001997
9.708;0.054328;-0.005584;0.059912;-0.001643
9.709;0.054803;-0.003671;0.058473;0.000810
9.710;0.055645;-0.000401;0.056046;0.004527
9.711;0.057944;0.002918;0.055026;0.008164
9.712;0.061413;0.004978;0.056435;0.010388
9.713;0.063945;0.004973;0.058971;0.010378
9.714;0.063133;0.002910;0.060223;0.008140
9.715;0.058509;-0.000399;0.058907;0.004504
9.716;0.052413;-0.003645;0.056058;0.000805
9.717;0.048530;-0.005534;0.054064;-0.001628
9.718;0.049168;-0.005288;0.054455;-0.001975
9.719;0.053544;-0.002945;0.056490;-0.000237
9.720;0.058493;0.000642;0.057852;0.002770
9.721;0.060939;0.004131;0.056808;0.005727
9.722;0.060022;0.006200;0.053822;0.007322
9.723;0.057170;0.006046;0.051125;0.006754
9.724;0.054347;0.003696;0.050652;0.004037
9.725;0.052255;0.000000;0.052255;0.000000
9.726;0.050167;-0.003688;0.053855;-0.004029
9.727;0.047359;-0.006021;0.053380;-0.006727
9.728;0.044535;-0.006162;0.050697;-0.007278
9.729;0.043642;-0.004097;0.047740;-0.005681
9.730;0.046082;-0.000634;0.046716;-0.002742
9.731;0.050981;0.002912;0.048070;0.000234
9.732;0.055295;0.005215;0.050080;0.001948
9.733;0.055914;0.005447;0.050467;0.001602
9.734;0.052093;0.003579;0.048514;-0.000790
9.735;0.046121;0.000389;0.045732;-0.004415
9.736;0.041611;-0.002849;0.044459;-0.007963
9.737;0.040835;-0.004859;0.045693;-0.010132
9.738;0.043316;-0.004854;0.048170;-0.010121
9.739;0.046702;-0.002841;0.049542;-0.007939
9.740;0.048946;0.000387;0.048559;-0.004393
9.741;0.049775;0.003554;0.046221;-0.000785
9.742;0.050245;0.005398;0.044847;0.001588
9.743;0.051073;0.005159;0.045914;0.001926
9.744;0.051566;0.002875;0.048691;0.000231
9.745;0.050287;-0.000623;0.050910;-0.002701
9.746;0.046846;-0.004026;0.050872;-0.005585
9.747;0.042968;-0.006044;0.049012;-0.007142
9.748;0.041591;-0.005894;0.047485;-0.006587
9.749;0.044552;-0.003603;0.048155;-0.003937
9.750;0.050861;0.000000;0.050861;0.000000
9.751;0.057156;0.003596;0.053561;0.003929
9.752;0.060092;0.005870;0.054222;0.006561
9.753;0.058704;0.006007;0.052697;0.007099
9.754;0.054843;0.003993;0.050850;0.005541
9.755;0.051428;0.000615;0.050813;0.002675
9.756;0.050161;-0.002842;0.053004;-0.000228
9.757;0.050645;-0.005088;0.055733;-0.001900
9.758;0.051459;-0.005313;0.056772;-0.001563
9.759;0.051921;-0.003490;0.055411;0.000771
9.760;0.052736;-0.000378;0.053114;0.004306
9.761;0.054931;0.002781;0.052149;0.007766
9.762;0.058225;0.004742;0.053483;0.009881
9.763;0.060620;0.004737;0.055883;0.009872
9.764;0.059840;0.002773;0.057067;0.007743
9.765;0.055445;-0.000376;0.055821;0.004285
9.766;0.049657;-0.003465;0.053122;0.000766
9.767;0.045968;-0.005265;0.051233;-0.001549
9.768;0.046569;-0.005033;0.051602;-0.001879
9.769;0.050719;-0.002807;0.053525;-0.000225
9.770;0.055416;0.000604;0.054812;0.002635
9.771;0.057744;0.003923;0.053821;0.005448
9.772;0.056884;0.005892;0.050992;0.006965
9.773;0.054183;0.005746;0.048436;0.006424
9.774;0.051499;0.003513;0.047986;0.003840
9.775;0.049500;0.000000;0.049500;0.000000
9.776;0.047505;-0.003506;0.051011;-0.003832
9.777;0.044835;-0.005723;0.050558;-0.006399
9.778;0.042161;-0.005856;0.048016;-0.006924
9.779;0.041323;-0.003891;0.045214;-0.005404
9.780;0.043645;-0.000597;0.044242;-0.002609
9.781;0.048296;0.002774;0.045521;0.000222
9.782;0.052386;0.004964;0.047422;0.001853
9.783;0.052969;0.005182;0.047787;0.001524
9.784;0.049339;0.003403;0.045936;-0.000752
9.785;0.043669;0.000367;0.043302;-0.004200
9.786;0.039381;-0.002715;0.042096;-0.007575
9.787;0.038636;-0.004628;0.043263;-0.009638
9.788;0.040984;-0.004623;0.045607;-0.009628
9.789;0.044199;-0.002707;0.046906;-0.007552
9.790;0.046341;0.000365;0.045976;-0.004179
9.791;0.047143;0.003379;0.043764;-0.000747
9.792;0.047600;0.005135;0.042464;0.001511
9.793;0.048386;0.004910;0.043476;0.001832
9.794;0.048845;0.002740;0.046105;0.000220
9.795;0.047621;-0.000586;0.048208;-0.002570
9.796;0.044350;-0.003823;0.048174;-0.005313
9.797;0.040672;-0.005744;0.046416;-0.006793
9.798;0.039370;-0.005602;0.044972;-0.006266
9.799;0.042184;-0.003425;0.045609;-0.003745
9.800;0.048172;0.000000;0.048172;0.000000
9.801;0.054148;0.003418;0.050730;0.003738
9.802;0.056938;0.005580;0.051358;0.006241
9.803;0.055626;0.005708;0.049918;0.006753
9.804;0.051964;0.003792;0.048172;0.005271
9.805;0.048718;0.000579;0.048138;0.002544
9.806;0.047505;-0.002708;0.050214;-0.000217
9.807;0.047956;-0.004843;0.052798;-0.001807
9.808;0.048728;-0.005054;0.053783;-0.001487
9.809;0.049178;-0.003318;0.052496;0.000733
9.810;0.049967;-0.000356;0.050323;0.004096
9.811;0.052061;0.002651;0.049410;0.007388
9.812;0.055188;0.004517;0.050672;0.009400
9.813;0.057455;0.004512;0.052943;0.009390
9.814;0.056707;0.002643;0.054064;0.007365
9.815;0.052529;-0.000354;0.052883;0.004076
9.816;0.047033;-0.003295;0.050327;0.000728
9.817;0.043529;-0.005009;0.048538;-0.001473
9.818;0.044095;-0.004790;0.048885;-0.001787
9.819;0.048029;-0.002675;0.050703;-0.000214
9.820;0.052487;0.000569;0.051918;0.002506
9.821;0.054704;0.003726;0.050978;0.005182
9.822;0.053897;0.005599;0.048298;0.006626
9.823;0.051338;0.005462;0.045876;0.006111
9.824;0.048786;0.003340;0.045447;0.003653
9.825;0.046877;0.000000;0.046877;0.000000
9.826;0.044971;-0.003333;0.048304;-0.003645
9.827;0.042433;-0.005440;0.047873;-0.006087
9.828;0.039899;-0.005565;0.045464;-0.006586
9.829;0.039114;-0.003695;0.042809;-0.005141
9.830;0.041325;-0.000562;0.041887;-0.002481
9.831;0.045739;0.002644;0.043095;0.000212
9.832;0.049617;0.004725;0.044892;0.001762
9.833;0.050165;0.004930;0.045235;0.001450
9.834;0.046718;0.003236;0.043482;-0.000715
9.835;0.041333;0.000345;0.040988;-0.003995
9.836;0.037258;-0.002588;0.039846;-0.007205
9.837;0.036542;-0.004408;0.040950;-0.009168
9.838;0.038764;-0.004404;0.043168;-0.009158
9.839;0.041817;-0.002580;0.044397;-0.007184
9.840;0.043861;0.000343;0.043518;-0.003975
9.841;0.044638;0.003213;0.041425;-0.000710
9.842;0.045081;0.004886;0.040195;0.001437
9.843;0.045828;0.004673;0.041154;0.001743
9.844;0.046255;0.002611;0.043644;0.000209
9.845;0.045084;-0.000552;0.045636;-0.002444
9.846;0.041975;-0.003631;0.045606;-0.005054
9.847;0.038486;-0.005458;0.043944;-0.006462
9.848;0.037255;-0.005325;0.042580;-0.005960
9.849;0.039929;-0.003256;0.043185;-0.003562
9.850;0.045613;0.000000;0.045613;0.000000
9.851;0.051286;0.003249;0.048037;0.003555
9.852;0.053937;0.005304;0.048633;0.005936
9.853;0.052697;0.005425;0.047272;0.006423
9.854;0.049223;0.003601;0.045621;0.005014
9.855;0.046138;0.000546;0.045592;0.002420
9.856;0.044977;-0.002581;0.047558;-0.000206
9.857;0.045397;-0.004609;0.050006;-0.001719
9.858;0.046130;-0.004808;0.050939;-0.001414
9.859;0.046567;-0.003155;0.049722;0.000698
9.860;0.047330;-0.000335;0.047665;0.003896
9.861;0.049328;0.002526;0.046802;0.007027
9.862;0.052298;0.004302;0.047996;0.008941
9.863;0.054444;0.004298;0.050146;0.008932
9.864;0.053724;0.002519;0.051206;0.007006
9.865;0.049754;-0.000333;0.050087;0.003877
9.866;0.044534;-0.003133;0.047667;0.000693
9.867;0.041207;-0.004766;0.045972;-0.001401
9.868;0.041739;-0.004559;0.046299;-0.001700
9.869;0.045469;-0.002548;0.048018;-0.000204
9.870;0.049701;0.000536;0.049165;0.002384
9.871;0.051812;0.003539;0.048273;0.004929
9.872;0.051054;0.005321;0.045734;0.006302
9.873;0.048631;0.005192;0.043439;0.005813
9.874;0.046204;0.003175;0.043030;0.003475
9.875;0.044381;0.000000;0.044381;0.000000
9.876;0.042561;-0.003168;0.045729;-0.003468
9.877;0.040147;-0.005171;0.045318;-0.005790
9.878;0.037747;-0.005288;0.043035;-0.006265
9.879;0.037010;-0.003510;0.040520;-0.004890
9.880;0.039115;-0.000529;0.039645;-0.002360
9.881;0.043305;0.002519;0.040786;0.000201
9.882;0.046982;0.004497;0.042485;0.001676
9.883;0.047498;0.004690;0.042808;0.001379
9.884;0.044224;0.003076;0.041147;-0.000680
9.885;0.039110;0.000325;0.038785;-0.003800
9.886;0.035237;-0.002466;0.037703;-0.006854
9.887;0.034550;-0.004198;0.038748;-0.008720
9.888;0.036653;-0.004194;0.040847;-0.008712
9.889;0.039552;-0.002459;0.042011;-0.006833
9.890;0.041502;0.000323;0.041178;-0.003781
9.891;0.042253;0.003055;0.039198;-0.000676
9.892;0.042684;0.004648;0.038036;0.001367
9.893;0.043393;0.004448;0.038944;0.001658
9.894;0.043790;0.002488;0.041303;0.000199
9.895;0.042669;-0.000520;0.043189;-0.002325
9.896;0.039714;-0.003449;0.043163;-0.004807
9.897;0.036405;-0.005187;0.041592;-0.006147
9.898;0.035241;-0.005062;0.040303;-0.005670
9.899;0.037782;-0.003095;0.040878;-0.003389
9.900;0.043178;0.000000;0.043178;0.000000
9.901;0.048563;0.003089;0.045474;0.003382
9.902;0.051082;0.005041;0.046041;0.005647
9.903;0.049910;0.005155;0.044755;0.006110
9.904;0.046615;0.003420;0.043194;0.004769
9.905;0.043682;0.000514;0.043168;0.002302
9.906;0.042572;-0.002459;0.045031;-0.000196
9.907;0.042962;-0.004387;0.047349;-0.001635
9.908;0.043658;-0.004575;0.048233;-0.001345
9.909;0.044082;-0.003000;0.047082;0.000664
9.910;0.044821;-0.000316;0.045137;0.003706
9.911;0.046727;0.002408;0.044320;0.006685
9.912;0.049548;0.004097;0.045450;0.008505
9.913;0.051578;0.004093;0.047485;0.008497
9.914;0.050888;0.002401;0.048487;0.006665
9.915;0.047114;-0.000314;0.047428;0.003688
9.916;0.042157;-0.002979;0.045136;0.000659
9.917;0.038996;-0.004534;0.043530;-0.001333
9.918;0.039498;-0.004340;0.043837;-0.001617
9.919;0.043034;-0.002428;0.045463;-0.000194
9.920;0.047052;0.000505;0.046547;0.002268
9.921;0.049061;0.003361;0.045700;0.004689
9.922;0.048350;0.005057;0.043294;0.005995
9.923;0.046054;0.004935;0.041120;0.005530
9.924;0.043747;0.003018;0.040730;0.003305
9.925;0.042006;0.000000;0.042006;0.000000
9.926;0.040267;-0.003012;0.043279;-0.003298
9.927;0.037972;-0.004915;0.042887;-0.005508
9.928;0.035699;-0.005026;0.040725;-0.005959
9.929;0.035008;-0.003333;0.038341;-0.004651
9.930;0.037012;-0.000499;0.037511;-0.002245
9.931;0.040989;0.002400;0.038589;0.000192
9.932;0.044475;0.004280;0.040195;0.001595
9.933;0.044961;0.004462;0.040499;0.001312
9.934;0.041851;0.002925;0.038926;-0.000647
9.935;0.036995;0.000306;0.036689;-0.003615
9.936;0.033314;-0.002350;0.035665;-0.006520
9.937;0.032654;-0.003999;0.036653;-0.008295
9.938;0.034644;-0.003995;0.038639;-0.008287
9.939;0.037397;-0.002344;0.039741;-0.006500
9.940;0.039258;0.000304;0.038953;-0.003597
9.941;0.039984;0.002905;0.037080;-0.000643
9.942;0.040403;0.004422;0.035980;0.001300
9.943;0.041075;0.004234;0.036842;0.001577
9.944;0.041446;0.002370;0.039075;0.000189
9.945;0.040373;-0.000490;0.040862;-0.002212
9.946;0.037564;-0.003275;0.040839;-0.004573
9.947;0.034425;-0.004929;0.039354;-0.005847
9.948;0.033325;-0.004811;0.038136;-0.005393
9.949;0.035740;-0.002942;0.038682;-0.003223
9.950;0.040862;0.000000;0.040862;0.000000
9.951;0.045973;0.002936;0.043037;0.003217
9.952;0.048368;0.004792;0.043576;0.005372
9.953;0.047260;0.004899;0.042360;0.005812
9.954;0.044134;0.003248;0.040885;0.004537
9.955;0.041346;0.000484;0.040862;0.002190
9.956;0.040284;-0.002343;0.042627;-0.000187
9.957;0.040647;-0.004176;0.044822;-0.001555
9.958;0.041308;-0.004352;0.045660;-0.001280
9.959;0.041719;-0.002852;0.044572;0.000631
9.960;0.042434;-0.000297;0.042731;0.003526
9.961;0.044252;0.002294;0.041958;0.006359
9.962;0.046931;0.003903;0.043028;0.008090
9.963;0.048852;0.003899;0.044953;0.008082
9.964;0.048189;0.002288;0.045902;0.006340
9.965;0.044603;-0.000295;0.044898;0.003508
9.966;0.039896;-0.002832;0.042728;0.000627
9.967;0.036893;-0.004313;0.041207;-0.001268
9.968;0.037366;-0.004130;0.041496;-0.001538
9.969;0.040719;-0.002314;0.043032;-0.000184
9.970;0.044532;0.000475;0.044057;0.002157
9.971;0.046445;0.003192;0.043253;0.004460
9.972;0.045779;0.004805;0.040973;0.005703
9.973;0.043604;0.004691;0.038913;0.005260
9.974;0.041410;0.002869;0.038541;0.003144
9.975;0.039747;0.000000;0.039747;0.000000
9.976;0.038086;-0.002863;0.040949;-0.003138
9.977;0.035904;-0.004672;0.040576;-0.005239
9.978;0.033751;-0.004776;0.038527;-0.005669
9.979;0.033103;-0.003166;0.036269;-0.004425
9.980;0.035011;-0.000470;0.035480;-0.002136
9.981;0.038786;0.002287;0.036499;0.000182
9.982;0.042091;0.004074;0.038018;0.001517
9.983;0.042549;0.004245;0.038304;0.001248
9.984;0.039595;0.002781;0.036814;-0.000616
9.985;0.034984;0.000288;0.034695;-0.003438
9.986;0.031485;-0.002240;0.033725;-0.006202
9.987;0.030851;-0.003809;0.034660;-0.007891
9.988;0.032735;-0.003805;0.036540;-0.007883
9.989;0.035349;-0.002233;0.037583;-0.006183
9.990;0.037124;0.000287;0.036838;-0.003421
9.991;0.037827;0.002762;0.035065;-0.000611
9.992;0.038232;0.004207;0.034025;0.001237
9.993;0.038871;0.004030;0.034842;0.001500
9.994;0.039215;0.002258;0.036957;0.000180
9.995;0.038189;-0.000461;0.038650;-0.002104
9.996;0.035519;-0.003111;0.038630;-0.004350
9.997;0.032541;-0.004685;0.037226;-0.005562
9.998;0.031502;-0.004573;0.036075;-0.005130
9.999;0.033797;-0.002797;0.036594;-0.003066
10.000;0.038659;0.000000;0.038659;0.000000
